-- phpMyAdmin SQL Dump
-- version 4.8.4
-- https://www.phpmyadmin.net/
--
-- Host: localhost
-- Generation Time: May 04, 2019 at 04:31 PM
-- Server version: 5.7.25-0ubuntu0.16.04.2
-- PHP Version: 7.2.16-1+ubuntu16.04.1+deb.sury.org+1

SET SQL_MODE = "NO_AUTO_VALUE_ON_ZERO";
SET AUTOCOMMIT = 0;
START TRANSACTION;
SET time_zone = "+00:00";


/*!40101 SET @OLD_CHARACTER_SET_CLIENT=@@CHARACTER_SET_CLIENT */;
/*!40101 SET @OLD_CHARACTER_SET_RESULTS=@@CHARACTER_SET_RESULTS */;
/*!40101 SET @OLD_COLLATION_CONNECTION=@@COLLATION_CONNECTION */;
/*!40101 SET NAMES utf8mb4 */;

--
-- Database: `sinharajaecolodge`
--

-- --------------------------------------------------------

--
-- Table structure for table `abouts`
--

CREATE TABLE `abouts` (
  `id` int(10) UNSIGNED NOT NULL,
  `title` text COLLATE utf8mb4_unicode_ci,
  `description` text COLLATE utf8mb4_unicode_ci,
  `image` text COLLATE utf8mb4_unicode_ci,
  `created_at` timestamp NULL DEFAULT NULL,
  `updated_at` timestamp NULL DEFAULT NULL
) ENGINE=InnoDB DEFAULT CHARSET=utf8mb4 COLLATE=utf8mb4_unicode_ci;

--
-- Dumping data for table `abouts`
--

INSERT INTO `abouts` (`id`, `title`, `description`, `image`, `created_at`, `updated_at`) VALUES
(1, 'About test', 'hiuhuihiuhiuhiuh guygighiuhuihiuhiuhiuh guygighiuhuihiuhiuhiuh guygighiuhuihiuhiuhiuh guygighiuhuihiuhiuhiuh guygighiuhuihiuhiuhiuh guygighiuhuihiuhiuhiuh guygighiuhuihiuhiuhiuh guygighiuhuihiuhiuhiuh guygighiuhuihiuhiuhiuh guygighiuhuihiuhiuhiuh guygighiuhuihiuhi\r\n\r\nuhiuh guygighiuhuihiuhiuhiuh guygighiuhuihiuhiuhiuh guygighiuhuihiuhiuhiuh guygighiuhuihiuhiuhiuh guygighiuhuihiuhiuhiuh guygig\r\n\r\nuhiuh guygighiuhuihiuhiuhiuh guygighiuhuihiuhiuhiuh guygighiuhuihiuhiuhiuh guygighiuhuihiuhiuhiuh guygighiuhuihiuhiuhiuh guygig', '1556949674pexels-photo-963044.jpeg', '2019-03-29 10:32:00', '2019-05-04 00:31:14');

-- --------------------------------------------------------

--
-- Table structure for table `about_forests`
--

CREATE TABLE `about_forests` (
  `id` int(10) UNSIGNED NOT NULL,
  `description` longtext COLLATE utf8mb4_unicode_ci,
  `created_at` timestamp NULL DEFAULT NULL,
  `updated_at` timestamp NULL DEFAULT NULL
) ENGINE=InnoDB DEFAULT CHARSET=utf8mb4 COLLATE=utf8mb4_unicode_ci;

--
-- Dumping data for table `about_forests`
--

INSERT INTO `about_forests` (`id`, `description`, `created_at`, `updated_at`) VALUES
(1, '<p><img src=\"data:image/png;base64,iVBORw0KGgoAAAANSUhEUgAABfsAAAYXCAYAAADfc6AnAAAACXBIWXMAAC4jAAAuIwF4pT92AAAAGXRFWHRTb2Z0d2FyZQBBZG9iZSBJbWFnZVJlYWR5ccllPAAA9KRJREFUeNrs3QmYZVVh4PGexCC4YCEqilsHDSRmsTUJUWOkFBFUhHbBMTPfOOVKMm4NosnEGEshJhI1bZxMIop2BhMRNGk3aDCJJTTN4tZNLyBr9ULvy6ve6QbunFN0Q9PVVe9Vvbu+8zvf90s++Viqz3t17n3/e9+507Ismwa0NRC0ghnmAgAAAACoG5PQW2KI7j+EGKoHmZI5wXD28Bg2JwAAAADUwMxxWuB0nVTsp/4Rf/8v8txgKFiYdTi2nfPhbOMznkuHNj3vhdnuy755yLnc+o4/NkcAAAAAVGb7x87PJjGG9pmzry3OclFA7KecqL//Lvyhg+4o73rs+MznLIadLJaDF2QPbN067jzev3KVeQIAAACYws2Ve5fe4kbKLo13g2oXY+G+m4v3f1vARQCxn0mavi/sz94X9ksZcTGwKI5v84tO6mge4wUB8wUAAAAwtUi960tzzMlkL5b82guye+ddXVZGbO1rlvsvAPTpuWI/Y+P+nLzv2J/s2LPghmzTr87INj79ORzCri99pe0cxjv/4wJrvgAAAADa2/qOPxrTV/YuXZa1XnW6+elAbHl7lyzLKh4L9924LP6L/Unq3/cLsDCr2YiLg+A/zuIZIv5E2/jsHzvjtkjmCwAAAGDKrSX+9dFnTZqnuof+8Z4FMMu2P2J/L5u57+79VlbzIfiPb/vHLnB3PwAAAEAO9lx/Y2dbT5urJoX+g8fwvpueZ+jDYn8v3MHfiMAv+HcuPojXgQgAAACg2BsqR7edDhcEzFdjQ/+hwv+gO/7F/qbtwT+r6v33Bf/ixK+QdTLiQ33NFwAAAMAjxWbSyVbJ8e/RV3om9B9qq58BLVnsr/td/D01BH9fMwMAAAAou6vEER/ea756MvQfOFr7tvlxt7/YXwsDdXzQbp7j3iuvtqAeZORN/83d/QAAAACTFAN+Rz1q3vfNV++H/oPH3H03VGvOYn+p+nplq55Ox+6vf8PC6u5+AAAAgKkH6197Qcfb98S/15w9LN6Mm9AYEv3F/rIi/2ATH7ibx9jxmc9lG8LiwoNak7i733wBAAAAqYs3RXYyRsLd/+brYbvCTbiJjnij9UxNWuwvwqxUI/8j9kqb9SGL7AE6ubvfRRIAAADATZOd3TQZt+8xXw+LLc5wp7/Yn++e/MN+p/Z9jWpkJNtyyukW20kcqOJXzzaGr56ZLwAAACBVe5cu01Am253e+Idi5NjoP0OvFvunYsa+N5BxiOC/MTwUxKLr7n4AAACAdrZ/7ALb90zSpt972WiDMw455uzbbl3DFvs72pd/tt+ZiceeBTdYeCd5d7+5AgAAAFKzscOH8sabKc3XvjkLN9nuXbJMgJx4tPZtuy7mi/3jmmlf/s7Hzi9+2QI8ibv7t53zYXMFAAAAJGXnl77SUWfa/KKTzNc+CT+Qdypjoa19xP6DTbdlz9TGyNvPtggH8Wtm7cb9K1eZKwAAACAZMeB3Mmx//DAP5J3yGBT1xf5p+77u4W5++/d3LcZ8e88BAAAAPOjeed/v6OZID+V90JZTTrdPv7v8xf4u9uaf63fA/v15idv02H8OAAAAoLNnHLox8pHs0+8uf7F/avrdzZ/v2P4X51uUg04eOGMPOgAAAKDXdfJ8QzdFPiw+G9PI/S7/6UJ/78f+Qe/1YsaWV56ebTj2OUmLe8yN/w2IG7Ntsz6c/BwBAAAAva31xs7u6o/b1pivOF9/KCwWM+LN3jPF/t6M/XHbHg/hLXDErxqlvjhv/NUXjJmX3Zd908ELAAAASMbepe23o4m9xFyFlnTCjOy+FSuFxWLHbLG/t/5AM2zbU9J2Pp+ena0/9rik7QoHq/vCw2VGnyQfHl6c+nwAAAAAadk660OjbWSisen3Xmaugp0X2b6npDG072Zwsb/hBryXyxvxieGbTvyDpBdpgR8AAADgweh/qOcbxhskzc9x2Rbb95Q9hvfdFC72N9Rs7+Hyx54FN1iwAQAAABi9KTLG/f3RP/5/N0o+aO+SpUJi2eP++7emuI9/L+zPP8e7t7qx9QPnWbQBAAAAeET03/ax881HELfCNiodA2J/c0L/wq4fNhv2Fdt93fWjtn7h4mzkws92ZOeVVz30z6W+nc+GE55v8QYAAACAA8QtsGM7S3ns76fbL7284+4a/979/9z9I1vz+DHmiP09FPr3rngw6LfCm2Xje8/N1p355mzlc349W/6kZ+Ym/vvivzf+++NFg5QuAsQHjFjAAQAAAOBhu6+8Oo0dc0KQP7i95tldo3te8OLRf+/mjww+1F4neSFgjthfTzP2PWRh3DfXziuuGn1zrTvzrBDhnxfeEM+ozJr+U0ffhPFn6uWx+ZWvtYgDAAAAwLG9/VDe2F+3f+2yEPbPCRH+RZW21/jfX//Wd4y24HY3Xz+wZ+/8fTeRi/21Cf0PPDBy8JtrRwjpMaivPunUbPjoZ9Ta+v/xjmxb+GXI6SsoHtYLAAAAADXTaw/l3btiZbb1H7/UiP669oyzstanPpvtOkT8f2DHjp/3cvBvZOi/N/yyjIQ315oz3pTdffTTG2tdCP87rpjXM7/08YqlxRwAAACAlG39wHk9cwd/vGn5npNe1dj+uvy4XxttsPHPES9Y9Hrwb8oPOj28uX68+ROf3LwyfDWjyYF/vDfdlk995qE3XFPHfeHnt6ADAAAAkKoNJzy/8Q/ljTdabwhb9PRag43ihYutX/rK7vs2bvqB2F+Ru5749BlBK8h63fr3nNPo6B+vXFrYAQAAAEjR9k/PbmzX2zX/+mz1696UpdBg97XmmWJ/ye584rEzglaQpWT9e2Y1MvrHu/vjFUyLOwAAAADu6m9C5F8QIv8bs9T66z4DYn9Zof+oEPqPCqH/qDDxiYrRv2kP841XMNeFBQ4AAAAAUrHjoi83a7uexUsfjPwJt9d9BsT+gt1x1NNmBK0gS91d00/IWv/wxcYsFPEK5vpwJdMi/0jrf3VGNjLrQ6MPMjYfAAAAAL1j44l/0KAH745kG/7sLzLd9RFmiv1Cf6lWvuyVo1fc3N3fLDHw7573/YfmZu/SZeYFAAAAoIfs+vo3mtHsvjdv9MZirXWM2KJniP05u73vaTOCVpBxaJv++tPu7q+51tvPznZd9s3sga2H3oJp4++9zIEQAAAAqPfd6qFf7PjiV3SMHrirP97Nv/q/v01bnVhs0jPE/pzc1vfUvqAVZExs+R+cXPsH+I7e3f+045IT7+RvN7b9xflJzg0AAADQHNs//bmHWsaeBTeMNg/zMtauS79R87v5r8zuePbxmmpnYpueIfbnE/oXekN1Lv6SjvzL1+t/d39iC/z6E2a0nZvRrXwcDAEAAIAau2/lqkP0nq0P3u1/4svMUbDxd+t9V//6//1RHXXyhmOrFvu78PMnPHVhkDF56//0o7VdUEY+cF5Y+H45OZ3s0xa/4pXi3AAAAAD113rb2R3u6pD2PMU5qOu2PcMvPVk7nbrYqvvE/imF/mPmBBlTF3954y9x3cZ9YashB8SJtvJx8gAAAAA080bGLW/8w6TnaP0JvzW6s0Xdxu7FS7Lbn3W8Ztq9OWL/JN165DGzgozu3f37J4/+Mru7vx7i19rab+Xj5AEAAACoW8R+fvsbPMMWP+7qr99d/a1//np22zOP10rzMyj2d+iWI5/SH2Tk57Zn/krtgv/eJUtdAbeVDwAAANAQ8UG8tvBpL+5oUa/Qf6k+WowBsb996J8etLxZign+2757Za0Wm81veIutfGzlAwAAADTAngU3uIGx3QWRsJNFnca6P/1zXbQ4sWHPEPsnsOzxT1kYZBQnXs2rzV5hV15lKx9b+QAAAAA1FyN+uxEvBqQ+T3Eni7qMe/7o/Vpo8YaDPrH/kKH/ybODjOLVKfhv/N2X2srnECPug+dkAgAAAKiDuAtB2+czhm1+Up6juINFfUL/+zTQ8swV+w+y9HFPnhlklGfLV+sR/HdcdHG2NiyIKdnSwVY+8QCZ2rwAAAAA9RR3IWi7ZUy4cTHlOdp56eX1CP1nv0/7LN8ssX+fJY97Ul/QCjLKtevm6h/a+8DISHKL/7oOnl6/e97VTiYAAACAym3oYAufnWEXg6TnKOxcUYex/pMXap7VmSH2Pxj7h7wZqnHL059Ti+AfH16S2kEgxvx2wwkFAAAAULWtHWzhE3cxSHmOtn16duV9bctXv6Z3Vms43tSedOxf/NgnzQoyqrPs2Odke5avqHQxuve665M7CMRtehwoAQAAgKZv4fPAyNbk5+i+FSsrD/06Zy3MSTb23/zYo6cHrSCjWre9+KTsvrCdTpUjft3JVj6+AgcAAADYwqdJtgy8u9KmFnftWHrscRpnfcxMM/Y/5uihIKMe7jz1DA/qrdmV8ftWrnJiAQAAANjCp8Z2X3lVZT0t3ry79GnHaZv10gr6kor9ix5z9ECQUS/3fPgjHtRbswPmxle+1skFAAAAUIl7F9xgC58Jd274rUpD/20vOknTrKe5ycT+RY95Yl/QCjLqZ3PY46uy/cXC155SOiDEkN9uxAsCTi4AAACA8kO2LYjb3sj50U9U1tFWvPs9Wma9zUwi9i884olzgox6WvzUX8523ry4kkUqfu0ptYNC3KpnwocXhyvoTjAAAACAso3M+pAtfNp1nYoezLvpkq/pmPXXCvp6Ovb/7Iij+oOMerv1915W2QN749efUjooxCvg7efk+U4yAAAAgFLtnne1ZjHRjg0nv6aSdhZv0r35qdM1zGaY09ux//CjhoKM+lt13p9VsmDFrz+tDd8uSMWWgbM72N7o7KTmBAAAAKhe3I9/4h0ark56fnZcdHH5+/S3RrJbT3yZdtks/T0Z+396+FEDQUZztL79vdIXrb1LliZ1YFh3fIf73znJAAAAAEqy+Q1/2LZXjHzgQ4lfDCl/V4x4c65m2TgLey72//Twvr5gOMhojkXHPHv0imHZY/3vvDRbExbNVLR7sn3c1z+l+QAAAACqteOiL7fvN7/7B8nOz+aBd5fey+JNuXplYw32VOz/yaP7BoOM5rnzrP9e+uI1ErbySekAsfWj5zuAAgAAALWxd8myNjszLEt6fnZeennp2/csDDflapWN1Qr6eiL2/zj8QYJWkNFMW0rezmdP2MpnTXjQSCo6eaDL1tELINMBAAAACrXu+N9q2yninf8pz9H9JW/hc0e4GVejbLw5vRH7D3vCYJDRXD97yrNK385n/e/8flIHiU4eeuOEAwAAACha6wPnte02m97wlmTnZ/PAu0ptZFt/OF+f7B39jY79PzrsCdODVpDRbLe/6b+VvJXPx5M6UMSH8E404sUAJxwAAABA1Y0ijqTnp8QtfOLNtzf/ym9qk71jqOGx/8g5QUZv2PrDa23lU+FV87jdj5MOAAAAoEj3rVxl94GabOGz4oN/qkn2npmNjP03/dKR04OM3rHoub9hK5+CrP/dl9q3HwAAANAnbOHz4HMRFi3WI3vTcCNj/42/dORgkNFbVn3ir2zl48o5AAAAYOcBW/gUOG555Wu0yN410KjYf+OjHt8XtIKM3vLjJz0j2z28wlY+FeyJZ99+AAAAQJvo/S18Nn/ruzpkbxtuVOy/4VGPHwwyetOdb/+j0q5irj3+N109d/UcAAAAsOtApTac/OrSetjPnvPrGmTvm9WY2H/9ox7XCjJ6145FN5eyuLXe/0H74tkXDwAAANAlKrX9ootLaWErP/FJ7TENsZ/31T72X/+LjxsIMnrb0leUczVz15VXuYLuCjoAAABgx4Fqm82KlYV3sPtaI9mPjn669piOwdrH/gW/+LjhIKP3jfzw2sIXubgX2uqwoKaik73xUpoPAAAAoBzbL/qyJjGOdb/z+6Xc9Hr3uX+iOaalVevYv+AXHtsfZKRhyctPK2Wh2/j6/5rMwWNLB1fRN4Sr6E5CAAAAgDztWbKsze4LVyc7NyMf/Xjh/Wv38HK9MU0DtY391/3CY+cGGelY909fLXyxi3uiJXOluIP98UbC/nhOQgAAAIC8rD3+t/SICcRtposet7/tbK0xTcO1jP3zf+Gx04OMtPzouOcVvtjtWbI0qQNIu33741Y/TkQAAACAvGx8w1va77wQ/p5U56eMu/p1xqQN1C/2/5fHDAYZ6Vk3p/i7++PeaKkcQNrt2x8vBjgRAQAAAPKy7dOz27aZVOdm88C7Cu9et73t3Rpj2oZrF/uvDT9UkJGeH/3yrxW+6G15/wcT2gfuE+0vfoTtfpyMAAAAAPlsU3P1hB3i3gU3JDs3cXvpou/q1xcJ+msT+6/9L0fMDDLS1Rq6ptCFb+ell2erj5mehPgA3nZj88C7k5kPAAAAoFgPjGxt8zzFLyc7N3sWLy38rn5tkWCoNrH/mmlHzAky0rWo/9RCF777WyMOsg6yAAAAQM7W/c5LO9hx4bw05+a3f7/Q3rU39C5dkQNMrzz2hx+izwtBVPTd/RtecVpYaJ+dhPj1uLZfn0tkLgAAAIDidLIn/eizFBOcmy3vO7fQ1rV88AJNkQPNqTz2/3DaEQNBBktmvrnQBXDkzz+ezMFk29/8bfsH4zghAQAAAApuEHH3gVTnJm4rXeRd/df1PVVT5GB9Vcf+uV4E9tsVHipS1Nh1xVXJHEw2vv6/tp2P+Pc4KQEAAADsLlCM+1asLKxzrZ1ziZbIocyqLPYPhSsNQQb73RoeHFvsvv1pHEzWHv+b7b/p8NGPOykBAAAAugvaK1dN2B/inf8pzsu6335JoTtY3DD9V7VEDmW4ytg/ywvAgeaHrx/FryEVNdaHffvvCQtuCvYsWTbhXOz4+jeSmQsAAAAgf2s6uNlwy/s/mOTcFLlf/4a539ERmcjMqmL/QpPPwVbN/j+FLYatsG9/KgeVGPMP9dW5reGK+qbw8Jy14eE4TkwAAACAqepkG+H1J786ybnZUeB+/fG5lxoiE5hbeuz/QdjCJ8jgYNeHryEVuW9/MleQw5Xz7RddPPr/Uz2wAgAAAMXZ2ubhvHGkOjdF7dcfn3epH9KB6WXH/gGTzni2DF1T2L79DsYAAAAA3Yu7BsTgH3cXONSDeuNfS3JeCtyv//ZZH9IO6cSsUmP/f4avEwQZHMqyAh/UGxdcB2QAAACA/MXdBeL2wfEiQOujH09yDjb9z3cW1rWuCc+71A7pwHBpsT/8x/pMOO0U9aDe+IAUB18AAAAAirD9CxcX0rTWzLlEM2QyZpQV+2eabNpZWdCDeuMDUhx4AAAAACjCnsVLC2laP+0/VTNkMuaUEvv/I/yHggwmcl1BD+qNC64DDwAAAABFKOrBvHohk9QqK/YPm2w6sW3hzcV87elXfsPBBwAAAIBcbZj55kJa1l2DF2iFTMVAobH/38NeQUEGnfh5eMJ4ESMuvA5AAAAAAOQpPpi4iDE/7IChFTIFc4uO/bNMMp0aCk8YL2LEhdcBCAAAAIA87briqtw7Vtz5QiekC31Fxv65JpjJWD/3O/nvcxYWXgcgAAAAAPJ034qVuXespQPv1gjpxkBhsf/74T8AkxEXtLxHXHgdgAAAAADIy9rffkkhO1T8IOx8oRHShbmFxP7wL+43uUxWXND2tkbyf0jvC1+SrXrKswEAAACgaxvf+s7c+1Xc8UIfJAd9ucf+q6cdMRhkMFn3zLkk98UyLsAORAAAAADkYeTC/B/OuyTseKENkoOBImL/kIllKhbOfHPui2VcgB2IAAAAAMjD7uuuz71f/WfY8UIbJAdzi4j9LRPLVOW9lU98SK8DEQAAAAB5uD/ndhW38NEEyVFfbrH/qmlHzAgymKq8t/KJD+ld9ZRnJWtD+LbE5vd/MNv6N3+b7bryqqTnAgAAAKAbq5/767nf1b84bOGjCZKjgRxj/+GzggymavHAu3JfNONCnMIBZ014Gvz+qH/fylWHnAsHZgAAAICp31SZ9/iPvmM0QfI0J7fYPy/8y4IMpurfwwKX94gLcQoHnHWvOM1cAAAAALnY+D/fNdoRVv/Kb5iPfUYu/GyuzWrd3G/rgeStlWfsHzahdCsudPk+pPezyRx02o24pY+DMwAAADDZGwr3LFk2+nDabRddPLqzQNxhILV52XXFvFyb1S2zztMCKUJ/17E//Ev6TCR5yHsrnx1fuyyZg0488E404sHYSQsAAADQ7XY1Kc7LnsVLc21WP5x+ghZIEWZ3HfuvDFcMggy6NRQWujxHvOqczBXmsF+/uQAAAAC6EXcGEPsnv6PCZMbWhYt0QIoynEfsHzSR5CUueHmOVA468c79iUZ8cK+TFgAAAKCbvpDizYR5P5x3ePbnNUCKNL2r2H/FtMPnBhnk4e6w4OX6wJOXn5rEgSc+PMeFDwAAAKAbOy69XOw/+NsO7zs311Y1f8aJGiBFGug29g+bRPISF7w8x8a3vjNbGRbmXrf2EA/QOXisD1eiU5gLAAAAYGpizJ9oxIf0pjYnIxd+NrdOtbfV0v8o2txuY79JJFdx4ctrxAU5lYNPuxH33XPiAgAAAIxnz5JlE3eWsM2PCyBdbDc95xLtj6K1phz7vxcezhtkkKe1c7+d2yK684p5yRx84r78DsgAAACAGwnzs3fFytw61aKBd2l/lKF/qrF/lskjb3Hhy2vEq6+uNO+78HHlVU5cAAAAgCnH/hS3CM5z/Of0E7Q/yjA4pdj/3WmHzw4yyNN/hIUvz5HMHnLhzn0XPgAAAICp8DzAseKfN7etphcu0v0oy9BUY/+QyaMIO4eX57aYrn7hi5M4AG3584+78AEAAAAUFrZTm5NN7zs3tz511+zPa36UZqqxv2XyKEJcAPMa688MV52f/Kye18lBec0LX5LEXAAAAACTs/Gt7bdVTm1ORi78bG596sczz9L8KFP/pGP/d8I/CEX4UVgAc/uaVFiYUzgAxZDf0dftnMAAAAAAY8L2xNsD37dyVXJzsvOKebn1qXl9x2h+lGlwUrE//AP9Jo2ixAUwr7HtH7+UzEGo3Yhb/TiBAQAAACYb+0efBZjYnOyef31u+/XrfZRsaFKx/9vTDh8IMihKXAjzGHFhTuUgtGfJsjbfcvhbJzAAAADAGDsuvVzsn+RNlZ2OO8N21VofZZts7B80aRTpzpz27d+7YmVYoJ+ZhHjgnWjsvPKqZOYCAAAAyK8pbPvCxUnNx+oXvCi32H9T2K5a66MC/ZOJ/XNNGEW6Kcd9+1M5ELV7cMyDV+GdwAAAAACTi/0PPhMxnflYf2Z+XerKsF211kcFBjuO/d8K+/4EGRTl+9NPyG1RXdN/arYiLNS9bsufD7adixTmAQAAAJicveEBvO1if0rzsem95+S2X7/OR0XmTib2t0wYRds5vDyXhXVduBqbwoFo3cw3t52LVc/9dScxAAAAwCO0Gxve+s6k5qPVZveEyezXr/FRkVbHsX9u+AegaCvmXJLLwrrlIx9L4kC05uWntb/wES4IOIkBAAAAJhP7U+sJO6+Yl0uTujFsU63xUaHpbWN/+JtmmCjKsHjWebksrK2EvmrmSjwAAAAwGXEXALH/kXbPX5BLk7o6bFOt8VGhgU5if7+Jogw/mHFiLgtrXKDtsZfmHnsAAADAxDrZFnj1C1/smw6THDvC9tT6HhWb3Tb2/9u0w2cFGZRB7J/klefrrp9wLrZ+4WInMgAAAMCkYr9tjSY/Vs/9trZH1YY6if2DJoqybBi6JpcFNpWD0fZLL5/4wke4GOBEBgAAABD7x5mPM8/KpUXdHLan1vaowY3UE8f+f512+JwggzLcMniB2D8JI22eFr9nyVInMgAAAMBDNr3vXF2lgNh/Tf+rtD3qYEa72D9kkijL9TPzWWDjQu0AneZX7wAAAICp3ziY2i4BrTbz0enQ9aiJAbGf2pgXnlou9vvqHQAAACD2NyX2txYu0vWoi9kTxv5vhr8JyrSn1ep6kd3ykY8lcUBa8/LT2l/4CBcEnMwAAAAAYv9YO6+Y13WHGp5ziaZHXQyJ/dRKHg/pjVdlUzkoif0AAABAp7ZfernYf4Dd8xd03aEWhYfzanrUxYSx/xvhb4AyLcvhIb3bv3ZZtvxJz0xCu7H5I4PJzAUAAAAwsRjz291AmdJ87F2xsusO9cPwcF5Njxo55EN6Y+jvNzmUbUEOD+ndFa7KOkineZAGAAAAdIS8bqLsZOh51MxMsZ/auCKHh/Teu3iJg/RD33K43MkMAAAAIPYfZOVxz8vl4bx6HjUzeMjYf3mI/UEGZcvjIb2pHJi2fuHitnvtOZkBAAAAxP5HWnvGWbk8nFfLo2aGxov9gyaHKqzP4SG9qRyY4kFY7AcAAADy2LZm43vPFfsnMZaGZ09qedTM8CFj/2Uh9gcZlO222Z/verFdc9KpSRyY4kHYhQ8AAAAgj9i/7sw3JzMXm//sY133px+Eh/NqedSN2E+t3DTwrq4X27VnvCks3M/oeevOPKuD2P8MAAAAgA5i/1nJzEXrU5/puj/9W98xWh511C/2UxvxqqjYn1/sv+cFL3JCAwAAAIj9B9j6j1/sqj3FZ07qeNTUwJjY//WwmX+QQRW6fhp6uDrrQJ3egRoAAADQEDqxa/6CrtpTfOakhkdNDYr91MqO4eVivwM1AAAAkJM1/ae2fwZi/6lif4cjPnNSw6OmhsbE/kvDXwwyqEK8OtrNiF/FSuXgdP/I1okvfFz4WSc1AAAAkDjP/XukvStWdtWefjrrPA2PuhoW+6mVJYMXdLXgxquzqRycdl93vdgPAAAAiP057pTQbvxneOakhkddif3Uyo0D7xL7xX4AAABA7K9l7P9m3zEaHnU24xGx/2vhL0JV/iNcHe1m3Lt4STYcFu4UbPvaZRNf+AgXA1KZCwAAAODQ1nYQ+1OZi1UveFFX3WlPq6XfUXf9B8X+R2dQpW5HKgeoeOe+2A8AAACI/R3OxRlv6qo5rQvPmtTuqLnBR8T+fwl/EaoUr5KK/WI/AAAA0L3NHxmcsB/cP7JV7O9w3DXnEu2Oupst9lMr8Sqp2N/exveeYy4AAAAANwt2aP3/eHtXzWnx4PnaHXU3JPZTK7fO/nxXC2+8SutreGI/AAAAIPYfaMunPtNVc/r3/lO0O+pu+BGx/5/DX4Qq3Ryukor97a3uP3X0gLxfPHjvF+/6jxcDnNQAAACA2C/25xP7r5hxonZH7Yn91Eq8StpV7H9diP1HPwMAAAAgea1PdRD7E5mLbmO/bkdDTH8o9n81/AWo0vfCVdJuxsb3nONgDgAAAHB0+2f+pRT7d3xv3pR70/bh5bodTdEv9lMr3Yx4ldbBHAAAAGBiq086dVQqf95d8xdMuTetG7pGs6MpBsR+amVPqyX2AwAAAFCL2H/L7M9rdjTF4EOx/5LwF6Bqa8PVUrEfAAAAgDrE/kWD52t2NMUcsZ9auXPOJVNefLf9y2UOYAAAAAA8wv2tkSn3pqGZZ2l2NMXQQ7H//4W/AFWLV0unOuJV2ruPfjoAAAAAPKSbcVX/KZodTbFQ7KdWrht4p9gPAAAAQC1i/6V9x2h2NIbYT63Eq6ViPwAAAAB1iP16HY2M/f8U/gdU7ZvTjxf7AQAAAKg89m9euEivo2lmiP3UylRHfNiKAxgAAAAA+6153Run3JrWDl2j1dE0/aOxf074H1AH97ZaU16EHcQAAAAAyCP23zHnEq2Oppkp9lMr8aqp2A8AAABAlbF/4eD5Wh1NMyj2I/YDAAAAIPYfMG6adZ5WRzNj/1fC/4A6+Fm4air2AwAAAFBl7L+y/xStjqaZK/Yj9jfMyhe8KFtzxpvGdc9Jr3JABwAAAMR+sZ+0DI3G/i+H/wF18O8zzxL729jyqc9MOA+7rrveAR0AAAAQ+7uI/TodDST2Uy9XhKumYr/YDwAAACD2w6S0xH5qZe6ME6e8CN/1xKcnoW3sn399MnMBAAAAjBXbwERWhS2AU5iH1VOM/duGl+t0NNJo7L84VP8ggzoQ+8V+AAAAYOrajdWve5PYP8FYM3SNRkdTu+po7B8yGYj9Yj8AAAAg9ov9Yj+NNX3al0LsDzKog/hVKbFf7AcAAADE/ipi/5LZn9foaKp+sZ9aiVdPxX6xHwAAABD7q4j9Px08X6ND7AexX+wHAAAAxH6xHyqK/V8MsT/IoA5um3PJFGP/sUloH/sXJDMXAAAAwFjtY/8bk5iHqcb+7/afotHRVIMx9g+aCOriJ+Hqqdgv9gMAAABiv9gPk4z9F4X/E2RQB2K/2A8AAACI/VXF/u+E2K/R0VBiP/UyNPBOsV/sBwAAAMT+SmK/PofYDzmJV0/FfrEfAAAAEPvFfpiUudO+MO3RM4MM6kDsF/sBAAAAsb+q2K/P0WBDMfb3mwiaHvvvDIt4CjZ3EPtTmQsAAABgrE5ifwrzcM8UYv+24eX6HM2O/f8YYn+QQV2I/WI/AAAAIPaXHftXD12jzdFko7F/holA7Bf7AQAAALFf7NfmaHDsD+/jaSYCsV/sBwAAAMR+sV+bo7Fao7H/H8L/gLq4t9US+8V+AAAAQOwvNfbfPPvz2hyNtj/2t0wGdXFPuIoq9ov9AAAAgNhfZuz/0eD52hzNj/3/N+znE2RQB1OK/Ucdm4TNf91B7E9kLgAAAICxOor9CczDPadPLfZrczSZ2I/YL/YDAAAAYr/YL/bTI7F/rslA7Bf7AQAAALE/1dg/f9Z52hzNj/1/P+3Rg0EGdbAoPAxF7Bf7AQAAALG/zNg/t/8UbY5G2xf7Dwux/7AM6uCm8JUpsV/sBwAAAMT+cmP/K7U5Gm009v+faYfNDDKoA7Ff7AcAAADE/rJj/7+F2K/N0WT7Y3+/yUDsF/sBAAAAsV/sh2bH/hkmgybH/jvCIp6CdrF/Z4j9qcwFAAAAMFa7cU+I/SnMg9hPsrE/+nz4H1AHN4r9Yj8AAAAg9pcc+/81xH5tjiYT++mR2P+0JGz+6093EPufBgAAACSqs9jf+/Nwz+lvEPtJN/b/3bTDhoIMqib2i/0AAACA2F927P9miP3aHE0m9iP2i/0AAACA2C/2i/30UOyfbUIQ+8V+AAAAQOwX+6HBsf9z0w4bDDKo2g1iv9gPAAAAiP0VxH5tjiY7MPbPNCGI/WI/AAAAIPaL/dDg2D972mH9QQZVE/vFfgAAAEDsLzv2fyPEfm2OJjsw9veZEMR+sR8AAAAQ+8V+aHDs3xf8TQpiv9gPAAAAiP1iPzQ59v/ttMOGggyqdL3YL/YDAAAAYn/Jsf/yEPu1OZrs4Ng/16TQxNh/e1jEU7Cpg9ifylwAAAAAY7Ubq0LsT2EeVon9pB77PzvtsMEggyqJ/WI/AAAAIPaXHfsvC7Ffm6PJDo79AyaFRsb+vqcloaPYn8hcAAAAAGO1jf2nvzGJeVj1WrEfsb/fpCD2i/0AAACA2C/2Q4Nj/2emHdYXZFClBWK/2A8AAACI/RXEfm2OJntE7N8X/FsmBrFf7AcAAADEfrEfGhz7Pz3tsKEgg6qI/WI/AAAAIPaXHfu/HmK/NkeTHSr2zzYxiP1iPwAAACD2i/3Q7Ng/y8TQvNj/1CR0FvufCgAAACSqfex/QxLzsOq1rxf7EfvDX+w3MYj9Yj8AAAAg9ov90OzY32diaFrsvy0s4ilY+78+MBr0x7PlHy5KZi4AAACAsdqNlSH2pzAPK8V+xP6Hgn/L5CD2AwAAAIj9Yj80Qmu82D9kchD7AQAAAMR+sR8aYWi82D9ochD7AQAAABoWuUPMn8gdzz5e7Bf7SSz2zzQ5iP0AAAAAiP3Q7NgfH9LbD1VY++OfzBH7AQAAACgz9v/07/5+ljZHg804ZOyHig2K/QAAAACUGfvD6NflaDKTgNgPAAAAgNgv9iP2g9gPAAAAgNgPYj+I/QAAAACI/SD2k3jsf8JTAQAAAGDUyteI/Yj9IPYDAAAAIPaD2A/lx/6fh0UcAAAAAKIVYj9iP4j9AAAAAIj9IPaD2A8AAACA2A9iP2K/2A8AAACA2A9iP2I/AAAAAGK/2I/YD2J//az54w9kO+cvGNfmf7jIAR0AAAAQ+8V+xH5oauw/Jgkb/+pvJpyHGPxTmQsAAACA8ax4zUyxH7EfxH6xHwAAAGimla99/YRuf9bxYr/Yj9gPYr/YDwAAANRZuxGDv9gv9iP2g9gv9gMAAABiv9gPYj+I/WI/AAAAIPaL/SD2I/aL/WI/AAAAIPaL/SD2I/aL/QAAAIDYL/aL/Yj9ULPYf2tYxFPQLvbvCLE/lbkAAAAAxmo3VoTYn8I8iP2I/SD2i/0AAACA2C/2g9gPYr/YDwAAAIj9Yj+I/SD2i/0AAACA2C/2g9hPcrH/yGOS0Db2X7sgmbkAAAAAxmob+1/z+iTmQexH7AexX+wHAAAAxH6xH8R+EPvFfgAAAEDsF/tB7AexX+wHAAAAxH6xH8R+xH6xHwAAABD7xX6xH7EfxH6xHwAAABD7xX4Q+0HsF/sBAAAAsV/sB7EfsV/sF/sBAAAAsV/sB7GfNGL/LUc+JQkb2sb+65KZCwAAAGCsdmN5iOApzMNysR+xH8R+sR8AAAAQ+8V+EPtB7Bf7AQAAALFf7AexH7Ff7Bf7AQAAALFf7AexH7Ff7AcAAADEfrFf7EfsB7Ff7AcAAADEfrEfxH4Q+8V+AAAAQOwX+0HsR+wX+8V+AAAAQOwX+0HsR+wX+wEAAACxX+wX+xH7QewX+wEAAACxX+wHsR+Kjv2Pf0oSNnyyg9ifyFwAAAAAY3UU+xOYh+WvFvsR+0HsF/sBAAAAsV/sB7Efyo/9y8IinoJOYn8qcwEAAACM1W4Mh9ifwjwMi/2I/SD2i/0AAACA2C/2g9gPYr/YDwAAAIj9Yj+I/Yj9Yr/YDwAAAIj9Yj+I/Yj9Yj8AAAAg9ov9Yj9iP4j9Yj8AAAAg9ov9IPaD2C/2AwAAAGK/2A9iP2K/2C/2AwAAAGK/2A9iP4nE/icnYcMnL+wg9j8ZAAAASFRnsb/352H41WeK/Yj9IPaL/QAAAIDYL/aD2A9iv9gPAAAAiP1iP4j9iP1iv9gPAAAAiP1iP4j9JBX7l4ZFPAXrO4j9qcwFAAAAMFYnsT+Febhb7EfsB7Ff7AcAAADEfrEfxH4Q+8V+AAAAQOwX+0HsR+wX+8V+AAAAQOwX+0HsJ7XY/7gnJ6Gj2J/IXAAAAABjtY39r56ZxDzcfZrYj9gPYr/YDwAAAIj9Yj+I/SD2F+W2571w9KA8njtf8nInNgAAACD2i/1iP2I/iP0AAAAAYr/YD2I/iP0AAAAAlYhb/E4klV0BxH7EfhD7AQAAABD7QewHsR8AAAAAsR/EfhD7AQAAABD7QexH7AcAAABA7Bf7EfuhUbF/SVjEAQAAAGCJ2I/YD2I/AAAAAGI/iP1QWex/EgAAAACMuvu0M8R+xH4Q+wEAAAAQ+0HsB7EfAAAAALEfxH7EfrEfAAAAALEfxH7EfgAAAADEfrEfsR/EfgAAAADEfhD7QewHAAAAQOwHsR+xX+w/4ED16jOz9Z+8cFyrzn6vAzoAAAAg9ov9iP3Q0Nj/2CclYf1fXjjhPGy/9rpk5gIAAABgPHefKvYj9oPYL/YDAAAAiP0g9kP5sX9xWMRTsK6D2J/KXAAAAABjtRt3nXZmEvNwl9iP2A9iv9gPAAAAiP1iP4j9IPaL/QAAAIDYL/aD2I/YL/aL/QAAAIDYL/aD2I/YL/YDAAAAYr/YL/Yj9oPYL/YDAAAAYr/YD2I/iP1iPwAAACD2i/0g9iP2i/1iPwAAACD2i/0g9iP2i/0AAACA2C/2i/2I/SD2i/0AAACA2C/2g9gPhcf+o5Ow7i8/1UHsPxoAAABIVPvYf0YS83DXqa8T+xH7QewX+wEAAACxX+wHsR9Kj/03h0U8BZ3E/lTmAgAAABir3bgzxP4U5uFOsR+xH8R+sR8AAAAQ+8V+EPtB7Bf7AQAAALFf7AexH7Ff7Bf7AQAAALFf7Aexn9Ri/2OOTkLb2H/NdcnMBQAAADBW29h/6hlJzIPYj9gPYr/YDwAAAIj9Yj+I/SD2i/0AAACA2C/2g9gPYr/YDwAAAIj9Yj+I/Yj9Yj8AAAAg9ov9Yj9iP4j9Yj8AAAAg9ov9IPaD2C/2AwAAAGK/2A9iP2K/2C/2AwAAAGK/2A9iP2nE/kVhEU/B2g5ifypzAQAAAIzVSexPYR7uEPsR+0HsF/sBAAAAsV/sB7EfxH6xHwAAABD7xX4Q+xH7xX6xHwAAABD7xX4Q+0ku9j8xCe1j//xk5gIAAAAYq33sf10S8yD2I/aD2C/2AwAAAGK/2A9iP4j9Yj8AAAAg9ov9IPaD2C/2AwAAAGK/2A9iP2K/2A8AAACI/WK/2I/YD2K/2A8AAACI/WI/iP0g9ov9AAAAgNgv9oPYj9jfaew/4olJWHtBB7E/kbkAAAAAxuoo9icwD3e8SuxH7AexX+wHAAAAxH6xH8R+KD/2LwyLeAraxf5tIfanMhcAAADAWO1G3N4mhXkQ+xH7QewX+wEAAACxX+wHsR/EfrEfAAAAEPvFfhD7QewX+wEAAACxX+wHsR+xX+wHAAAAxH6xX+xH7AexX+wHAAAAxH6xH8R+EPvFfgAAAEDsF/tB7EfsF/vFfgAAAEDsF/tB7EfsF/sBAAAAsV/sF/sR+0HsF/sBAAAAsV/sB7EfxP6cDlThgByD/3hWvPs9TmwAAABA7Bf7xX7EfhD7AQAAAMR+sR/Efqgg9v/siKMAAAAAktdu3B5ifwrzcPurThf7EftB7AcAAABA7AexH8R+AAAAAMR+EPsR+8V+AAAAAMR+EPsR+wEAAAAQ+8V+xH4Q+wEAAAAQ+0Hsh7Ji/+FHAQAAAMCo208R+xH7QewHAAAAQOwHsR/EfgAAAADEfhD7EfvFfgAAAADEfhD7EfsBAAAAEPvFfsR+EPsBAAAAEPtB7IeyYv9PwyIOAAAAANFtYj9iP4j9AAAAAIj9IPaD2F+YJSc8P7vtVa8b1y0nvswBHQAAABD7xX7EfhD762zNBX894Txsu2a+AzoAAAAg9ov9iP0g9ov9AAAAAGI/iP0g9ov9AAAAQGXtYCJxi2CxX+xH7Icax/6+JHQW+/sAAACARLUbt73q9CTm4bZTXiv2I/aD2C/2AwAAAGK/2A9iP4j9Yj8AAAAg9ov9IPYj9ov9Yj8AAAAg9ov9IPYj9ov9AAAAgNgv9ov9iP0g9ov9AAAAgNgv9oPYDyXF/p88ui8Jq89vH/tTmQsAAABgrLax/5TTk5iHn79S7EfsB7Ff7AcAAADEfrEfxH4Q+8V+AAAAQOwX+0HsR+wX+8V+AAAAQOwX+0HsR+wX+wEAAACxX+wX+xH7QewX+wEAAACxX+wHsR/EfrEfAAAAEPvFfhD7EfvFfrEfAAAAEPvFfhD7EfvFfgAAAEDsF/vFfsR+EPvFfgAAAEDsF/tB7AexX+wHAAAAxH6xH8R+xH6xX+wHAAAAxH6xH8R+xH6xHwAAABD7xX6xH7Efahr7fxwW8RS0i/1bQ+xPZS4AAACAsdqNn4fYn8I8iP2I/SD2i/0AAACA2C/2g9gP1cT+JyRh9fl/1UHsfwIAAACQqPax/7VJzMPPX/kasR+xH8R+sR8AAAAQ+8V+EPtB7Bf7AQAAALFf7AexH7Ff7Bf7AQAAALFf7Aexn7Ri/2FPSELb2P/D+cnMBQAAADBW29gfHlybwjyI/Yj9IPaL/QAAAIDYL/aD2A9iv9gPAAAAiP1iP4j9IPaL/QAAAIDYL/aD2I/YL/YDAAAAYr/YL/Yj9oPYL/YDAAAAYr/YD2I/lBf7fxQW8RTc00HsT2UuAAAAgLHajVtD7E9hHm4V+xH7QewX+wEAAACxX+wHsR/EfrEfAAAAEPvFfhD7EfvFfrEfAAAAEPvFfhD7EfvFfgAAAEDsF/vFfsR+EPvFfgAAAEDsF/tB7AexX+wHAAAAxH6xH8R+xH6xX+wHAAAAxH6xH8R+Eon9Ryahfey/Npm5AAAAAMZqH/tfk8Q8iP2I/SD2i/0AAACA2C/2g9gPYr/YDwAAAIj9Yj+I/SD2i/0AAACA2C/2g9hParH/pl86Mgn3fKJ97E9lLgAAAICx2o1bQgRPYR5uOVnsR+wHsV/sBwAAAMR+sR/EfhD7xX4AAABA7Bf7QexH7Bf7D+mud/zxaNAfz9q/+79ObAAAAEDsF/vFfsR+EPsBAAAAxH6xH8R+EPsBAAAAxH6xH8R+xH6xHwAAAGDy4vP+JrLoub8h9ov9iP0g9gMAAAAg9oPYD2I/AAAAAGI/iP2I/WI/AAAAAGI/iP2I/QAAAACI/WI/Yj+I/QAAAACI/SD2Q66x/8awiAMAAABAtEzsR+wHsR8AAAAAsR/EfhD7AQAAABD7QexH7Bf7AQAAABD7Qewnudj/eAAAAAAYtezkV4v9iP0g9gMAAAAg9oPYD+XH/kc9HgAAAABGLXuF2I/YD2I/AAAAAGI/iP0g9hdl1Sc+OeE8bP3htQ7oAAAAgNgv9iP2g9gv9gMAAACI/SD2g9gv9gMAAACVuOXk10zox096htgv9iP2g9gv9gMAAAB11m7E4C/2i/2I/SD2i/0AAACA2C/2g9gPxcT+G8IinoJ2sX8kxP5U5gIAAAAYq91YFmJ/CvMg9iP2g9gv9gMAAABiv9gPYj+I/WI/AAAAIPaL/SD2g9gv9gMAAABiv9gPYj9iv9gPAAAAiP1iv9iP2A9iv9gPAAAAiP1iP4j9IPaL/QAAAIDYL/aD2I/YL/aL/QAAAIDYL/aD2I/YL/YDAAAAYr/YL/Yj9oPYL/YDAAAAYr/YD2I/FB37r3/U45KwsoPYn8pcAAAAAGO1G0tPfnUS87D0FaeJ/Yj9IPaL/QAAAIDYL/aD2A/lx/5ffFwSVn68g9ifyFxMxtLw1b1o+Nw/GZ3DaM3n/n50vg60Y9HNWZHjvtbImP9m/Dn2/0x3vP3s0Z/zp895XmPm9uYXvuSh+S1Cr74n42tc5Lz96OinF/Z7lCLrqDU3ZfvXqzhf++du87e+W8rreKjXMNr/czTxdbSW9qYmng95L3r/0dvvj7axP5Fz3KUvF/sR+0HsF/sbKwbOn7/hLaPzFOciRoImj/1hKoaMukaM+DMWOVL9Xe52FHHybowfIdf/01dHX9MYt1OKx/vX3P0hv5fW3CIumDUh6h94DC36YkzRr2P8s9TxdTQeHruHl4+5EBdftyYGqCaeDxm9c1wv+v2X2hD7xX6xH7EfxH6xv+I7WeK8NDVKTGbEP2P80FGnDxxiv9hvTBwN4mvdSx+m4pobo5w1tzfifvzzxbv0m36hppPXsS7h35jcxYD4/mzCOir2O66L/WK/2C/2g9gPYr/Y38XdpPGDewqxaaLXOt795sOt2C/2NycSxDsFm/jBav+aG8NbqiMGx174ULw/8Kd6/KzD76DR/flPHS/Cif2O62K/2C/2i/0g9oPYL/ZPITjFOejlOxAnO2J8q/JETewX+42p/d7GrWKsuc0MjU38cBx/5hiljIdfx6pisZHv61iHGx/EfqPq47rY7/OH2C/2g9iP2C/2N068i0twGn/Eu06r2KJA7Bf7jamPeHd1XT9oifz1XHOnsu2SCDT+iO9zsb83QmvV0V/sN6o8rlvnff4Q+8V+EPsR+8X+Rm054AS2sxHDXNknbWK/2G80MzhOFIdT3iJtsmtunK+6fisjPlvB6CzOlXnhxihuVPmNDbHfqPK47rOSzx9iv9gPYj9iv9jfmG0H3Fk6+VHm14jFfrHfyC9SVX2neLwz1ppb7zXXsbP5F26M4l/LKu7yF/uNg0eZ3wAT+33+EPvFfhD7EfvF/tqL8cSof3wS+8V+I79R9h3G1tzeC/5Fry2Cv7W0KSNu/yj2ey+mclwX+33+EPvFfhD7EfvFfqFffBL7xX5RoIajinXcmtsbwd8DeLsfce/3osOcUd6IW1mJ/d6LVY94h7/YL/aL/WI/iP2I/ZMcC8IinoJOYn/T/4yLwl11Rn4jzmeRr1fRHy5S/V3udiwJJ+95/8xGeSO+P8p6L8b3ipHPiHeGF73mjkfoz/eCW5GvlVHuuD1chCvjd7CJ50NG7xzXxX6fP6byO17E54U6WiL2I/aD2C/2V+emcDedfYbzHfEuxTivPtyK/aKAC3UH+0l4kKU1N9+xPWzZUOSaK/Q3P8wZ5Y8ygpbYb1R5XBf7ff4Q+8V+EPsR+8X+WtoUvuZq5D9Wh6+x+3Ar9osCzYvGTY9TQnHz15KUR7wYJrD2xij6xgex36j6uO547vOH2C/2g9iP2C/2186tb3iLM8uGxV+xX+w3ih1Fbj9xu336GxmKHTfLG0WdUxnVjCJvfBD7jaqP62K/zx9iv9gPYj9iv9hfO/GuK6N50ULsF/uN4kZcF22ZZs31GlY3rKUuwon9RhOO62K/zx9iv9gPYj9iv9hfK3ef+yfOKhsaLcR+sd9o3u+trV+aHxZte9fcizZGdSM+30Ls9150Pm6I/WK/2I/YD42I/Y9NwsqP/2UHH0qb9+dyV3+ZH3Lzfe2K/3Cb5u9y9x8kT8v9ZzZ65/fWHeHNfe2i+PttlH3Rxlrq9ey98yHD+bjR258/qvi8UEdLXn6q2I/YD2K/2F8mew6XO246+lixX+wXBRo0YpjP83W0V39zXztRp5rx4F7v1lKvp9hv1PfY4Ljg84fYL/aD2E/vxf5feGwS2sb+oWsb92fa9K3vOKMscdz+trNzff3ie67Qk+1Ef5e7jv3h66p5/8xGdePW17/Fmuu1GzXFr6IbXYzRPbatpV7PHjwfMnrn2FD0+y+52N8jnzeq+LxQR2I/Yj+I/WJ/zU5CyhzbF948OodRvPMrzvehxBP0eHJ0KDGmj/fPxa/txn93ldsWjX51WOwX+0WBRo3RO1FzeA1veuKxjVxzx1tvm7Dm5vXaCTrVjkUvfLG11Osp9hu5jXiMcmwQ+8V+sR/EfsR+sb/nYn+M5lWM+PXZGIHuPufDoyc5MYCV/WeP/834548/R5kj7zvaxH6x3yh+5LW2xzBexYjrzoFrbhW/c3HNjX/+sr/ZEC9o5PVniIGyLiO+pvF9GV/X/RdX4vxOdGGmEwdfvImvV/zvVP2ciTzDnNE7F1DFfqPq47rY7/OH2C/2g9iP2C/210r8sFXmiFEi76/N5uEnxz2v1AAV/3tiv9hfpygQfze7jYRF2h8eq/wwncdrWPbFxf2vax3X3DJfy7wuKJf9+h14gTweo+LFmiLuiJ7M6xYvBsR5KDv+53l+lepaGt8/B37jpsqR50U4sd9xvQ6vaZF/jvj7UufXsghiv9gv9iP2Qw1i/3VhEU/Big5if5P+PGWdYO8/Sa37fJR18eOWcMGjKa9hqr/LecT+vH/mIkecjya9fjE4lr01zI9D6Oz2545rYVlr7sIQhev+Oq4rKZ7n9ftYduCO7/H4Xr8xXKyo22sXf6a4bpQ5J9bS/MV1Ip77VPHNjbzf1008H/JefHg9aepxvYz3X9M+X9L573gTPh/nYbHYj9gPYr/YX58TkLyiUx1DRZXxKc8PYGK/2J9ioCr7Al1er2kZI94B3qQ1t4xvVd0V7mju9ue8pcRt72J4zeNnLivSlXURK6911Vo6/sWbMkfex0mx33G9yveg2I/YL/aD2I/YL/ZXLt7NUsZdiU2KTvs/8BZ9h1u8oCD2i/2iQDNey7zmKL4nrLnVHIvyeH+X9S2Epnwro4rgH+/8tZYWK65TZd3ln/dcif2O61VcCBb7EfvFfhD7EfvF/lp9oGvKB/Neu6soz/eJ2C/2C1TlbEnW7RyVcWd4Uz80Fh3S81hzy9heookXaw68aFN0JI7HZmtpb5wf5n3jg9jvuF71HIn9iP1iP4j9iP1if+Xi3SxFRwsfdMe/c1PsF/tFgWbFqW7DVNHvuSavuUVfCOn22BzvtC9jNO2O/qZeKLeW1mMrlbzPmcV+x/UqLziJ/Yj9Yj+I/Yj9Yn/Px86879jqtecZiP1ivyiQr6K3Eel2fS86nuV113NV28AUOeId590+ELpJd5j26pZMeV3Q8jrWY0vDbn8vxX7H9TpFdLEfsV/sB7EfsV/s7/ltE5q6hU9ZHzDEfrFfFGjWa9rt+l7072q8O77Jr1/RYbHOx8v4Z2/q9j1lb3dkLe2d88S8zzHEfsd1sR+xX+wHsR/E/qRjf9Efipp+8tKUD41iv9gvCpTzlf+6x/54V7U1t5i1rOiLvwJxue9zr2V9njOS57ol9juui/2I/WI/iP0g9ov9IvG4Nn3rO2K/2C/220KkMbG/6a9fneenScHT2motbcr2WnkfK8V+x3WxH7Ff7AexH8R+sV94qixY5PUgRq+j2C8KlDNH3a7vRd4dnvfe145J5T2cN88HtqdwN7jY31vbMon93otNPq6L/Yj9Yj+I/Yj9Yr+wIgbnfnLndRT7RYFmRIGmBIuqFP0A47rG6yY/WLmKbTfuOufD1lJbPor9jutiP2K/2A9iP4j9OCkV+8V+sb/Xo0CRd8+L/c3+nazrz9X0h9mXHfvzWKuspfW5CJfnfIn9jutiP/+fvXt5tu2qDjuctBLSwi2cntwxpCd3RHpWI+Cu0oB0lapAW65CblNl0lcV/AFUkcrTiWXJNsZIQkgCiZe4knjZFiBhjM3DieT4VSZVyhr31rbOvfecs1/rMccY36z6utI9e6+9Hr8111xiv9gPYj+I/WK/k1KxX+wX+wtFgZH3a2J/zti/dOysdqEv9v9Hx0qx37bY8HrFdRViv9gPYj/lYv9z006cXN5Y8KQ0/tvZP5+lL3BfmU7uRv8eK/+2s3y/Fy0dBezXlt2vLTnsc5fbl9nHHueVFWK/fWmd3+Wcn1fG36ptsc71iusqrtourvP16b1AHT4HsR+xH8R+Cpw8xwvdXOCK/b5fUUAUEPvF/qtHvFhZ7Bf7fZ9iv21R7Bf7EfvFfsR+GC/2/9N/QTJvPP3MshdFPmPf48B+8NGlY/+vzf5vXjQKTJ9Hhe814ulyF9vPnPVvi5ugo/7b2OZ3V/F7O/GCftV9lX1pre8z8/mQbbHOPnjJ7c8xnvTHkvvFfsR+EPsRifE9iv2iQLEo4LdqmxL7xX7fp9hvWxznM/rLRx8X+0HsB7EfsV9kEIltE75HsV/s7xgFzv2M/FZtU0uGJnHYvlTsF/sd12tuf2I/Yj+I/SD2M8RF0dd/5V/7nMV+sV8UWM0Lv/AvW8f++PvtE+cVxzG/O7Ff7BdbxX7HdbEfxH4Q+xH7ETsXiJ2I/WK/KLBVlPr2v/13Z/37Yha3fa5tSuwX+32fYr9tscZxXewHsR/EfsR+WsXOihFD7Lf9i/3j+uN//+Ghv9Olt7nv/fpv2CeK/diXiv1iv+P6BudqYj+I/SD2I/ZT/gTaianYL/aLAmv6s0c+MfRvYeltruL670InAmvt38CcNynFfsf1Lb9TsR/EfhD7EfspfwEX4yu/9K981mK/2C8KrOLvX3t9sc/nr2+8nGKfa91+sR/70ky/gSwzq8V+x3WxH8R+EPsR+2n/0iszTcV+sV8UqPIi1ZhdOPq/0T5X7Me+VOwX+6tsi0tve3Mc18V+EPtB7EfsZzj/7403F49P1pEW+8V+UWBpS7/8dq6X+K0xYok2+8Z+oRP70iXEOZzYL/Y7rov9IPaD2E/D2P/stBMnn6UvjHbjx5/8T289Pz1J4DPP9x1W/dxeXzj2vzwFjLn/zUuO+DyyfpcvLxxkfz7dFM22z40Zi/a5429bS+wnsC/teqzMeD5kW7zct6YQn+W4vsb2F/9t+25Sn0+J/Yj9IPZT5yLuzhPr+P/FOv4+e7FfwBAF5vDitDTOzxd+QinC+Vz/3qVfNnjZPlf0F/uxLx31WDnnOaHY77i+xXFd7AexH8R+xP4CF/5x8nyVWD5ByNg/4qVY8XnF/1+IEvvFflHg1Jl/P19hKbI5Y9TSsxWvCwX2uWI/9qWVzzHEfsf1LY7rYj+I/SD2I/YXD4QZT8ZGGfHZ7YLU7sZJhJDgaQCxX+wXBS7GgDWXw5nz3/78Ci9GP3TWv32u2C/2C6z7xOQMsV/sd1wX+0HsB7EfsV/sT+RnC78Aa6knA3ahKsQ7AS4+YREXDbtoFY8Di/1iv9ifLwpEcI7PMX7P8e+LfdUaM/524+9fe32RWfAZ97kX97chYkmHfa7YL/Z3j/1L72PFfsf1Csf1pbe/izfoK3N8EvvFfsR+EPvF/pnEbM5OY3dCGRcYd4aqjLNZxX6x38gVYu1z8+xzxX6xv3Psjxt3S+8bxH6jwnF9je2vw+h4vOlyHiD2I/aD2C/2b2DNWTUZRsz8ufjEQISpUWeriv1ivzH/WPL9KzGr0D53/z53hBsBYr/Y3zn2f/fXf2PRz2ru5VTEfmOr47rY75pD7Bf7QexH7Bf724XPSuPiiy7FfrFf7BcE7HOXG7ulC+Lz2uKGq9gv9neO/Uuv1z/3vlbsN7Y8rov9rjnEfrEfxH4Kxv53tPD6Rz92QOzP93c9/wu/aKbpiSHqx5/81DQL9YObfXfLX9z2/C3PE/Hm/Tcby/+e1/ot2+fm2OeuE/vfwcqWjf0fK/EZLb3tx3jxV97b/nzIqHNcF/tdc5zyG+9yHvDy/e8X+xH7QewX+7fw3V9/2FnmGSOWoYjtIyKe2C/2i/25RvyOvvJL7ym1DXbY58Zxa8l9rtgv9neN/UufW9x6Oa/zIaPOcV3sd80h9ov9IPZTL/b/k3e0cFDsT/z3OVGdZxbRzYv9It9Z19/y2RFvelx17n+zsUxw+tYDH9xsO1x6mYwu+9zvPvTwIt/PiY+db7qfYNt96ZrH/6XE72npEU/oOB9yXK90XHcN5ZrjlN94l/OAl39V7EfsB7Ff7N/Mi/e+19ISM15srHECJ/aL/cbx42ePPj7EBVbsc415Rtw4ic9T7EfsP90fP/jhVX6vS2z7Yr/j+pb7VLHfNYfYL/aD2E+52P/MtBPv4JDYn/1v/KOVLvS6jJght+T3tfTFRdff8rnjpenkfe5/s3Hezbe/mGaSxv7ti+/8RfvcwiM+z7m+m5cWjv1L7CfYdl8axxbHxf37Y+dDjuvVjutiv2uOU37jXc4DXhL7EftB7Bf7t/fDRz7hjHPGERcjYr/YLwpsGwXiO48o8LVp9vdo22PsI4z5RhzDxH7E/sNvOMY+MuMNObHfcX2U47rY75pD7Bf7QexH7Bf7hyc+jRmfxH6x35hnxCP/I830t8+dd8zxVJXYL/ZXjP0RRmPfF/uctZduXGpWv9hvbH1cF/tdc4j9Yj+I/Yj9Yr8g2nB8c3phmItbsV8UGG9E9BrhgstTVWPtc8V+sf/YEcfkOL6MJAJo/LtGeCH4ktu82G9seVwX+11ziP1iP4j9iP1ifxoRS7y0d54Rn+OX73mP2C/2iwKDjohic/9GT1lSwz53vn3uOTM8xX6x35hvLPWEo9hvjHBcF/tdc4j9Yj+I/Yj9Yn8qcZIcJ8vGPBcdYr/YLwqMHYiXWlP6mH2ucDDPOOedKWK/2G/MM+Kpguyx1bbouC72i/1iv9gPYj9iv9hf70A9nZA4mR0r8Ij9Yr8xXiS2zx1rnDqrU+wX+415Qv8aa6iL/caWx3XHatccYr/YD2I/Yr/Ynz76e5nkGBcbYr/Yb9QO/va5232PYr/Yb5w34hxlrZeliv3Glsd1sd81h9gv9oPYj9gv9pcQF3DxWKwlfo4fc138iv1iv7HsWHqdafvc5cepa/eL/WK/kWffKfYbW26bYr9rDrFf7AexH7Ff7C874z8+owhRf//a685arxnffehhsV/sFwWSjFEvxuxzDx+nrNcs9ov9xvEj9kVbbNtiv7Hl/lfsd80h9ov9IPYj9ov9bXzt3vfePJGJuB2f3y5MxWcVugaqubYVsV/sN9aJV2stRTHHDQD73LvHKS9HF/vFfuO4/eSWLzcX+40tj+tiv2sOsV/sB7EfsV/s54olKnah6s5YFY/c7mLVjpNasV/sn2fE55HhpmGEpPi3bvH7H/0zmmOfu9vfVtznxlI+Yj8C6/zBNPYVsY/e+nsV+x3Xt/yMlvz3x/HrzuNxRWK/2C/2I/aD2C/2c1C8uixkxQzPv77x8uYXyXOc4In9Yn/nkB2RYK1AcOq67/a54+xzjw2SYr/Yb9w+4nccLziNyRgjBH6x33F9lOP6kv9m15div9gPYj+I/WI/R/jmAx+8eeEaJ/wZZxSJ/WK/WevvuBme1vgNb7lERZUbA1vuc4/9/sR+sd94ewZ/HCd2N/JG/F7Ffsf1LY/rYj9iv9gPYj9iv9jPgBEqvt81A1QEL7Ff7BcF5lsSYOnfb8xqtb+cd5+75ojlRsR+jHln+ccNvBGeehL7Hde3PK6L/Yj9Yj+I/Yj9Yj8DX1istdzEHNuL2C/2iwK3P6mz9PjyPe+xr0wWc07d54r9Yr9x3ASGLbdpsd9xfcvjutiP2C/2g9hPudj/+Wkn3sFrB8T+Lp9FZV+YZqitFZ/O/bcufXHb9bc8R8Sb+9+85IjPo8p3u/Rv4jvTI//2k/NaK/j/3bQUyTH/rjViv+9/fcbyN9W+NMXTavv+bNui4/q6x/WlY799d83jTZfzgBtiP2I/iP1iPyNYOvKI/WK/KJDztxuzV+0j5/eNFWZvHrtPE/vFfuP08eq05rrY77je5bgu9iP2i/0g9iP2i/2YSTTLSZ7YL/aLAneLGdyjzA5nrH1uPLk1SmCq9rsT+40tb46K/Y7rp45YvlPsR+wX+0HsR+wX+52MmWkq9ov9Yv+gIjD5XdjnnvvbFPvFfiNP8Bf7Hde3/H7FfsR+sR/EfsR+sZ8kll5HWuwX+0UB3y/rhVixfx0/fOQTN49PS4j/ttgv+Iv9jutzjnh3jNiP2C/2g9iP2C/2Oxlr4GePPj70xZjYL/aLAtZat5SP2N/pezz3XMvYZsSTO2K/43rV47rYj9gv9oPYj9gv9iMKi/1ivyiQNApYfmXZGeGjfHe2I7HfmG/Ek5LHvDND7Ld/ybQ/FvsR+8V+EPsR+8V+rCEt9ov9okDS5WDE/h43WGNZB9uR2H/MiJeILrV80alGGktu82K/47rYj9gv9oPYD2K/2I+ZRGK/2C8KHD3OXTOcPPtc25HYX2VfGrPq4/cV/8a/vvFyudn9Yr/jutiP2C/2g9gPYn/b2O/llWK/2C/2iwLrXXjb54r93QKO2D++L93znpsvzl17vPrQw2K/bTH9cV3sR+wX+0HsR+wX+4VO4Uns9xsQBcR++1yxX+wX+4cSy1WtOdM//l9iv21R7HesEPvFfrEfsR/EfrFf7PfYsNgv9osCYr/Yv+q2HsuOZIueYr996SlL/KwZ/JdYykfsd1wX+xH7xX4Q+0HsF/uFp4MugMV+sV/sFwXE/p6x3z72NPGiWrE/3/nOkt/bxfGNBz4o9tsWxX6xX+wX+8V+xH4Q+8V+sV94EqLEflFA7LfPrRP7l3pZqd+ffemIv78lPyex33Fd7EfsF/tB7AexX+wXnsT+pr/tHz7yiUU/t3jxoSggCtjn5t/nLv0C06oX+mJ/Xmu8tHeJ82Wx33Fd7EfsF/tB7AexX+wXL8T+pr9tUUAUEPvtc0f47l596OFyv72ll78T+5cVN6uXHrFckOO6bVHsF/vFfrFf7EfsB7Ff7Bf7xf47/OzRx32XooAocIev3ftesT+p7zz44aG29YjxS46YRV1t/7r0cVPsX97S5xZLHCcd1x3XxX7EfrEfxH4Q+8V+4Wnzz+rci7Gl/31LvERvBD9/401RoHAUGC022ufm3actvS0tMcN5a0vfIBH78990izH3cndiv+O62I/YL/aD2A9iv9i/0IiLROFpnZg++s2IrksUiAK1f7dif971wo/9rNbYX8SM1Uq/v6W/Q7E//1JMS+y3xH7HdbEfsV/sB7EfZoz9T0878Q72nWj+n+lkLMPfscYyCVW+8/+z8MXjjekkb8lt8tyRZZseafv/vzdeXuTf7Tc7zu82YuZIv1P73GX3uUuPeGF4pd9fPK2w5PjptMSMfeny4lg28vnP2vsOx3XH9a3+fRXPxbtYez84KrEfsR/EfrF/jQPuwo/CVjopXXq5l3NP8pb+LmM8N83wq/Q7/unCaxEvtf2LAod5boUZqcd+XkvfYDo3fma6MD53vDDN1B8tesZxpsp+do1j0rn7K/vSw8RNqCVH7BfFftti1uO62I/YL/aD2I/YL/a3uhiPcFHh+/7qwi8Dm+O3kyGsjOSFFZbkOHd2mCiw7H56i8/rxgrrvlf47mJZsxH3uT9d4WWlVWb3Lx1cxf46+9K5Pyux37Yo9iP2i/0g9oPY3zb2rxE8I9pk/76XXnd4rt/O0qPSrNM1ot1SF9iiwGGz/5Z+GueUGalr3JSrcMG49D731BvRa4SmCt/hGtv5HOcX9qVjfJ9iv20x83Fd7EfsF/tB7EfsF/vbLZWQ/cR0jRsic31GS6+PHCOWscge/F996OEUIUoUGPtmzqkXZ0uP7Ev5rBGKT93nrhWxI2jFE2VZg9wax6I54oh9qdgv9juuz71fEfsR+8V+EPsR+xMH4DgoXyXTRfrSaxBnnt0f0WKNz2euOLfGsgnZg/9aoT/GKWuCiwI5nsQ55zteY2Zi1ovGtfa5py6Vs8Z60ZmD/1rf326cexyyLxX7xX7H9bnP3cR+xH6xH8R+xH5azJTJGi3WuriY60JsrSUmdt/p3C/VW/oG3VqzwnafT8ancTJHgfiO17rhdc4xb41/o1B8/YibfiPfIL/4PZ7zb1373TZrfjZzvJ/CvlTsF/sd1+f+fsV+xH6xH8R+xH5avOwqWxyOi4s1o8VcJ3hrLTFxZ3CJ73XUmf7xXcYs3jVmU18cSy6lIgrc/TLXNWf9nXvRHdvjWvvcLE9VrR2Kz9nnrvX9ZdnPxj52i9/fHPtY+1KxX+x3XJ87pov9iP1iP4j9iP20eZHexRPVUQPUVtFizoCz5Yj4ErNQtz5hjf9/XNyuGQ/nnDksCtw+2/viEmmx74h/YwTXtWf73TlOXQom/gb73Lcj/xb73HMj1FYjbuDEfjbC/5ZPbsSxMvZxaz4ttcS+SmAV+8V+x/U5jutiP4j9IPYj9jPcSfdW0SIiz5bRYnfBsWUYjv9vxheYHTobNS5M4uIpPuNw2TsuTnlHxu7iMMR2FP+ftV4KechYar3+rW/oGG+PU59UWuOl31f9HkfY58ZvN/YJW+1z54glaz8ptO8YEn/Tbn8Y3++d+8t9N5TvjG878d+6cz87yt8+xzYs9ov9HWK/cfiY48b41jcsqo1K+1LEfsR+EPtZ1SgnprtocTFcXHTdS5GvErMPL/43dv/9qiexEWeM7bfjLR8FNtYZ5zyRs+VTJ4fuc3dP6Zyzz93N1BxpnzvHUzdbPI1gvD3meieKQCX2i/3GXMd1sd++FLEfxH7EfoYS8cPYZiwxw3akWacdx9LvpjDy39Cxz91uzPHUTey3je1G3GwR+8V+sd8Y6bgu9tuXIvaD2I/Yz3Br1Rvrj1hWY4nvc4sXSBq3RtxoWfolmsb249zZ4fa5uWOOoLPtmOsmuUAl9ov9xlzHdccG+1LEfhD7EfsZzkhrvbuwcPPGRYkoMPKYY3a4ILD+mPOpm7Vfbm/Mf8NGoBL7xX5jzuO6Y7t9KWI/iP2I/bS6mDNuH0vPAI+TY6PWdyoKjDHixqh9bs7fZ9X33bhhI/aL/WK/sf1x3XHBvhSxH8R+xH68qNfJ62IiOscyQcZ6Y6knNUSBsUaEL/tc+1w3bNYfc7/8XKAS+8V+w3Fd7EfsB7EfsV/st3a/cfZYawb4Nx74oA87aYQSBcYccRE/53fpRa/rjKXej+IdKXmDnNgv9ov9xhLHdbHfvhSxH8R+xH6GY/mX5cecyxAIUWPcvJnrhZGiwNhjie/ZPnf5ETc+l3yKKm72GcuOOJZl2peK/WK/43qOMdda/WK/fSliP4j9lI39n5t24uTnRHW5EeuCrvldPitELT6+Pd28WfM7NbYZ358uOJf6Tv1Gc+9zvzLdBIqbfsYyI34fcSzLtC9dcn+xtq8vHPvn/qyWPod1XHdcdw1V49yLDY4nYj9iP4j9bOdZ670vMuIzXSJY+D57XYQY64+4eF/yO31+mlkoFueJxJd5xbJpi4z4XcTNlGz7UrFf7Hdc73lcF/vtSxH7QexH7GdYZirmCRa+z23Gn3/yU5t8l0bNYOw3mn+fG0/5GHm+Q4FK7Bf7HdfFfrEfsR/EfsR+sf8fZ2HGxc9Vtoy64pPoZEmf5cefTutHb/U9GvVCv31unX1uBH/fYY7vUKAS+8V+x3WxX+xH7AexH7Ff7L/p+3teqLj0kg9rB39LwOQP/ReDf6xhbZz+fa69Rr8o0CP0C/7zjDhebb3Pddw8/7e3xncoUIn9Yr/jutgv9iP2g9iP2C/2t4v9AvHpI7aDLWLhIf7koYcFxUEDlCjg4jL2G4JB7n2u4+ZpI56aWus7FKjEfrHfcV3s970h9oPYj9gv9reM/ZYnOG7EZxQxPcNyVLHuvLH/+9x6Nr8osF4sHulJHDfl8u9z48W9ZvkfdjM1onKVfanYL/Y7rvc8rov99qVXtYPrxDWZ2C/2I/aD2C/2bzpbMf5+AeryEfF81Nn8ov9xIwJdbOujfZ/GMjFgpBs6d+5z/T6vHmvOBD/3ZrnoP9ZvT6AS+8X+2vuWuNm69u9F7LcvPeU3vvbNbrEfxH7EfrFf7L82+osXt2aVVpiVEf9+3+lbN5feGDX8igLz3syJUJzlhep+n+PfiDs0+nePQXHMHOG3J1CJ/WK/47rYL/aL/WI/iP2I/WK/2H/FMgUx87TTbP/4W+Nv3mLW0FovmIwLplhaocN3uQv8GeKhcd73HPvvLIHfPvf2iFNpnxs3b2LpoQ772N150Wi/PYFK7Bf7HdfFfrFf7Bf7QexH7Bf7xf4DInEEjDj5rhSiIshEaIq/LXsoPOUpjghssd3Htp19ZnH8DZm/S+P6IBzf7y4sxnccF1CV10KNbXj326y0z83+Oz02/MfNxvh7s8f/y35/HfelYr/Y77je87gu9tuXiv1iP4j9iP1if4tQHCcwcXIen1vEjN1J+84IFxAhZrLvXpQUcbt6JJwjMsZnFJFq97nd+f2udWPgzm3q4kuv4t8YMi75cVV44ZZuN94q73N336l97tu/891N1t13uMaNgPh/XLc/vXh83LEvvVul7Xi3T8nyWe3OTZbiuO64vuX2102VfanYL/Yj9oPYL/Yz84WmeDTmTFZhF+r8Pu1z8wVYnyMAiP1iP4j9iP1iv9gPAAAAiP1iP4j9iP1iPwAAACD2i/1iP2I/iP1iPwAAACD2i/0g9oPYL/YDAAAAYr/YD2I/Yr/YL/YDAAAAYr/YD2I/Yr/YDwAAAIj9Yr/Yj9gPg8X+p6adeAeHxP4unwUAAABwt33jxSn2d/gcXhT7EftB7Bf7AQAAALFf7AexH8R+sR8AAAAQ+8V+EPsR+8V+sR8AAAAQ+8V+EPsR+8V+AAAAQOwX+8V+xH4Q+8V+AAAAQOwX+0HsB7Ff7AcAAADEfrEfxH7EfrFf7AcAAADEfrEfxH7EfrEfAAAAEPvFfrEfsR/EfrEfAAAAEPvFfhD7QewX+wEAAACxX+wHsR+xX+wX+wEAAACxX+wHsR+xX+wHAAAAxH6xX+xH7AexX+wHAAAAxH6xH8R+EPvFfgAAAEDsF/tB7EfsF/vFfgAAAEDsF/tB7EfsF/sBAAAAsV/sF/sR+0HsF/sBAAAAsV/sB7EfZoz9T0478Q6+d0Ds7/JZAAAAAHc7JPZ3+By+JvYj9oPYL/YDAAAAYr/YD2I/iP1iPwAAACD2i/0g9iP2i/1iPwAAACD2i/0g9iP2i/0AAACA2C/2i/2I/SD2i/0AAACA2C/2g9gPYr/YDwAAAIj9Yj+I/Yj9Yr/YDwAAAIj9Yj+I/Yj9Yj8AAAAg9ov9Yj9iP4j9Yj8AAAAg9ov9IPaD2C/2AwAAAGK/2A9iP2K/2C/2AwAAAGK/2A9iP2K/2A8AAACI/WK/2I/YD2K/2A8AAACI/WI/iP0g9ov9AAAAgNgv9oPYj9gv9ov9AAAAgNgv9oPYj9if1Lce/PDNoH+VHzzyCSc2AAAAIPaL/WI/Yj+I/QAAAABiv9gPYj9sEPufmHbiAAAAAN3tG1+bYn+Hz0HsR+wHsR8AAAAgrXjf33Weu+c9Yr/Yj9gPYj8AAAAAYj+I/SD2AwAAACD2g9iP2C/2AwAAACD2g9iP2A8AAACA2C/2I/aD2A8AAACA2A9iP4j9AAAAAIj9IPYj9ov9AAAAAIj9IPYj9gMAAAAg9ov9iP0g9gMAAAAg9oPYD2I/AAAAAGI/iP2I/Q5iAAAAAIj9iP0g9gMAAAAg9mtziP0g9gMAAAAg9oPYD2L/Ht/76Meu/Rz+99PPOKADAAAAYr/Yj9gPYr/YDwAAACD2g9gPYr/YDwAAAGwTue//tWs9/c5fFPvFfsR+EPvFfgAAAGBk+0YEf7Ff7Efsh2Fj/2ennXgH3z0g9nf5LAAAAIC77RtfnWJ/h8/hq2I/Yj+I/WI/AAAAIPaL/SD2g9gv9gPATF649703L0jP5bMEAMR+sV/sR+wHsV/sB4BrPHfPe24L63G8uuhHn/zUzWPUnUYbl/0b499+8W/5o4cevu1v/dz0gjvbAAAg9ov9IPaD2C/2AzCkiNh3xvuL0f7nb7z5lnH7+LvXXv/Hz+f1Rz5x180B2xUAIPaL/SD2I/aL/e1i/76/1Th+RKRz4pvTiDOgTx3x2/adDnQBNF3o3Xjgg7eF/AjWxjpPEOxuosT3EMsV2SaPE9tupRFPyPhea4mbfl1G3AD2ndfzzQc/XGo7jb9H7Bf7xX7EfhD7xX6xX0hA7Bf700f9mGEe4cms/LHHX914+a2fPPr4zd9KxGz77eufPhGhGFm3m6duWtYTEwFcC4n9Yj+I/SD2i/1i/6DD7H6xX+yvL2JLRMP4vUc4NmrMmN09CWA5oNtV2sYdo+u9y6TbiJvKvns3rEYd8bdYxkfsF/sR+0HsF/vFfrOuEPvF/uGDUsT9mA1uxn6fsYv/3ffplZZJiRsX9mmWP8k84jjku681eaDSiOOF2C/2i/2I/SD2i/1if8lA5AJG7Bf781+Ax0WrmftGjLjJE7PCY9kf6/bnHrE0kX2c5U8yD999HfGkRqXR7Rgp9ov9iP0g9ov9Yn+jYRkIsV/szxv4vUDXEP7rrtvf8YZNVV2ftHKOWUc8qeFmqtgv9oPYD2K/2C/2Jxhm94v9Yn+ekBlLQZjBb5wy4sZQ/Oaqv5Cw0j6y2zITlj+pNxzn3bAacXRcJk3sF/sR+0HsF/vFfjOvsCa1CDDQOvzxvVuD35hrxAzNqvv9SucM1u23/IltGDesnH+K/WI/iP2I/WK/2G8cPczu93twsTVm5O+6zrOx3r6/2gV+/D2VhnX7PW1iG8YNK5OcxH6xH8R+xH7BT+w3nPiK/WK/yG8YLaN/pWHdftujbRjr9c834ilJ+yGxX+xH7AexX+wXN9vEHhc0fg9i/7Zr8ldapskQ/c2kPn9Ytz+3CN3dh23Yev0jjbhxIfaL/WI/Yj+I/WK/uNlmmN3v9yD2byNevGtNfmOUEU+WZF56o9KSE9Y8956d7CNeDm5bsF7/KCOOD2K/2C/2I/aD2C/2i5utZnW6sPF7EPvXXbKn+3rOxpgjbj7FTShxavthzfO84maN8dbNY53twc3TEUYcH8R+sV/sR+yHZLH/D6edeAeHxP4uf6sx7/jKdLLX5Xfk97B97O/8XX5nuoA2m9/IcBP42SnUZft9VfptxVIwjn/5xO/GuDW+Md04tE3kVGlCQjxl0vV7dP13y1fEfsR+EPvFfnGz4+h8Iuz3IPav4alplm6ll90Z9UeE82zBudJvLJaCcfzLJwK3cWv82bQ0mG2iZiS2HYr9Yj+I/SD2i/1ivxlY+D20jf3PT4+PW9bBEJ3XeXKmyoh9huNfPhEWjbdvGNomEobRKQC7vhH7xX6xH7EfxH6xX9wsMMzu93sQ+5e5aLZsj1EhPMfTKRlurFUaGT5z6i4lNceI36Ttwjmn/ajYL/aD2A9iv9gv9pv9gthvOQfDGOyGcIZwZ91+3GwaZ8TTNrYN6/VveaPackxiv9iP2A9iv9gvbraPOS50/B7EfqHfMC4bEdJHD/6VllGxbn++F7Abt494j4Ztw3r99qFiv9gPYj+I/WK/2L/hMLvf70HsF/oNI2vwr/T7s26/GdEVhm3Dev1bje5PR4n9Yj9iP4j9Yr+4adwcZvePJy5WxH6h3zAE//2evec9pT5r6/abEZ19dAmKrr/caBL7xX4Q+0HsF/vF/mGH2f1mWon9ZsQZRtbgHzetqwzr9rsp77iPp1OOH5Wui8V+sR/EfsR+sV/sN84eZveLyC76j38xY6UXgxrGocE/ZtJbt3+5Yd3+HOJ7MkTXzOIpokrDy6HFfrEfsR/EfrFf7DfuGGb3i/1i/+EXyJVmEhvGMSPWlR9tqZlKy2kJpTnE78C4eliOytMpa4/RXyYv9ov9IPYj9ov9Yr+xyYxNF2div9i/308efdwOw2g94jdghupyw3FwbNXeE7HEsByVp1PWvobxnYr9Yj9iP4j9Yr/YbzQJs2K/bWpO8Zi4YRjj/bYrzbT2glMvZs8+LEfl6ZTON6DFfrEfxH4Q+8V+sX+omTFm94v9Yr91+g3jkDHSsgmVZqm68T62Su+IWGpESLatWK9/rWEpUrFf7Efs9yEg9ov9Yr8hMoj9tidrNBvGmSPeXTHKDeJK609bt39sbvoeNkZ8mTc11+u3rYn9Yj9ivw8BsV/sF/uNa4bZ/WK/2G/5HsM4dIyyXId1+1nrCS/jsGG2tfX617rp7DsV+8V+xH4fAmK/2C/2G00CrdhvW5orIprJaRjjBwTr9uPG7zgjljuyzXhSscsNZ7Ff7AexH8R+sV/sH3qY3S/2i/3WZzaMQ8coMyut28/S4tzbyLVfoPZTULEkke9V7Bf7Eft9CBSI/Z+ZduIdvHpA7O/ytxrrj/hOuvzWRlMp9mffjp6Z1oE1DCPHb73SvrPSOV4lxnHji9OyR7absXy92Hr9T043L3yvh+2f4hjZ4XP4stiP2A9iv9gv9huXj5jd7wRasOoe+83iNIxcx4xKw/FQJM0+Ytkj285YKj2tGMsR+U7FfrEfxH7EfrFf7Dcahdqsniz0iHXmbajSTRfDWGNERHKDbr7RJcxkUWmZqLXGjx993LYzmL+dlldyjin2i/1iP2I/iP1iv9jfdJjdb3Zq5wuxiBSGYRw3Yukr5xP2nxVVeqnpmueRth1LE7ohKvaL/SD2I/aL/WK/MdAYYaamE3axygWxYThmWLcfxwRBltO98uCH3UgS+8V+sR+xH8R+sV/sN7afqemEXey3pq1hOGYcKiJQleF4KJI6D8C5zd3DElFiv9gPYj9iv9gv9htnDLP7xf5OF/mxdFWlWGgY3Y4ZlZbgMitaJM0+PKFivf4lhpc/i/1iP4j9iP1iv9hvnDnM7hf7u8T+uIA0DOP0sfX7Xir9hs2KHoMbwOcN73+yFNXc44v3vtf3KvaL/SD2I/aL/WK/cc4wu1/s7xKqvITRMM4fW866jAhUZZgVvb1K29NW4+sPfNC2ZCmq2UY8oeA7FfvFfhD7KRf7/3kLh8X+Hn+rMcZ45p53t/n9ba1W7M/zuX/x3vv80A1jthiz3W/552+8UeazdEzc1nce+ogf9Jnj9Uc+blvaWKWlqG5NQPKdHnvt8JX739/ic/jyr75P7EfsB7Efsd9wci32i/23RJAwthsRaONG9lz+6sZLPtQNx9cf+MBmv+UfP/pYmc+xS6AZVexLjPNG7IttS9uqtF7/Kw9+yHcq9ov9IPYj9iP2G3MNs/vF/sqxv9LF8NZhJwJZBNfYBkJcnMeF5s6T73zXpt/1xX9L2P07Q/y73SzIfYO40mzsbPtRx2PjsrH1Pr+zak8t2pbEfrEfxH7EfsT+RcduJmqlJQNGjTdO2EUqF8PjjLgxEvu+iyG/8gV4bB+7mwLxBIjZvmNHmbgxXWXEzSfHxe1uChrzDLOxLUU112QC3+nVTyFdJ85jxH6xH7EfxH7E/gPG7t0JcRHTZZjdL/ZXjP2W8Nm/r4vvs3rUP+UmQISUCLJdbvpmCXxVntSJ7cpvzXHBZBEsa+b9D4j9IPYj9iP2rxj7Oy0BUunl0GK/2L9jyZbbR+zP4qLaeuHHiXXqI2oJ/7fGlrPSK72QssuMTMeF2scU25QXlp87tnwXDGI/iP0g9tMw9nea3S8AmpFaKfZXWvLjnBFBIAKpsHi+ePohjgneA7HdUj6Vjsnx9Ijf1fq/YWPe4clQSxSeO3yniP0g9iP2I/avGvvN7mfOdTfFflFwzRmX8RlYnme57atz9N9qKR/r9uO44KaV9frrrNfv2gOxH8R+xH7E/k1OPM3uR+zPF/srLfdxzIiZ/F6auG487Li8z5ZrdVu3H8cFN62s1+9mEWK/2I/YD2I/Yv9Zs0zM7kfszxX7O866jvX4zeTfZmmQSvFl9FBd6QWrltdyXLAvoPN6/faBiP0g9lM49v/BtBOnlsyx/y+nKHvn39Npdv+Xp9n9tuH5/WWh2D/6Z/35Zuv1x4W/3+32ui0R8oUp0mzxOb84vcyxyvj2NKvVb2cdXyi2zrl9ge24wrmL75RDiP2I/SD2I/afPWLm12V/U5cZYZfd7EDszxT7O0XXv7rx0ltPTDPL/cbGCTFdlvXZal/wRKGXrMYTIX436/h2oXXO7Qtsx/Z/iP1iP2I/iP2I/TNsk2b3I/bnuKh/rdAyH9eNWH9a6Bf8O94YjptcZrZyjG5LbZkk4lxy9BHXVb5TxH4Q+xH7Efs3jf1m9+MCLUfsr3QxbEac4J/xWOmG3uHDEijrMGruC2zHeUcsueg7RewHsR+xH7F/84sWs/sR+z/mYnjjYemeJBen0z7UccK6/fuGdfv9FiuM+E3a1mzHh46rlkwFsR/EfsR+xP5NZiiZ3Y/Y7+V1W42YLW42nGNh91Bt3X4s7TbWiM/YtuZ4YntB7AexH7Ff7HdCmjL2V5pRuG9YT1Pszxb7qz99Y/ak375QXetztW6/dzxUGPEZ29bs85zLIPaD2I/Y3y72R4SKE7WrVJrlUDn2d1kTPIbHbF2kZYv9lWdSmwGcUzyJ4Rjht37dsG6/p0AqDMvLWaLQtoLYD2I/Yn+72L/vwrTSsinVY3+n9V/N7hf7M8X+qjfiLN/jmCja1D0OW7ff017OF+myv/MUCGI/iP2I/WK/sDFk7De7n2P92Sc/JfavoOo7NTK8GJnrZxfHDZuKY8uXuVcZntpx7K0w4rO2zbmucj6D2A9iP2K/2C/2p439ZvfT8UJt9Iu0iiMisUfe7QNGHVvOSrduP11vAJsc4ulQN4h7fO/X6bIEnNiP2A9iv9gvaqwW+83uR+z3mLvZknSf3b/l+4as28914jM11h2Wm/PeCTc215vA0uXGidiP2A9iv9gvbK4a+83uR+wfx4sPfEA8YWgRxquNLc9dKsVc6/bPLz5Tw7lidpXObSxZJvaL/SD2I/aL/cLm8LHf7H7Efp/xksOL7GqJGzfVxtYzNas8LeEJnvlFWMw44qZg1nNLMddNYjc1xX6xH8R+xH6xX+xPP5PW7H7Efi9idGHMoeIGTrUh6Lqh7h0u8948yzqb2zItjhnXDcuVif1iP4j9iP1iv7C52Tj25MnsfsR+L7BzYUzXpUW2DA6VPk9LdnmHy25mfOZ12h23rNfvGkLsF/tB7EfsF/vE/vThotPs/pFjr99E7+8/LiTdXMNSPuuPmIVs3f7zh6fnLH1ycRvIegPbE2nW679sWKpM7Bf7QexH7Bf7hc10sxS7zO6PR7RjppGTcLHfkg3rzPCknmo3prbeL1i3nypLn1x8uiPreUOl6xk3rdzMFPvFfhD74cTY/+lpJ97BnxwQ+7v8raOPL00nT8f+zV9qNLs/vt8uv1u/iTzffbURsyP9dmqqFHBixN+z5ef5wyLv64ibQH4f58u69Mmd33/m80rb4Twqrdcfv0vf6bzntadcr2b0JbEfsR/EfrFf2Nwq9n+64ex+J+Ji/zAXAgVvtnW5iOvo5WmGY6Wx9flLpc/z6Wlmt99Iz+3hsptmjl9uWlUYcdPCdyr2i/0g9iP2i/3CZsqLFLP7EfvFfrPg2OfpYuv2b33+UunzjFDtN9LzSY9Yn73KJJKtn/apoNJ6/bYHsV/sB7EfsV/sFzZTz0iqspzAvmF2v9hvJueyvy+/m9qqrDM/yrlclfcgxDmE30fPbeGyc6pYzi3jMJPbcm/7bmQh9ov9IPYj9ov9wmaa2F9txmbG8CtG9/vOq9xMqXg8oMeyb2ZzzzOs23+eL9x7X6l9fta/56qbF/S7gdnpWl/sF/tB7EfsF/vF/qKx3+x+Ki8zI/avMzzybtZmtrH1WvPW7SfzTPjrjq1ZnwIym9vSZCYviP1iP4j9iP1iv9hfJvab3Y/Yb1av3xUVo+So0cG6/YQfP/pYyu88ZvBX+5ssSeXmZYw41vlOxX6xH8R+xH6xX+wvES3M7kfstySKGZF0ean0CNEh1gmvMETS5eLYqOdRFW8MWpLKNcS+G1mI/WI/iP2I/WK/2J8qWnSa3W/JEbFf7K8XTjETPdvszSpLI4mkvY6zMXO/6r7CklS91+vfdyMLsV/sB7EfsV/sF/tXG3M9Qt9ldr8LOrFf7J93eFrGhbx9w/HiiRjHVO/BqHijLGv8tSRV7xvB+25kIfaL/SD2I/aL/WJ/umjRaXa/ZQfEftF0vuE300PWF2+Oum+Im2RVhkjaZxmnQ27sZJ08Ivb2Xq/ffkzsF/tB7EfsF/vF/pLRwux+xH6x/5jhsfc+Kj2RMsq+wbr9PWW90XPokk1ZA7DjWe/rBtcFYr/YD2I/Yr/YL/aXjBZm9yP2i/3HjErHAvrE/lG2W+v2mw1d8bwp87mkF7T2XK/fPkzsF/tB7EfsF/vF/tJB0+x+xH6xX+znTrHEhe3WvtbxtO95VrxnovpTKyO8vNt6/euPuPHqOxX7xX4Q+xH7xX6xv2zQNLsfsV/s9xui2rFy1HOYKuOYEGw2dM7Z0Me8jD3rUyvW7T9c3Bix/0LsF/vBh4DYL/YLGEmCptn9Yr/Yv4xYIqDSGPWGCo6VWc5hqiyPZGZs7QkVMVP/mL8z4mnWYTvt97TXMTeyEPvFfhD7EfvFfgEjZWwzu1/sF6J9tmI/Yr/PdakYbDZ07X191pcQd4qS54oXGtt3IfaL/eBDQOwX+wWMRLGtUtjZN8zur3mzR+wX+3FMuGxEpLJPMDvWbOhlA3jWdfsd13o9pej7FvvFfhD7Eftd1Iv9bU5S46K9yqydfcPs/prrSIv9yw/r3Pbx8oMfKrXt2t/aH5gNvezNsazr9pvp3Wu9fk9yiP1iP4j9iP1v/f60E+/gkNjf5W/NEDR9NuePF6aT0C6/70NUif2jfa4vFIv9fjd9VNt2R/ps/6LI2tffn+Ku30q931Bsn932GZ+dJrzYZuvvs+JGlu9zneuGLueLL4j9iP0g9ov9Yv/oQfOzjWb3V9qmxX6xX+zHtpvnfO5bRWbJxoxov5V655uxfXY7l/ja9JSKbfZqVa4NTr2Rhdgv9oPYj9gv9rv4Sh00ze530u63IZj6zSD2L+e5QutfmxF9taxr2H9ueo/PqX9zXC9kHJ5S6bG/OudGFmK/2A9iP2K/2C/2LzZivfklPx+z+520i/2CqdiP2G+m7CHDjOirz6Uyjr997fWW59jn/t2VfavQev1x48J3KvaL/SD2I/aL/WJ/y0Btdr+TdrFfMHWhLPaL/dbA3jfMiL5c3ATpOKEk8yzwc55osF6/GzquG8R+sR+xH8R+sV/sHzr2m93vpF3sF0w7HxOx7Zote9iwbv/lIppnHC89+KG2T63M8bc7P6x7IwuxX+wHsR+xX+wX+9PHabP7nbSL/YKp2C/223aXEbOIqwzr9t8tZhF3/S6zzgQXg2sfB9zMEfvFfhD7EfvFfrG/few3u99Ju9jvQlnsF3lsu4LwvmHd/ho3cuZ6SiPrUytxzmv7rTvxx01JsV/sB7EfsV/sF/uFabP7nbSL/YKp2C/223Yt9bJnWLe/Ruye63vMvG6/99LcLq45KgzLjYn9Yj+I/Yj9Yr/YL/ab3e+kXewXTMV+sd+2u6hYVkJI80LTipMesp47xo0a23C99frdkBT7xX4Q+xH7xX6xX5RuOru/81IEYr9g6piIbddyL6cOS2TkD92eWnnr5o0a23C9Y4B3c4n9Yj+I/Yj9Yr/YL/Y3nd0f6yeLE2K/i2XHRGy71u13s7zT72buyJ35qRXbcb3JPr5PsV/sB7EfsV/sF/vF/iLrz54y4gLVuqxiv2Dqglm0tO1at//wYZmM3OeYcy9fk/mpFbPAa63X332ZTrFf7AexH7Ff7Bf7nbSWn324b3Sd3S/2C6aOidh21xcz4isM6/bfEp9DxrHEi2mznjeOeC5hecdxbmQh9ov9iP0+BMR+sV/sLxP7q7xI8JDRcXa/2C+YOiZi211fLJVXZXRftz/rd7nUJIesT62YCV7nJuRSN7IQ+8V+xH4Q+8V+sb/MRYjZ/WK/2C+YIvbbds0G7xx3qgXSiPI+DzeuLopluSqMeB+V47nYL/aD2I/YL/aL/cOPLR+VN7tf7Bf7BVPEftuusJZlH+z9C9ud72R+aqX7C6er3IBc6kYWYr/Yj9gPYr/YL/aXihZm94v9QpNgithv2zUDuvK5Yqfzo3iZrmh8++j8wulKS4t1XJZT7Bf7QexH7D9g/N60E+/gjw+I/V3+1gxjy8+v2+z+LvuACrE/ftujfa7VgmmX3wO23TX9YaG41vX38tQUzDOON6cYv+TnkvWplaU/l5F9tdB6/fG7dDxfxiGxv8Pn8LzYj9gPYr/YL/ZXuZjuNLtf7Bf7BVMhT+y37doHHza6BJ47feuhj6T8viLGC8dCcYUbNJ3P4cV+sR/EfsR+YePKGUlxUL7Ks/feJ/aLFi1n98cFvNgv9gumYr/Yb9t1bpJzP7yGv3j0sZTfV8T4raPgqKPT050XvVlkvf6lb2SJ/WK/2I/YD2I/LqjLRYsus/t//sYbN5dYEPtFJsHUMVHst+36vK8flZ4EPUacK/hd1Dq/+NPp5a7dtuNKS4qtcSNL7Bf7xX7EfhD7EftLRYtOs/s7zFQU+wU8x0Rsu2PHE5+130rGGzNZz7s7LgNTab3+DhN1xH6xH8R+EPsR+83uP3F0mN0v9otAjonYdu2H5xjd1u3Pel651jKFmfcllZYx7bRef9cnjNY+R7hOl5stYj9iP4j9uCgrFy3M7rfesO9IMEXst+06P+l0vKyyxvmaITvr6PLepmqTeLq+OwSxH8R+xH5hQ+wXLVwYHDGqz+6v8LsQ+wVTbLuZt92Ir2bVWuN8rXMaEwr2j/h3d9mWn7rn3WX2992eLkLsB7EfsV/YEPvFfut7mikk9gumYj+2XS96ta9oeg609stnY4a8myJjq/K0bqfvDLEfxH4Q+xH7rTM8wwVE1dn9Yr9g6piIbdeSambWHieiecYRYddTK7blCtvynaPT0xiI/SD2g9iP2C8KFQ3Kfhdiv2CKbbfGtpt1BnSXY2WVpQxjyRZPrdiWKy7L2e09C4j9IPaD2E+RqDni7HKz+/0uXJALpoj9tl3r9sfosG5/1jXOI+p6asW2XHW9/i1uZCH2i/2I/SD2I2qePUZ8pNjsfr8L34tgithv27Vuf5f9RdanML7/yMetCV9gko3vZpwbWYj9Yj9iP4j9iJolY3+32f3VZg6J/YKpYyK2XWtndzhX6T5TPV4qbPZ4js/MPue4sfaLp0HsR+wHsR9Rs/wFdKfZ/dUuKMR+vwnHRGy7ZtlW3yd7AmPbWepZ14Xf6mkI38txY+0XT4PYj9gPYj+iZovZcl1m98eoNLtf7BdMHROx7Vo/e85Rea3zrL+Prb+TrDPI37zxkvX63cgCsR/EfsR+RM2esd/sfr8LsV8wRcy07ZppW3mfkfWYufVx0rr93j3hhgxiv9iP2A9iPy7QksV+s/v9LsR+wRSx37ZrDe0Yz957X8nfR9bznK2/jwjmWUfVJWKyvnvizlF9qSXEfhD7YcbY/7vTTryD56eL+ghlV7kxneBW+VsrRM34vkbfnrqMCDJ+F+PEfr+FZUeXYyK23a3dKLJu/zenWcPVfhufSRqs4x0DI3x+MQPb+d44sr57Itu1EUXPlcR+xH4Q+zOHvp9NM5jEfie0x/hZo9n9T06z+7P/Lr5Z4DFusV8wxbZbZdt9ssg62jFruNpv46sPfMB3cYbvTTOwM45YWqvatvzM9KSHfTyI/SD2I/aL/WK/2G92f8HZXhW+L7HfxTS23UrbbtYZ0BfHKLPJxeq3hnlKN+vNkiqTO6pN9Kh2nYrYD2I/iP1iv9hvdr8LQGFP7BdMse0W3HazRuU7R8wervTbyPry5FHOUz6TeN3+astSVVmvv+JyYRmup69T7caY2A9iP2K/2C/2i/1m9wt7Yr9gin2CbbftDOiqIS7r8kqjLUGT9amVastSVVmvv9oNxQyqXKuK/SD2I/aL/WK/2H+CiOBdRuaLDbHf5+qYiG3Xi2AF0povTh5tQkLWc/FKy1JVWa+/4lJhYr/YD2I/iP1if8PYH7P9zIIbb2T+nYj9PlfHRGy71u0X42ouezLaeWPm/UuVWeRV1uuv8N4ssV/sB7EfxH6xX+wfMmqa3Z/75Fbs97k6JmLbtW6/QFpz2ZN4SiRbLHSu4cbVIWOUF0+L/WK/2I/YD2K/2C/2t7rQMLtf2BP7BVPsE2y7fb+HCuv2Z132JJ4OGfHzjPMl53lutpw7urwIVuwX+0HsB7Ff7Bf7ze7fcGQ8wRX7fa6Oidh2RbmlRoV1+7OeP456zph5GRn79zHGaC+eFvvFfrEfsR/EfrHfxVqr2G92vws/sV8wxT7BtttnBvTFUWHd/qzfw6jRLfMLYjO9O6vqtVCMWObM8VrsF/tB7AexX+wX+83ub31xLfb7XMV+bLvOW7YYmdftjzXv3WTxDoQqkbnCDcQKN13EfrEfxH4Q+8V+F83pY7/Z/cKe2C+YYp9g27VufzYRFTOO0ZdPyvqS2FHfg9Btvf4RXzwt9ov9Yj9iP4j9Yr/Y3yr2m90vJon9gin2CbZd6/ZnEzO53WCxbn+F0Fxl317p2lTsF/tB7AexX+wX+1PHfrP7x5R57VyxXzDFtlt92806A/riyLxuf7wINOOIcy7nhMuMGw9+yHWQcz6xX+wX+xH7QewX+53kOsE1u9/MUbFfMEXst+32mQF9cWRctz9rkI4bFG6kLDfiXNZ6/c6vxX6xX+xH7AexX+wX+8X+ZrP7M63r6nchmDomYtv19NWSI+O6/TGDW4w2ASTrzZSKS4JlfkpI7Bf7xX7EfhD7xX6xv2Ts7za7P8uj3n4XgqljIrbdcUXgyj4yrtufdQmleKmwmynLjtGXSaryoukK+xGxX+wX+xH7QewX+8X+8rG/0+z+LLO//C4EU8dEbLuis+NhjZssWV4ga91+L5o+dmR8QkjsF/vFfsR+GCj2Pz7txDv4owNif5e/NcOIk3XfRb4LwtG/j+wjtqfRPtMvFgumXY6J2HZH9I0i6/ZH3M3ymX8+6fJJsYRgpm0767r9fz7dgMv0Ocd2YR/CGtcMcQ7R4lxJ7EfsB7Ff7BeY5xpVvo8/mGadVViW4NDZjGK/2C+YIvbbdk9V5Ym4DDe/s58zZpsUknXGeZzDZjrndj6N2C/2g9iP2C/2i/1iv++jUeAQ+wVTx0Rsu2ZALz3inT1ZPu8438o4soW2ryReSz6e/vAZ23+I/WK/2I/YD2K/2C8ui/1m94v9Yr9githv2z1KhZfbZ5mZm3kmdMZzwawjltfy9ISJM2K/2C/2I/aD2C/2i/1iv9n9Yr/YLyAh9tt2jxLHkAojw5rbWWdCZ1tHPvt68lnOyaus1x83hhyjxX6xH8R+EPvFfrHf7H4zGsV+wVQwxbZr3X43vsvPhM4y07zSzHNPTqwzsr14WuwX+8V+xH4Q+8V+sb9t7De7X+wX+wUNbLu2Xev2+5zPH1nWkK+0zxk9bFZZrz/bi6fFfrFf7EfsB7Ff7BeVW8f+brP7R3wMWewXLxwTse1at3+t46AnKPp9rlXPQ0aP0FXW6+8SkMV+sR/EfhD7xX6x33cjTIv9Yr9gim23ybZbZZbuyOv2Z303QoYnJq4T57cZx+jLy1R4Gsg5iNgv9oPYD2K/2C/2m90/9Ii/c7TZ/VkvssV+F9rYdjttu1XW3x553f54ya3P1Dn6MWPUF8dWec9H1WsfsV/sB7EfxH6xX+wvf8Jrdr/YL/YLpth2bbvXi5nE2cfIs9CzTjwYNTh32O/EEzeeUlluZH3xtNgv9ov9iP0g9ov9YnL72G92v9gv9gum2HZtu/XX4B51ffl4wW3GMfpSMtVvtIx686rCOz5iZH3xtNgv9ov9iP0g9ov9Yn/72G92v9gv9gum2HZtu9btdw5y3Bj9JbHVl1Aa9eZVhfX64waQ47LYL/aD2A9iv9hfOiRXmb1ldv9Ys/vFfsHUMRHbrnX71xwjrjGf9Vg46jIyx4rlWty8sl7/xZH9xdNiv9gv9iP2g9gv9ov9ts3kF3tZI7XYL5g6JmLbzSP7PnvEiJf5JkqV7TrrMkoj3ryqsl5/9hdPi/1iv9iP2A9iv9gv9ts2Cz16fMgYZXa/2C+Y2u9g23U+s+YYbemTrMsjVVveMevTnbEEkfX65x8jLvcl9ov9Yj9iP4j9Yr+LY+Gi8YykLKFa7BdM7Xew7fqOOoe8rC8+jqchK23bWSP1aGvLV5g0M+q7EMR+sV/sR+wHsV/sF/uFC7P7914gbj27X+wX4+x3sO3WCi4ZxkhLdGQ954ilb0z28F1UXK+/younxX6xX+xH7IeBYv9j0068g0Nif5e/Ncvosm1+vdHs/h9MM9m2/KwrxP7Rtt8vFAumXfY72HazqLBu/9bHvp0nksbRf5gmC1Tbrp9IHKrjKYsRPsMq77768rS0lmPyePaNOIdoca4k9iP2g9gv9ov9wsVpuszujxEXuKKR2G+/g23XttvlnObNGy+ZXFDgZolzv1sj1u0f4fOLf0eF8enpqVfHZLFf7AexH8R+sV/sN7vfDEexXzC138G2W37bfXpaMkTQm8cPkq4TH+dIFbftHyR+uewIn98/JH3JcdXrT7Ff7Bf7EftB7Bf7xX7bptn9Yr/Yb7+Dbde22yLqjbBUR9bPccsnApcU20TWsXXorHITcMTzOsR+sR+x34eA2C/2i/3Chdn9R4+tZvdn/22I/fY72HY7brsVluv47vQSTnH0+DHKEkhLiKc9nI/0Xq+/SzAW+8V+EPtB7Bf7xf620c3sfr8Nsd9+B9uubbde2Ns6Wmf9DLe+SbK02C5szz1vAFZ88bTYL/aL/Yj9IPaL/YKmbdPsfr8Nsd9+B9uubde6/Zaxu3SMsPzRkuJmhu2559Jeo7zoGLFf7AexH7Ff7Bf7hQuz+2cba8/uF/sFU/sdbLvW7e8YrgVl6/ZX2Z6r3PyLp20ci8V+sR/EfhD7xX6x3+z+UmPt2f1iv2Bqv4NtN6c4XmQfWy1JkzUoVzo3r7hu/1bbc5X1+qu+eFrsF/vFfsR+EPvFfkGz/UmU2f3v9tsQ+wVTbLu23fI3wrda5zzrUjEjHvMssfT2iHNV6/Xn+uwQ+8V+EPsR+8V+sV/s91j34mPNNUvFfsHUMRHbbk5xY7jC2GJZmqwvgY3lWlyjmLBRcUmvLd5bhdgv9oPYj9gv9rtoEPvN9Cr3XYv9gqljIlWXTPPUW46x9jrnWW+SRNB143H8EftRn9X4nxtiv9gPYj9iv9gv9ov9Lv5WHWv9/sR+26ljItWOlZ22Xev297mpteZTfxnC4qjDu5dOG9VfPC32i/26HGI/iP2rBak4QbxKpRkWYr/Z/b5vsV/sF0wR+z2NMd5Ye93+rDdIus18zroO/dpPYFQ4L97q3R2I/WI/iP2I/QgYYr+QuupYY3a/2G8b3Te2WH8Yx0qx37r91jfvvS/+xkMfSbs9r/luhQpj7ad7EPvFfhD7EfsRMMR+s/vLfudiv9hvv4PYn1vWl81eHGut2x8RNuOIdzN02x9l/a5ixI0K5xvOM8R+sV/sR+wHsR8Bw0mU2f13jaVn94v9tk/7HcT+3GJWrJm9tWeLd535nPUpjLXer1Bln+34m+cc4Tpdnj4S+xH7QexHwBDdzO4f+nvPHqbFfvsdROPLRqc1oGNWvO+r9rnDWk8+WLc/V8CucC68xpKVIPaD2I/Y/9bvTDtxavlOodjv+7yl2+x+n+PlI37btk37HeZR6SbqkvvN0fz+tN59hRF/x9Kflc8mlxcTv4B6jWNnhfHK9LSN4y+ZPCf2I/aD2I/YL7oJUyN/92K/8Ga/g9ifX4V1+780zV5f8jP6UtInIOK77bpP+mziF1AvfX5SZWJBvJvB8RexH8R+EPsR+zG732c4bOyvMttuN2Jmpf2N2G+fObYKSzAtvT/P+hmNepxbS7yc2D6o5m8+3sng2IvYD2I/iP2I/b7PtrP7l4iuYr/YLzSRPaqJ/TVufi/9nWV9+qH7ud8PPvmptNv0kssvVXiaJ75bx17EfhD7QeyndewX3XrP7o8Q5/MT+33G2G73j3ixp+8v37AcjJnPldbtX2ppqirLBXpyELEfxH4Q+xH7RTez+2e+MBL7RTf7HWy3joWjjKVmsWcNxh1vWlVatz+W2vH+iatHfLeOvYj9IPaD2I/Y7/s0u99nN/xvotJyKGKT/ah9g3Od7N9b1qVgXnnoI/ZPiZesWerlyhXW61/iaVUQ+0HsR+wX+10Auwi2pmvKMefsfrHfDNt9o9va52K/2O87rLe/ieVwzHz2Auoq32GF9fqXeuoBxH4Q+xH7xX6xX7zwmHfr2VBiv9gv9hNiBrGbopZiGmHM/Zk8fe99Zj4nl3nZmrn3RVXW61/qfQYg9oPYj9gv9ov9wqbZ/a0vHsV+sX/f8IJIx8mMY6m130cXy2757mrcyIpzGvum/IF77u+xynr98Z3athH7QewHsR+xX+w3u3/mGX9ivyUHHBepEonF/hpPaMy9X89689XM5xpL18z9hEaF8wtPDCL2g9gPYj9iv9hvdv8lY47Z/WK/fc4hw7rRQlq2EUu3dPwesy5Zs2QINPPZuXyl/VGFfbXrGcR+EPtB7N/opLnSrAux3+z+imOO2WLZ134V+9cZXWdJW+s97+j8XWZ9Ge0S31/WJU8i6Nov1ZmcEE/cOMd1MxaxH8R+EPvFfuFN7De7f5Vtwm/CywT3ja4vOzUbXCy2JFPuG4xZlzxxvlfrfCV+k3P8/XEszj68BwixH8R+EPvFfrHfxZ/Z/Xsums591N9vwgxE+57eqt2c6j4r2rr9+Zc88TRVrfcvzBW4K0xmmevGB9uc216ny9JjYj9iP4j9Yr/YL7iZ3T/8duE3Ifa7OO+t2gulu7/8scIN7zm+w8yfg/1SvRtZc9zAieUbs4+5ljRivCdrutykFPsR+0HsF/vFfrFf7Fhlxtg5s2n8Jiw3IJ6aLVtpxM3e7t9phSjYdckTN1drLjl27vlKlfPa+Dtsy2K/2A9iP4j9Yr/YL7iZ3b/gRaTYL/Y7NrqAtz90/BttnBuOsn4GZj7XfAH1uefwFdbrj5uQtmGxX+wHsR/EfrFf7Bf7ze4/YJwzu1/UW0bWtaKvGjGj0n6l5hq81YYXStcIg+fu37NGYfvaui+gPucpzAo38Dx1JfaL/SD2w2ax/9FpJ97BvgD+0yksd/lbs4xK38laus3uP+Uz6vg3r+GnxZZGiXhon9LvXCDjeG4KDt2/1z8scLP7nHOezyVd7uVvppnP9kvXy7xuf7wM/dS/+28KLM11zt/P9hx7bxH7EftB7Bf7xQyxX/BYbcQsxt+bZo2J/W40LTHiJa72KfW8UewJlBix3/fd1oiD3YJwHDdsuzVv5JxzHK1yLnvKOSpiv9gPYj+I/WK/2E+Lmatzxm+x33Z3yIgobH/iZmjlQOzJtvHGqfEo65NVnqCqfSPr1ONohWW5nEOI/WK/NofYD2K/2C+6if2ziZlEWdfuPXacMrtf7F9GPK5ebZiVZzkMQSmPCvugbsvT2cfWv5F1ynec+T0Fu+HpQLFf7NfmEPtB7Bf7xX6x3zawUhwR+xe6GCj44lPr7VrCZ/QRUcx3+/aN7o7fZ9abHG5U9ZjpfsrTGxUmrHiXitgv9mtziP0g9ov9Qq/Yb3b/GeOYNavF/u0ujLIN60lb99o+wQ2dNUcct4/9m2MGccZh5nOPJciOPY5W2VfbbsV+sV+bQ+wHsV/sF/vFftvBSheTmWPQ6GGv2g2mU8IblsFYc3j6pEb4vjgidna4wWHmc491++Pf3W25NU9cif1iv9iP2A9iv9gv8or9ZvfPMA6d3Z/1RYYZYn/mz1ZMNSu2Qxi2bv/4I2Jnh6WLbK99bmQd8/RlhfX6j/kNI/aL/SD2g9gv9ov9mN1/xTh0dr/YL0aYoWdWf5Xh++29bn/Wtdyd3/W6kXVM/K4wScVNWLFf7Bf7EftB7Bf7BV4Xg2b3rzh7TOxfToXH78+dlYhZ/Y6RnjA6ZxyzfFjWG1lmPve6kXXoDawK6/Vb/k/sF/vFfsR+EPvFfrFfyLA9zDgOmd0v9i94QTBd+HTdrhhThSUhrhpecFr3mHfozOCs67ib+dzrBdSHBvAKEwacL4j9Yr/Yj9gPYr/Y70LX9ml2/8xj3yxssX/bi6Oq2xWWvVh7xBIuvueaNx0PmfmedRa0mc89l8o75AZPhZuz9stiv9gv9iP2g9gv9ov9tk/bxMqzqsT+ZWWdaWq2npucFeOZSJNzHLLsSdZZ0PalPW9gHnL+UmGfbWKA2C/2i/2I/SD2i/3Cru1T+Fr5Ykvst2zKqaPLhZ3le8YfZkdbtz/rNm7mc88bWfuusyo8kRPLLNlGxX6xX+xH7AexX+wX+22ftouVZw6K/V7Se+qIpxbixpn9iX3d6OHMNlB/3f6KN+OpfSOr+m/We1TEfrFf7EfsB7Ff7HeRa/s0u3/BcdVJuNhvveylbiSxvZg13GFk2BdsKet69hfHdev2Z93Pmvnc+xw/liGq+jTOvr8PsV/sB7EfxH6xX+wX+826Xmjmq9hvmYElIxxC/xrDev37Zb+5fd26/Vlf1Grmc+8b6td9/xWGJ//EfrFf7EfsB7Ff7Bf7bZ9eoLrwuOxEXOy3zMAcw7rTbmRuNazX3+O9Ddd9zzFDPuMw87n3jayrnuyo8ESgpdXEfrFf7Efsh6Fi/29PO/EOvn1A7O/yt2YaXbbPNX2t0ezXy37XmUN0/Lbtg8YZ8VuyT9nW704zKV+fllbqNH40RWzf/X4vF7gB9NT0BMdl27xzut5+lPhGVmy/Fc8Zspyfcbh949kp9nf4HJ4V+xH7QewX+4U2F4Y5dJrdf+fJ+KtJlz/IdDH5bPF1+y+OCM32KduIENppX+Ym0/HbR/YRNyyq3LCvdJ7tRta8+68KTwNedmMOsV/sB7EfxH6xX+wX+83uXyEwZP59ZJo51ull0LE0gQv9dWfzZ75pd+74zD3vth002Q9d9hRH1idZzHx2I+uqG+TZR+xnbJdiv9gv9iP2g9gv9ov9tk+z+1ccF0/IxX7LDCz5/Vy2RAHzzmjtdCPpshtLtoPDZV/i6bKImPXY7YaoG1kxYvut9iSgpdXEfrFf7EfsB7Ff7Bf7bZ9m9688Lv6+xX7b19JxTvSffyZ/fKYdl+y5c1y2rAu190MXI3nWGd1mPruRdXFcfDqpwlNa9stiv9gv9iP2g9gv9ov9tk+z+zcYu5NysX8dcTHfeUTcihhjNuvpXnjgA+1evntMJKPHfujiGudZ12o389mNrKu26XhayX4ZsV/sB7EfxH6xv1Hs73Ii5WJx+bH7jYv966lwET/HiJtqMXvR/mz/DP7YJ0Xg77xUz1XDEj49b2pfXOM86/JoXirtRtZlN39in1/h+G57FPvFfrEfsR/EfrFf7Bf7hZCNRgTX+K2L/eutr25cfryJ7zJmrned+R+RJ/bvsY1EzLREj2BquZP9MTHrMPPZ+dvFsVvWKY6B2cdlLxxG7Bf7xX7EfhD7xX6x34mU2f1GydjffSmfY4NeHIdixmN8zyH2fyHjDYHdvz1izu7vib8v8822rYf3QPQ9xsW+NOuLTM18diPrshHHtQrr9ccxzrYo9ov9Yj9iP4j9Yr/YL/abHWa0iP1B3F3uxsBFEU12Uf0yMYN+F+APdd1/LyLTnf8GY7lh9mjvm46xhFPW43Tsm2yHbmRdtk1XWK7NTVixX+wX+xH7QewX+8V+sd8Fo9Eq9tu2DMOx0PtD+g4zn5ddDs3Y9oaF7VDsF/vFfsR+EPvFfrFf4DC732gV+yNGeNmqYQhKW6qwXEjWYeazG1lVh6dWxH6xX+xH7AexX+wX+8X+oVV4UZrYb11hw6g2vJjX8S3rqHRu7UaW4RpF7Bf7xX7EfhD7xX6x34m09dUNsd+Leg3j5OHlppY7cczCjawxh+1P7Bf7xX7EfhD7xX6xX+wf/4Ru+rwN4cSNJMMYY5jVb7kT53C4kTXe+NGjj9n+xH6xX+xH7AexX+wX+10oirJG39jvRpJhHDfM6rfcSeYR72qx3Tlvqzpefugjtj2xX+wX+xH7QewX+8V+sV+UNfrGfkHCMI4bZvU7tmUeZj477688nrr3Ptue2C/2i/2I/SD2i/1O+sV+UdboHfvFNsM4bJjVv028MeYbZj47tlYdnlpxvBD7xX7EfhD7xX6xX+x34WiI/W4kGYZjn/1PmxEvZrfNuZFVcbz+yU/Z5vymxH6xH7Efxo79/2vaiXdwSOzv8rdmmxnWZRsdjSgyZuzPvl0940aSYVw7YvkTxyDnR5lHPJlie1tX7DeMdcZXpyXWbHP17RtxPtvhc3hG7EfsB7Ff7HcxK24WOrkTZf0eRAnDWHXE8hB/MM2IdgxyXMs8Yuaz7W1dMTnGWGfYR4v9Yr/Yj9gPYr/YL/aLm2b3G34PF8SFckRNwzBuH55m2z7gGOeP5x/4gG1tZU9OL4w1lh9v3HjJ9uZYIfaL/Yj9IPaL/WK/uGkWpOH3YDkNw3irzXmIJ4t6j8ff+S7b2gbcRF9+vPrIx21rYr/YL/Yj9oPYL/aLaOKm2f2G38NlYoacYRiW77HcSZ1h5rMbWZWHp1bEfrFf7EfsB7Ff7Bf7xU2z+w2/B8sOGMa1wwsf7Xccp3Aja/zhqRWxX+wX+xH7QexH7HfRaHa/4fdgOR/DuHJ4manlTiqNLgFs1PfhGMsNS62J/WK/2I/YD2I/4pm4aXa/4ffgZpJhXDkseWK5k0ojbqLYvrb1N6+9bkN0DobYL/aD2I/Y72Au9juxZr+YfWr4PSwhHos309boNiLKWRLCcieVRtxEsX05V6s6Ygkw21ivp5qv02V7EPsR+0HsR+wXNz0ebvg9nLyOtuBvdBmxrQtHjmfVRtxEsX1tK97/YSyzz7Z90fLpbrEfsR/EfsR+cdOMMcPvQaQwDKHfcif9hu3ajayqw1MriP1iP2I/iP2I/eKmi0jD70HwNwyh383rFiNuntiuxhDvAjHmHZ5aQewX+xH7QexH7Bc3BRLD78E+zDCEfjcWW4w4N7BdjeHVRz5ug5x5xGQX2xZiv9iP2A9iP0LZDMNjs2b3Gz1vfokVhtCPY1meETdPbFdjeP6BD9ggZxyeWkHsF/sR+0HsR+yfcfz06Wd8p2b3Gw1jv5m3RpURS2qYFWrd/urj8Xe+yzY1iPgujPmGp1YQ+8V+xH4Q+xH7xX4zIg2xX/A3jJtPp4mgblx3uKFle7Juf9URT0rYphD7xX7EfhD7EfvFfpHEEPtnEsufxDIohuH3iuVOxhux7JrtybVA1eGGLWK/2I/YD2I/TvDFfrP7DfFwge3NTEUjw4gbU8/c/37HCcudtBm29wED3fSdGOcPT60g9ov9iP2QMvb/z2knTi3fKhb7fafjes3s/lVH/La7b3N/4sW9xsAjlu15bArIjg95uIl4/rAdjck4f8Q5h22Jzj4v9iP2g9iP2C/29/Jps/vF/g3EjEUv1jRGGrE9xpIwfp9uIHa8wWU7GlOcQxvnjTjfsC0h9ov9iP0g9iP2i/1m9xti/8Ji9rRIZ4wy89Ns/rys23/eeOmhj9iOXA+UHbYjxH6xH7EfxH6c3Iv9ZvcbYv/Ks/zNXjS2Oj7F/s/vMP+NQ+P08cT0AnXb0ZjiuzFOH55aAbEfsR/E/sF99cEP3bwwv0qlNRnFfmxzYn83sY+3tI+x1nHJ0g6WOzFuvYza9jO2+I6M04anVkDsR+wHsT95jKwUlcV+tpgZ6YJS7Bf9DZEf5019RizjZ/sZW8xON04bnloBsR+xH8R+sd9Fq9gvlhhiv+hvFAyaIn/95cCM40fsZ20/Y4vZ6cbxw1MrIPYj9oPYL/aLrmK/2f1m94v9g7580xIdxrEjbhTF782a/H0Yxw+/D+v2V77Ja/uxvNt1ujz5IfYj9oPYL/aL/WbWmN3vClHsH/ZF0vH5me1vXHe8icATN4j8Zqzbb1w/3rjxku0mCce944enVtg3ujzxJ/Yj9oPYL/YLrosMJ5xm9xti/9wzHeOl7AKIIfDjZvVpI/ahtpscYh9nHDc8tYLYL/Yj9oPYL/a7YBX7EUzE/qThPz7XmKVq9JmRHKHSOvxY7uT04QZZrnfYGMcdI2w3iP1iP2I/iP1iv9gq9mN2v9hfYNuNgBUhWPyvF/fju43v2LbOVRy7nJtVXcbOOHx4agWxX+xH7AexX+wX+11QYna/2F9UXMy99NBHbi6D4AbA+COO5fFdxXdm5j7H+tGjj/kRHfg7s71Yt7/q8NQKYr/Yj9gPYr/YL7SK/ZjdL/Y3W+4jLvLi+4iwHMcP2/t6Iz7rXdSP7yC+C+srM4e4SWTsH/E52V6s2191eAIMsV/sR+wHsV/sH3Imavy9VTjhzClmRlXaDkdgpnKeGwERwy7eDPBUwPExP1zc9m3/rLHciWPNfm6u5X0/DdeL9xvYXhD7xX7EfhD7xX4AOPqGwMWbAhdvDOxUeVrgYrwPsR7yxbCy+yzMpgQAxH6xH8R+EPvFfgDavEPgMhHN154BGU/vXPZvEe0BALFf7AexH8R+sR8AAAAQ+8V+EPvhlNj/W9NOvIN9sf8nU+zv8lkAAAAAd9s3Pj/F/g6fg9iP2A9iv9gPAAAAiP1iP4j9IPaL/QAAAIDYL/aD2A9iv9gPAAAAiP1iP4j9iP1iPwAAACD2i/1iP2I/iP1iPwAAACD2i/0g9oPYL/YDAAAAYr/YD2I/Yr/YL/YDAAAAYr/YD2I/Yr/YDwAAAIj9Yr/Yj9gPYr/YDwAAAIj9Yj+I/SD2i/0AAACA2C/2g9iP2C/2i/0AAACA2C/2g9iP2C/2AwAAAGK/2C/2I/aD2C/2AwAAAGK/2A9iP4j9Yj8AAAAg9ov9IPYj9ov9Yj8AAAAg9ov9IPYj9ov9AAAAgNgv9ov9iP0g9ov9AAAAgNgv9oPYD2K/2A8AAACI/WI/iP2I/f84/se0E+/gmwfE/i6fBQAAAHC3fePpKfZ3+ByeFvsR+0HsF/sBAAAAsV/sB7EfxH6xHwAAABD7xX4Q+xH7xX6xHwAAABD7xX4Q+xH7xX4AAABA7Bf7xX7EfhD7xX4AAABA7Bf7QewHsV/sBwAAAMR+sR/EfsR+sV/sBwAAAMR+sR/EfsR+sR8AAAAQ+8V+sR+xH8R+sR8AAAAQ+8V+EPtB7Bf7AQAAALFf7AexH7Ff7Bf7AQAAALFf7AexH7Ff7AcAAADEfrFf7EfsB7Ff7AcAAADEfrEfxH4Q+8V+AAAAQOwX+0HsR+wX+8V+AAAAQOwX+0HsR+wX+wEAAACxX+wX+xH7Qezfwu/f8+6bB+WrfPbe+5zYAAAAgNgv9ov9iP2QM/b/92knDgAAANDdvvG5KfZ3+Bw+J/Yj9oPYDwAAACD2i/0g9oPYDwAAALBN5J5i/nV++53vEvvFfsR+EPsBAAAAEPtB7AexHwAAAACxH8R+xH6xHwAAAACxH8R+xH4AAAAAxH6xH7EfxH4AAAAAxH4Q+0HsBwAAAEDsB7EfsV/sBwAAAEDsB7EfsR8AAAAAsV/sR+wHsR8AAAAAsR/EfhD7AQAAABD7QexH7HcQAwAAAEDsR+wHsR8AAAAAsV+bQ+wHsX+FA9X973/rmx/92JW+/OCHHNABAAAAsV/sR+wHsX9kEfSvGz95+hkHdAAAAEDsF/sR+0HsF/sBAAAAxH4Q+2GD2P/fpp14B984IPZ3+SwAAACAy9vBdX73nne3+ByeEvsR+0HsF/sBAACArPaNeB+g2C/2I/aD2C/2AwAAAGK/2A9iP4j9Yj8AAAAg9ov9IPYj9ov9Yj8AAAAg9ov9IPYj9ov9AAAAgNgv9ov9iP0g9ov9AAAAgNgv9oPYD2K/2A8AAACI/WI/iP2I/WK/2A8AAACI/WI/iP2I/WI/AAAAIPaL/WI/Yj+I/WI/AAAAIPaL/SD2g9gv9gMAAABiv9gPYj9iv9gv9gMAAABiv9iP2A9iv9gPAAAAiP1iP4j9IPaL/QAAAIDYL/aD2A9iv9gPAAAAiP1iP4j9iP1ivxMbAAAAEPvFfrEfsR/EfrEfAAAAEPvFfhD7QewX+wEAAACxX+wHsR+x/7jxX6edeAeHxP4unwUAAABwt33jqSn2d/gcnhT7EftB7Bf7AQAAALFf7AexH8R+sR8AAAAQ+8V+EPsR+8V+sR8AAAAQ+8V+EPsR+8V+AAAAQOwX+8V+xH4Q+8V+AAAAQOwX+0HsB7Ff7AcAAADEfrEfxH7EfrFf7AcAAADEfrEfxH7EfrEfAAAAEPvFfrEfsR/EfrEfAAAAEPvFfhD7QewX+wEAAACxX+wHsR+xX+wX+wEAAACxX+wHsR+xX+wHAAAAxH6xX+xH7AexX+wHAAAAxH6xH8R+EPvFfgAAAEDsF/tB7EfsF/vFfgAAAEDsF/tB7EfsF/sBAAAAsV/sF/sR+0HsF/sBAAAAsV/sB7EfZoz9/2XaiXfwyp7Y/+Mp9nf5LAAAAIC77RtPTrG/w+cg9iP2g9gv9gMAAABiv9gPYj+I/WI/AAAAIPaL/SD2g9gv9gMAAABiv9gPYj9iv9gPAAAAiP1iv9iP2A9iv9gPAAAAiP1iP4j9IPaL/QAAAIDYL/aD2I/YL/aL/QAAAIDYL/aD2I/YL/YDAAAAYr/YL/Yj9oPYL/YDAAAAYr/YD2I/LB/7/1kLT97/vin4/+aVXnjwP7T5LAAAAIC77Y/97+vRUH7134j9iP0g9gMAAACI/WI/iP0g9gMAAACI/WI/iP2I/WI/AAAAwLGuW/43PHbPL4v9Yj9iP4j9AAAAAIj9IPaD2A8AAACA2A9iP2K/2A8AAACA2A9iP2I/AAAAAGK/2I/YD2I/AAAAAGI/iP0wa+z/z9NOHAAAAADCE2I/Yj+I/QAAAACI/SD2g9gPAAAAgNgPYj9iv9gPAAAAgNgPYj9iPwAAAABiv9iP2A9iPwAAAABiP4j9IPYDAAAAIPaD2I/YL/Zf9Dv3/PJbT9z/vit9+t77HNABAAAAsV/sR+wHsX9kr3z0N6/9HH789DMO6AAAAIDYL/Yj9oPYL/YDAAAAiP0g9oPYL/YDAAAA20Tua5b/Db/1zneJ/WI/Yj+I/WI/AAAAMLJ9I4K/2C/2I/aD2C/2AwAAAGK/2A9iP4j9Yj8AAAAg9ov9IPYj9ov9Yj8AAAAg9ov9IPbz/9m7lyC5intf1LO7h2ZyvYfqAWJKD7Y9VQ/EWB2BGKsjxFwdiLkqrOk5V32ls582ViP8wtioJWMeBlvV8gO/MC1swPYGVMK8jl+0JQ/Mmayz/qLbFlI/alVXZeaq9WXEF8cO0PGO7FZV5m9l/pawX9gPAAAACPuF/cJ+hP0g7Bf2AwAAAMJ+YT8I+0HYL+wHAAAAhP3CfhD2I+z/+/hy/SHeBa8MEfZ3ZS4AAACAOw0T9ndhHp4X9iPsB2G/sB8AAAAQ9gv7QdgPwv5sYf//WV+3sAEAAABhv7Bf2I+wH4T9JYsv5N3G07OftbgBAACADopMQNgv7EfYD8L+FliZuWfXuXhp8WELHAAAAOig3RoBYjxx1z8L+4X9CPuh3LD/6Xs/05kv7r8Oru04F39eu2KBAwAAAB0UmcBOIzKFrsyFsB9hP7Q07I8P8K58Wb25/Niu8xE3ACxyAAAAoDuGaQP49dIZYb+wH2E/CPtLsTr/wK7zEdf2LHQAAACgOyLI321EptCV+XjxyFFhP8J+aGPY//NjxzvzZRXdev9nfd21PAAAAODvdssK4p93aT5eOXFS2I+wH9oY9scHeJe+sIap8unS03oAAADoshcXHtw1J4gsoUtz8vqp08J+hP3QxrD/zbPnOvWFNUyVz//uX7bgAQAAgA6IG/67jadnP9upOfng0qqwH2E/tDHsjw9wX+R3jhfm7rPoAQAAgCkWe//dRhfrfv/88pqwH2E/tDHs/+jDDzv3pfXS4sNO9wMAAEDHxd5/txE1P12blxGHsB9hP+QO+2N8/VOf7tSX1jAv6nW6HwAAAKbXMDW/kR1EhtCleXn63s8I+xH2Q5vD/ucPHOzcl/owL+p1uh8AAACm0zAVv6/0TnZuXl48clTYj7Af2hz2v3Kie19eKzP3DDU38aTfIggAAACmR4T4TvVv7fVTp4X9CPuhzWH/785f6OSX+zCn++NJfxe/3AEAAGBaD/8NU+3bxVP94YNLq8J+hP3Q5rD/r1cHnf2CH2b8eumMBREAAABMgWFeytvVU/1hD0PYj7Afxmx+1E/k8/v2V1+qP9S75vU6yB+2zqeL8wMAAABdywDiVH8X5+fbo7+cV9iPsB8mYG7UT+Qf1S9g6eIX2dfrJ/XDXN+Lf+fbs5+1OAIAAIApDvqjzrerc/TzY8eF/Qj7YRrC/jfPnuvul9niw8M/FFl40CIJAAAAWnTIb5jqns3x/Nx9nZ2rt+t3Ou5hzMrlEPbDeM2O+okcvf1d/vJv8sUfL/a1YAIAAIDCa2nqG/pxUn/YEaf/uzxfH3344V7Cfrkcwn6YgJFHV3v7w/n6Zb3D1Plsjj+vXbl5OsDiCQAAAMoTN/Ob7PPjoUCX9/nfOXCw2uOQySHsh5LC/uhm6/pCoMnQ4w8AAADlGbaf3/7+ljk7dXovkdKaPA5hP0xGf9RP5uhm6/qCICp6mi4I9PgDAABAfk37+b2f7x/+/PLaXsL+vjwOYT9MxspePp0f/9SnBf4NA3+9fgAAAJBX037+zQN8q/MPdH7uotZ5j2NJHoewHyajt5dP5x8dOWqRUHuld7Lx3MXpAT3+AAAAkFbTfv7Njn7VvB+LWuc9jp48DmE/TMbCXj6dVfn8Qzzdt1gAAACAcjXt53dYb+wVPjHm5HEI+2EyZvf6Ca3K55PXAP+8dqXxNcDn5+4zfwAAADAho/bzq+Ede4VPjBl5HMJ+mJw9DVU+dy4gfrdycej5i4cDTggAAADA5A7mjdLP70W8d7py4uReY6R1ORzCfpisPd2/+uDSqi+8Ea8GxuLh/Mw95gsAAAAmpGnQr3J3h7m8Othr2N+XwyHsh8la3usndVzj8qV3p91e+qO+BwAAACa/N9fPv3ffOXBwHBU+Xs6LsB9KfklvjLjG5Yuv2XXBny8+bH4AAACgkNv3+vl39ubZc+MI++flcAj7ofCX9MY1Ll9827v9RUBvLj9mXgAAACCh7V7Qq59/d49/6tPVRx9+OI6w/y45HMJ+mLz1PZeuHTrsC3C3p+B1yO+FvAAAAJDnIF7syfXzj1CFdOToOIL+Nfkbwn5IY2Wvn9he1AsAAACULIL9zXfr6ecf3hhezBtjSf6GsB/SWBzHp7YX9QIAAAAlW51/QD9/A2N6Ma++foT9kNDMOD6136hf1vJY/UUAAAAAQPtFk8OYhr5+hP2Q0FjuZH2tfmmLL0MAAACAdnuybnAY0+jL3RD2Q1pL4/j0vnLipC/ECfvRwoM3Xyr0eN0taD4AAACASYgGhzGNRbkbwn5Ia34cn94fffih0/0T9NQtLxP66+Dazf9uXgAAAJh2ceDNobdWnuqPMSt3Q9gP6a073V/2wiYC/ltHBP9x0t/8AAAAMK3Oz9xz84a7W+6tPNU/kLch7Ic8lp3uL1csarYbry+dMUcAAABMne/M3ff3G+4x3l65aF7adap/Sd6GsB9aXOXjdP/4vbn82K5z/kH/shMOAAAATI2fLT68debQkzm05FS/Ch+E/TANVT5O949P1PQMO+L0vx5/AAAA2iwOsu126K0//4C5Kv9UvwofhP0wDVU+Tvenqe/ZasT1RoseAAAA2mizn3+Yva/DbuP39vkL4wz7e3I2hP2Q19y4PtHjdH88EfZlufcTDVHR0/hhi2uNAAAAtMjt/fzD3G5XZzvG+T9wsBrzmJGzIeyH/Abj+lSPnjdfmOMRL+FtOuLao4UPAAAApduun1/Yn84Hl1bHGfSvydcQ9kMZeuP8dI8nw740xyP6+5uccthc/MQ1SPMHAABAibfZd+vn3+5wm/kbnx8eOTruU/0L8jWE/VCGmXF+useTYV+c4xOdhH8dXGvc4x/XIc0fAAAApRi2n//2EbcAzN/4fO1Tn75ZxTzGEacU75KvIeyHcqyM81P+Z8eO+wId88kHCyIAAADaqmk/v4Nsk/P6qdPjPtW/LFdD2A9lmR/np3w8IY4nxb5Ex8tVRwAAANpm1H5+FbUTaA+49zPVBMasXA1hP0zxi3pjvH3+gi/SCYgefy8xAgAAYJoPrdnDTsafX14bd9Dfl6ch7IcyLY77E9/Leif0JL7u8R/l+mP8OfMHAADApKmjLc+VEycncap/Xp6GsB/KdNfGS1XGNm5cHajzKWzhFDcDzB8AAAClHVDTz9+6+p6BLA1hP5StN+5P/qjzOVd/sTB+X6sD/zdGuBIZf8b8AQAAMG4/HLF69sm6n9/8Tc6fxl/fE2NBjoawH8o2M4lP/0uHDvtynaBRXnb0Qf/yzYcF5g8AAIBxGPUwmr3pZL126vQkop71jYYIWRrCfijc8ri/AT768MPqm/v2+5KdoOfq645Nr0n+dXDt5vVK8wcAAMBebp2P2s9v/iacFdTvUpzQ6MnPEPZDh0/3x5UxX7STFcF90wVWPCCIa5bmDwAAgFH2oaP088eBNfM3WV+t36EYhy+d6gdhPyxP4tsgro75wp38iYq3Vy42/tm8vnTG/AEAADA0/fxlm1BPv1P9CPvB6f5/jB8eOepLN4ErvZPNX6ZcPyTQlQgAAMBuRunnt+dMZ0I9/U71I+wHp/vv7O//1r2f8eWbwKX5Bxpfp4xTFnr8AQAA2O42+Sj9/HEgzfwlunFRH7Kc4HCqH2E/tPh0//okvhluXB3c7I7zJZymPzFexNu0PzEeFJg/AAAAbt1fjtLPb3+ZThyunOAYONWPsB/arTepb4jojhP4pzt58UH/cuOf0c8WHzZ/AAAA3Oznd3O8/KB/Qi/k3RwLcjKE/dBud03qdP/Nvr7zF3whJxQv4W06oodRpyIAAIC9pH7+csVhygkH/WsyMoT9MB0WJvlt8cbZc76YW3Aa48mZe8wfAACAW+L6+QsM+qM9YcJjTj6GsB+mx5rAX8/ic3P3mT8AAICO7Bu9/03QvzFW5GII+2G6zE36m0Pgn/6ERpzYbzriZoD5AwAAcCNcP38ngv74RZiRiyHsh+mzLPCfPtHJP0qPv7kDAACYPvr52yFexnvj6qBKMHryMIT9JgEv693TS3vj6bQv77SnNpqOOLVhMQcAADA9t7/187cn6J/wy3i9lBeE/XTEYopvk7iGJvBP38fY9Jpm9DeaOwAAgPbvB/Xzt+Sw3pGjVcLhpbwg7KcD+im+UeIpdTyt9mWezpMz9zTq8dfHCAAA0P6b3qMc/LIfTO+1U6dTBv1L8i8Q9tMNMynqfP7+Qtj6qbUv9bRXN4fp8feiXgAAgPaLGp4mI6p+VLqmFc0HH1xaTRn0DzaqnGVgIOxHnc9kXtz7aP0FRzo/XXx425/Ha/ULm8wRAADAdIgX7A4z7AXTu5juRbzqe0DYjzqfdGOzx9+XfTrPzd1XfXTbdc44xWFuAAAApsdX65P6O1W6xr7wB/XtbnOV1g/qpoNEL+K9dfTkXSDsp5vuSlnnEyOeZsdTbV/66Xyr7mHcXPRFL2MsAs0LAADA9O39Ptqiuz/2gfHPzFFaifv5N8earAuE/XTbfOpvnniqHU+3ffmnPeURPf4WeAAAANPre/MP3HGz24GvxPvvutHg/bT9/JtjfeMdjbIuEPbTcUs5voXiKbeFAAAAAIzP2sYLe/Xzp5epn39zLMi3QNgPm9ZyfBPF0249/gAAADA+8f4285BWpn7+zbEk1wJhP2Tt77/1xb16/AEAAIBW3qY4cbLKOPT0g7AftjSb65spnn5/79Bhi4QW+ObMPeYBAACAzoumgrfPX8gZ9K9vHN6UaYGwH7a0kPVxdP003IKh7KD/o/X1my/79ZInAAAAuioaCqKpIHPQPyvHAmE/7GY557fVG2fP6fEv8cRCHe7/ee3K339O8Z+d8gcAABiPb81+9ubLdc1F+aKZIGM//+aYl1+BsB9aEfjH0/Fv7NtvEVGQOM1/R/1Sfco/FqTmBwAAYA/h8fwDN/dXN2+8C/yLlrmff3MsyK1A2A9NX9ib9T5aPCV/9sBBi4kC/HTx4R1/Vj9YeNA8AQAAjBIe9+4MjyP8NzeF3XbP38+/OZZkViDsh1YG/jF+euy4hUXmEyZD1S/VJ//NFwAAwPBVqVvdoHaLujwF9PNvjmVZFQj7ofWBf/T4W2Dk6YzcvEo6zIgefy/uBQAA2Fm8/+zWd6LZXxV8AK6Mfn5BPwj7YboC/3iK7sW9ZYf9TqAAAADs7Lm5+4beZ729ctGc5axYKqOfX9APwn6YzsA/nqbH9TmLjrJOnGwV+OvxBwAA+KTd3oe2ZbVt/WfMXeKKpXL6+QX9IOyH6Q78b74Q9shRC5BCuiR3Gq8tnTF/AACAPdWIeyrvRut0P3+MRVkUCPth0oH/cgnfeHr823EK5YP+ZT2TAACA29JND7m5LZ3cswcOltLPH2NBBgXCfkhlqYRvvvcvrerxT+x78w807vH/6+CaHn8AAEA/v/eglXu47djxUkL++IWZlTuBsB9SWyjhW/DG1cHNa3bL9ZczaVysF55/GqHHPx4UmD8AAKALRrkZHfusr9Q3o81fOl+pDxD+d90cUMiI/qAZeRMI+yGX2Y2nztlf3Pv9usffQiXhgqhegL69crH5yqV30vwBAABTvVcatZ9f0J/WN/btL6mff3mjOlnWBMJ+yN7j3y/hm/HVU6ctWBKLl/A2HfGQwCIWAACYuvC47uf/0wj9/HELwPyl9Yx+fhD2A+X3+F87f+HmNTyLl3TixVFNeyhjARwLYfMHAABMg2dH7OePP2f+0vqJfn4Q9gND9/hnr/WJa3h6/NP3+N+oX8RrYQsAAHTxANQo/fwOQHW+n19tDwj7oRU9/oMSevy/e+iwBU3ibsoP+pddWQUAADpDP79+/hHGkuwIhP2gx3+EEdfzLGwsdgEAAMZ92Ek/v37+EWp79PODsB/0+O9lxDU9Pf7tuMYq8AcAANpQY6qfXz9/wzHQzw/CftDjP8Ye/7i2Z7FT/gI4/pz5AwAA9PMzJf38ff38IOwHPf4T6PGP63sWPuVfbY0FtPkDAABUljJK0F9QP39PJgTCftDjP8Hx/SNHLYBasig2dwAAgH5+hr5hfu9nSurnn5cFgbAfpl2vlB5/C6G0YqGrxx8AANDPzyTEwb5Cxpp+fhD2Q5fMl9Lj78W9acWCt+lC+cbgmh5/AACgNf389i/pFdTPv6KfH4T90NUe/+wlenG9L675WRylEy+manoFNh4Q6PEHAABKriJ9e+Wim8nd7udflPWAsB+63uO/ose/m52XoyyeX1s6Y/4AAIDi+vnXeifNX7f7+edkPCDsBwrq8X/11GkLpsRiQdx0fNC/7LQMAABQTD//9+YfMH/d7uefkeuAsB8osMf//UurevwTi4Vx0wW1HkwAAGDc/fz2Jfr5G45l/fwg7AcK7/G/cXWgxz/DCZpRevydoAEAAPYq6kL18+vnbzgWZDgg7Ada0uMfvX96/NN3Y0ZFj25MAADAHoSC+/lnZTcg7Ada2OP/8gmLuDacqomX/TpVAwAANLldfGNwze1i/fxN+/nV9oCwH2hzj/+18xeqL9fXBc/WiwzS+P4IfZnfrRfd5g4AAJjEfiNqRy/UDwjMX1oF9fMvyWhA2A/s3UwJPf7RC3ihvjZosZXOhQYnbV6ur9GaMwAAYDdxSKjxAbC6n//L9U1i85dOHLh7/9JqKbU9+vlB2A+Mucd/uYQe/2cOHLTwSrnAqxfUu72497/rCh9zBQAAjGuP4WBR5oNf9UG7G1cHJQT9A/38IOwHJmexhG/7nxw7bgGW+upmHehvd5XWCRsAAKCJJ2bu2bXGJ/551P2Yr8QVS3U/fyEv4u3r5wdhPzB5cyX0+EdvoB7/9L2aty++Y5FubgAAgKaembtv2/1e1Inq50/v1VOnS+nn78leQNgPdLDH/4l9+y3KEvf4b57AicW5OQEAAEb1k8WH79jnvd+/7PZwt/v552UuIOwHOtzj78W96Ts246Va5gIAABhnZeirS2fMSXf7+df084OwH9Djf3NEr6CFGgAAQPsOE8Vpfv38ne7nX9HPD8J+QI//HT3+FmwAAADQmn7+RZkKCPsBPf7b9vh7cS8AAAAU388/J0sBYT9QNj3+6P4HAADQz79TP/+M/ASE/UA7LJQQ+OvxL1v0cnoJFwAAtPsAj3nQz99wLOvnB2E/0D6zJfT4Rw+hhV2B/ZB1wH/ruLZy0UYBAABaJG7pfrS+7sW6LfDyiZOl9PMvyEpA2A+0110l9PhHH6Ee/4JOlNSbgS3ft7B2pbow+1lzBAAApYfHvX+ExxH4W8eX289/7fyFUvr5Z2UkIOwH9PiPZUQvoR7/Ajoi601AbAa2rV+q/5kefwAAKLe2J27l3rHfGlxzU7fAfv4/vbxWQtDfV9sDwn5Aj/9Eevy/e+iwhV/GjUFsAoYZcVLInAEAQFkHd+I27rY3qut3cpmnQiqW6n1vIf38S7IQwCSAHv+JjugrtABMb6eNwVbjv5cfczoIAAAK6uff9Z1p9bu5zJd+/o19v35+QNgPevzTjOgt1OOfvqt/mA3C7T3+T8zcY/4AACCTnyw+3GgN74W9ne/nH+jnB4T9oMc/+Yj+wif27bcwLKizf7se/2fm7jN/AACQuIYzbts2HU73d7qff0U/PyDsh273+Get9Ykew6cPHKy+WC+QSONL9aahaaXP5gkh8wcAAJP39fp2rTV7O7xQTj9/T8YBCPuB2Y1rflnHj48dt1BMbJRTQvFnzB0AAEzO0/Wt2lFu467Ut3jNX1q/KKeff162AQj7gVt7/Pu5Vyi/PXuu+lLdc2jRmE6c/Glcv1SfMIrbAeYPAADGq2k/v/V5ptvS5fTzr+nnB4T9wHaWSujxF/intTJij7+TQwAAML6qTTdvW7J/Kqeff1k/PyDsB1rR4x8LKAtJnaAAAGAtbi1eTMVS/b65Qvr5F2UXgLAfaFWP/+UjRy0oW3Ca6NWlM+YPAAD080+1eM9cIf38czILQNgPtLbH38Ky/J7Q9/uX9YQCAIB+/qns5499aSH9/DOyCkDYD+jxZ+InjG4MrjlhBAAAE+znF/Qnrljat7+kfn75BCDsB6ajx//G1YEe/9QvnqqD+6bdofGAQHcoAACMt58/bgGYv8728y/IJABhPzCJHv+sRxpioaXHP/2po2srFxv/rF7unTR/AABw22GaUfr549at+etsP/+sLAIQ9gOT7PFfyb3i+dWp0xagiUV433TEQwLXjAEA4J9u3n4dpZ8/bgKYv0728/c39t9yCEDYD0xcL/fK5/1Lq3r8M2xQmp5Eig2KHn8AALpMP79+/oZjSeYACPuB1OZz9/jHQkyPf/qrx/Ei3qZXj1+Yf8D8AQDQuUpM/fz6+RvW9ujnB4T9QLd7/F84dNgCNfGm5f3+ZZsWAADQz6+ffzxjoJ8fEPYDevw3xi9OeCFsaq8unXEdGQAA9PO3ViH9/Cv6+QFhP6DH/7YRCzU9/jYyAACgn58dbyvX+8ZC+vl7sgRA2A/o8d+hxz9erGQBW/4VZS/uBQBAP7+qy+T7l/q9b4X088/LEABhP6DHf4ge/3jBkoVs+ZubuBlg/gAA6OLhlxfmHzB/iV0+crSE0/xr+vkBYT/Qth7/5dwrqHjR0iP1go50fjvCteX4M+YOAIA2ujxireX5+gGB+Uu8Vymjn39ZPz8g7AfaarGEHn8L23ZseB6rbweYPwAApvmgy7WVi9a9iT1WTj//oowAEPYDbTdXQo9/LPAsdNN5eu6+ka4yO+EEAEDx4fGIFZa/6J00f4mdL6eff042AAj7gWkxU0KPfyz0LHjTeXzmnsaboAj842aA+QMAoMjwuD6ccmNwbaR+fvOX+MZxOf38MzIBQNgP6PGfwIgFn4Vv2lNPo1xv/tXSGfMHAEBxdZVNb6/q5+98P78sABD2A3r89fhPlx8vPtzsZ+SlvQAAFCQOo+jn18/fYCzY+wPCfkCPf6Lx3qVVPf6JxdXlYU5Cxekn8wUAQEn1lE1P9Ovn73Q//6w9PyDsB/T4Jx43rg70+GfoON2pxz82UU4/AQBQmqfn7tPPr59/t9HfqK+13weE/YAe/xwjTn7o8U/f4x9XmrfaGOkzBQCg5M5+/fwFViydOl1C0L9kfw8I+wEK6fGPBaKFct7e09g8mRcAAEoW75bSz19OP3/UsxZQ26OfHxD2A9xmNneP/+D8BT3+GU5HxYn+CP7NBwAAbXB7LaW1bJ5+/qhlzTwG+vkBYT/AzrU+WXv8//Tymh7/DC88Mw8AALSpljIOrAS3U/P08xfwIt4V/fyAsB9gONl7/J8/dNhCGgAA2Ppked3Nr5+/s/38PXt2QNgP0MxC7hXcj48dt6AGAADQz7/Zzz9vrw4I+wFa2uP/27Pn9PgDAAB0u59/TT8/IOwHmJIe/8f37bfQLv1Kb/1iNFepAQBAP/+Yx7J+fkDYDzBlPf7fPnDQgrtQP158+O8/Ky9JAwBgOy/MP+CAiH7+JmPRXhwQ9gNMaY9/nCyx8C7L03P33Vm/tPyYuQEA4BN+0Tv58UGe9fXqsbv+2Zzo59+tn3/OHhwQ9gNMvsc/a2Fj9Ph/oV6Ekt/XZu65uVnbsn5p7Up1rt7EmScAgG6LNeFg5eIda0VzU54ny+nnn7H3BoT9AOl6/Ps5V39/rHv8z9UnTizI827aYpO207gxuHbzmrb5AgDoplgLbrdmjNug5qgczx86XEo/vz03IOwHyGApd49/nDyxMM8jNmdD/Zzqk/+rdY+/OQMA6Fh4XPfzb3cLdHNYJ5bhpRMnS+jnX7DHBoT9APl7/NdzrghX6x5/C/S0YlPWdPxq6Yy5AwDoiM1+/mGGm6AZb+vWt6UH5y+U0M8/a28NCPsB9Ph/HCSfOm2xXvAGbnO837+sxx8AoGP9/MPcBDV3efr5ox418+hv1MTaVwPCfgA9/v8Y711a1eNf4NXs20d0tjq9BQDQrX5+VT76+bcYS/bRgLAfQI//tuPG1YEe/xZs6uIBQTwoMH8AAN09BBL/vkMgneznX9fPDwj7AfT4D7dpqE+o6PFPf107KnqajqgCMn8AAO324uLDjdeBcVhEvWMn+/kH+vkBYT+AHv/GI06sWNSnFS/hbbzarztdbfQAANp54OO3y481Xv/FnzF/neznX9HPDwj7AfT4j35spD65osc/rehcHaXH/2sz95g/AICWiLWbfn79/A1Gz/4YEPYDTIdezlVlnGDR45++x//G4FrjztZvz91n/gAAChdrNv38+vkb9PPP2xMDwn6A6TKfu8c/TrRY8Ke91j3Kaa/ofDV/AAD6+Wl9P/+afn4AYT8w3T3+WYsiXzx23OI/MT2uAAD6+UlYsbRvfwn9/Mv6+QGE/UA3evxXcq46f3v2nB7/DD3+ToABAOjnZ7KeOnCwhH7+RfteAGE/oMc/aY9/nHixIUjb46/bFQBAPz8TqliqbzEX0M8/Z68LIOwH9Phn6fH34t529Pg7FQYA0J5+/rgJYP7S9vPH7eUC+vnV9gAI+wE9/nl7/FePHLVJ0PcKAMAY1mtqGDvbz29vCyDsByinx99mofyTYu/3L9tAAgAU2M8fazvz18l+/gX7WQBhP0CRPf5e3Ft+B+yNwTUdsAAABb1jKdZ05q9z/fyDjVva9rEAwn6Abc3l7vH/Zt3j//l6AU0ao5wei01l9PibPwCA8Yi11aj9/OYvnUfrw0m/yd/P39fPDyDsBxjWTM4e/wj8+3WPv81Ewk1LXc0zWLnY+Gf1y6Uz5g8AYI9G7eePNZz5S+erZfTzL9mvAgj7AUbp8V/OuYr95anTNhWJvdQ72fz+cP2QwEYTAGC0Axej9vObv7QK6Odf188PIOwH2KvFnCva9y6t3rwqa4ORznfmH2jcFRub1CfrjlnzBwAwnCdH7Od/qu7nN39pFdDPv6afH0DYDzAVPf7Xrw70+GfYfMaLeJtuPuNBgfkDANDPPy0K6Odf0c8PIOwHmLoe/+8cOmzDkfha+Xv9y41/VlEFZP4AAPTzt/1FvAX08/fsQwGE/QBT2+P/0glBcmrxEl4bUgAA/fxdEbeKC+jnn7f/BBD2A0x9j//g/AU9/hmumo/S4++qOQDA6P38KhLT6x85WkI//4w9J4CwH6AzPf5xpVaPv5fIAQBMaz9/rL3MX+f6+Zf18wMI+wFy1vpk7fF/6sBBG5MWXD93Kg0A0M8/5C3WlYvqELvZz79ofwkg7AcoQdYe/xePHbdJKXjjGg8HbFgBgK55r3+58br2pZ73U3W0n3/OnhJA2A9QkoWcK+S4cqvHv7wr6VHj4wo6AGCtpJ9fP/+2/fxqewCE/QBFms3d4y/wL6vH36YVAHAbUj+/fv5t+/ntIQGE/QB6/Hfq8ffi3rS+NnPPlj3+rqEDAPzTju870s/f2X7+BftGAGE/gB7/IUdcybWZSfvi3ltPrsV/Ni8AAB+vk7a6CelgRCf7+Qcbt6HtFwGE/QB6/Jv2+NvUpPXi4sNeyAsAsEX1oX7+zvfz9/XzAwj7AfT46/EHAGAKXtirnz+PX546nTvoX7IvBBD2A+jxH8O4fnWgxx8AADrYz//epdWcIf+6fn4AYT/AtFrKtcqObs64uvtf9aIfAACYbnHYJw79ZBxr+vkBhP0AXejxz1brE1d4bX4AAGB6xSGfzC/iXdHPDyDsB+hSj3+2YzZxlXe5vtJrI1SueGndH+tO22/WnbbmAwCAYRXQz9+z3wMQ9gN0sce/n2sFHi/ujau9NkQFXrmuA/6P1j++/BH/bwT/5gUAyOWl3smbhxDMRdmWy+jnn7fPAxD2A+jxz9Tj/9yhwzZHJW3S7vrn6sbg2h0/qx8tPmx+AIDk65LBysW/r0d+s/yYedHPv1M//4y9HYCwH4DMPf4/P3HSJqkQ7/Uvb/tzig12bLrNEwCQ4qZhnOa/ffQXHjQ/+vlvH8v6+QGE/QAU1ON/9fwFPf65+1WXzuxev1Rvur86c4/5AgAm+u6gzUrBrYZ3Cunnv2Us2scBCPsBKLTH/yv79ts45TiRVZ+SG7p+qd5822QDAJPq5x9mLeLwgX7+2pz9G4CwH4DCe/y/deCgTVRB9T3bDdfoAYBJ9fMPc9tQvWC+fv44pJO5n19tD4CwH4AG5nP2+P/o2HGbqcSik7/p8KI8AGBS/fy7ne7/1tx95i+x5w4dLqGf314NQNgPwAhmN07OZBm/OXvOpqrgOh8n6wCASffzqxQsx89PnKwyjwX7MwBhPwB77/FfybWijyvCXtybVpySs+kGAEro53fIoIx+/qvnL+QM+Qcbh5DszQCE/QCMSS/X6j6uCkc3qM1WOvHSu1Gu0+vxBwDG3c+vPrDT/fz9Sj8/gLAfgOnr8e8fOWrTlXgjPkqP/y+Xzpg/AGBs/fw314EOFHSxn3/J/gtA2A+AHn/G6EeLDzf+Ob3Xv+yKPQCgKlA//ygjfkn08wMI+wFIJGuP/3uXVvX4t+DleTcG12zOAYCRDw/o5+9kP/9apZ8fQNgPQLd6/K9fHejxb8G1+3hAEA8KzB8AqAVsdJtTP38X+/lXKv38AMJ+ALrZ4x8donr82/FCvZd6J80fAHTMV2fu0c+vn3/Y0bOvAhD2A1CGmSpjj/8vT522SUsswvumIx4SuIoPAPr5d7oRqAKwk/388/ZTAMJ+AMrr8V/OtUuIbtGzdcfof9YbFtK4VJ+6a7qJj9N936g38eYPAKbXqP38Z+tDAeYvnVg7/+bsuZxB/9rGoSF7KQBhPwCFWsy1W4iO0W/UXaM2b+lEcB8v4m16ai9O+5k/AJiy8HgP/fzmL60v79ufu59/udLPDyDsB6AV5qqMPf7ROWoTl3Zj/17/cuOfVZz6M38AMB2+MmI/f9wUNH9pXTxwMHc//6L9EoCwHwA9/kOP6B61mUtr1JN8ruwDQLuN2s/vpl96Pzx2PGfIv75xKMheCUDYD0ALZe3xjw5SPf7pe/wb1y/p6AWAzvXzx00A89e5fn61PQDCfgCmQNYe/+gktclL2+M/yuk+L+4FgG7083vI38l+fnsiAGE/AFMka49/dJPa7KUNAPT2AoDv+VuH9/V0sp9/wT4IAJMAoMd/7OPSkaM2fS3p8Td3ADBdN/j083eun39Qm7X/AUDYD6DHf2Ijukpt/trR5euKPwBMx7t59PN3rp+/X+nnB0DYD9ApC7l2H9FZ6sW9acVpvqanAG8MrunxB4CW39bz8L5z/fxL9jkACPsBuimu9mbr8f/GvZ+xKUwoTvU17feNBwR6/AFAPz/F9/OvV/r5ARD2A6j1qfT4dyowGOVk4C+Xzpg/ANDPz3YVS/WaNuNYq/TzAyDsB+AW2Xr8Xzl12iYxsZ/3Tjb+Ob3Xv6wKAAD083N7xVLefv6VSj8/AMJ+AKqCevzfvbSqxz+x5+YfaHxaMEIEPf4AoJ+fj1/Em7mfv2f/AoCwH4Aie/yvXx3o8c9QD9C0Bzhe3GvuAKCcfv64sWf+Eq+h6jVr5n7+OfsWAIT9ABTd4x+bJj3+6YOFqysXh/4ZOdkPAJMR78hptG6qb+jFTT1z17l+/hn7FQCE/QC0psf/5yecUCsxYIj+YHMFAJMT78hRraeff5uxXOnnB0DYD8AeLOSq9bl6/oIe/wwvA9yuxz+6gM0RAEz+xl1U5u24Rqpv5Onn71w//6J9CQDCfgDG1eM/yLGriU3VE3Un6n/UmyzSeKI+JXj9tpAhTg+aGwBI91283cP36Oc3R4l/Hvn7+WftRwAQ9gMw7h7/fo4dTmyunj102GYzoS/e8oLACP7jv5sXAEgnbtt9Yj1Uh//P1v385iat7+Xv51fbA4CwH4CJWcq12/nhseM2nYm9Uvf4x+lCcwEAeb6HN2/Y+T5O79f5+/ntPQAQ9gMwvT3+sen6Yt2ZagMKAHTBDxcfdsMu9Q3HvP386xtrbXsOAIT9AHSjx//L+/bbjAIAME39/INKPz8Awn4AMsna4+/FvQAAjLOfP2PQ36/08wMg7AegANl6/GNTZnNavi/P3GMeAIBy349w6nSVcSzZTwAg7AdAj3/1cY+/TWrBvbd1z/BH6+vVe/3LOocB6IxLCw+ah5b08797aTVXyB9r53n7CACE/QDo8b9lRI+/F/eW6Y9rV/7+c7o+uFY9MftZ8wLAVD/kjgfcMeLluuak7H7+61ezLF1jrFX6+QEQ9gNQuOgaXcmxY9LjX57fLD9258+pPuXvtCMAUxke1w+048H2rePi3H3mRj//7WOl0s8PgLAfgBbp5Qr89fiXIU4z7jReWTpjngCYqtqeeKC91UNu767Rz3/L6NknACDsB6CN5qtMPf6xibOZzSdOMQ4zrq5c1OMPQOv9vHdy57rButLO951+/tqc/QEAwn4A2t7jv5ZjRxWbOT3+6cXpxa1ONu4UgOjxB6Ct/fzx4HqYEdV25qzT/fwz9gUACPsB0OO/hxGbOj3+6fuKb30p71D1S/XDgWfnHzB/AEz1950X9nayn3+50s8PgLAfgCmUrcf/2UOHbXYTn3R8r3+58c8qahDMHwCliwfUTW6x3TyAUL+41022zvXzL1r/AyDsB0CP/wTGz04IkpNvsOuX8DYdUXOg1xiAtvbzbzXiAbjvts71889a9wMg7AdAj/8Ex9XzF/T4J3Zp4cHGpx+jFiG6/80fAG3s5791xINv85e+n/+PL2dZalYba1y1PQAI+wHQ459ixOZPj3/6XuOmgX/8+xfn7jN/ALT2fTTxwNv8Ja5YqqsbM/fzW+cDIOwHoLMWc+zE/lZvAi8cOFj9e70pJI04Edk0KInxvTooMX8A5DJKP3/8+/GAwPylFZWNGWt7FqzrARD2A0BVzVWZevx/cOy4zXFiv647+ZuO+DPmDoDk4fEI/fzxYDsecJu/dB6pKxrfqqsaM41BpZ8fAGE/AHzCTJWpx//XZ8/d3CTaLKcTp/WFJwCUfBttlH5+D6fT+3pdzfiHfP38/Uo/PwDCfgDYtsd/OcdOLTaJAv+0Ru3xV4sAwCR9qX5BvNq5dnim7uf/W75+/iVrdwCE/QBQcI9/nA6zeRaoANBNF+oXw3sQrZ9/lxG/IPPW6wAI+wGgBT3+3zty1CY6cVXCKD3+ryydMX8AjM0PFx9WMaeff7cRfUH6+QEQ9gPACLL2+NtQlx+yvNu/LGQBIMtDZ/38nevnX6n08wMg7AcAPf5Mrj7h+uCa+gQA1Mnp55/k6FmTAyDsB4CW9/hfvzrQ45/hxb1Ng5d4QCB4AUA/v37+MY/1jWpJa3EAhP0AMGazVYYe/zhFpsc/faXC1ZWLjX9WP+udNH8A6Oefon7+qFbMNNY2KiWtwQEQ9gPABGt9spS1Xjl12sY79Um+XvOTfPGQQBgDgH7+llcs7dufs59/udLPD4CwHwCSydLj/+6lVT3+iT07/0DjmoU4falmAQD9/C2tWDpwMGc//6J1NgDCfgBIbyHHDjBOmenxT9/jHy/ibTLiAUE8KDB/AIzazx9/zvyl9YNjx3OF/OsblZHW2AAI+wEgk2w9/s8cOmxTnrh64d3+5cY/q+hlNn8A+vmb3hCLmwDmr1P9/Gp7ABD2A0ABsvX4/+yEF8Km9srSmcY/p+ha1uMP0D2j9vP7zuhcP7/1NADCfgAoTJYe/7fOX9Djn1j0JzulCcBOt8FG6ed3G6xT/fzrG5WQ1tAACPsBoFDZevzjVJpNe9oef/3LAPh+0M8/whhU+vkBEPYDgB7/7UacSovTaTbv5Z/cjJsB5g/AzS83vzrZz9+v9PMDIOwHgNb1+Pdz7CDjlJqNfDs6mc0dgO8C/fyd6udfskYGQNgPAO21lGMn+Xp9Wu3f6g0t6Yx6mvOROuQxfwDt9ciIt7x+UPfzm7+0VvL2889bFwMg7AeA6ejxT17rE6fWvlBfU7e5Txgi1H3LTXuan5l/wNwBtNRjdf3OKP388X1h/tL67pGjuU7zr1X6+QEQ9psEAKaux3+QencZp9cev/czNvmJg59hT3j+rHfSnAG0/FT/9cG1Rje64nvC3KX1er5+/pVKPz8ACPsB0OM/zhGn2Wz204Y/u3U3v7Vy0VwBTIGvz352qNP98bmvui2tuOGYsZ+/Z+0LAMJ+APT4T2To8U8v+pi3O9kp8AGYHlHJ5iZXWeJmY8Z+/jnrXQAQ9gOgx3+i491Lq3r8MwRAt574jP8cp0DNDcB0iUD/9hGf+d7N0rl+/hnrXAAQ9gOgxz/JuH51oMc/Q8XDZo+/0AdgekVVz623uDzc7VQ//3Klnx8AhP0A6PFPvRuNa+16/NP3+Av6Aab/sz5Cfv38nevnX7SmBQBhPwBs6uXYmV45dVpAAABj9NjMPeahW/38s9axACDsB4DbzVcZevzfOn9Bjz8AoJ+/2VhT2wMAwn4A2K3HP/kd9Lj2rscfANDPP9RYtmYFAGE/AAzb47+Setca19+fOXRYeNCCPujvLTxoLgDQz5+ntmfBWhUAhP0A0Ioe/5+eOClIKFi89DHGr5cf8/JHgDE+SH23f9mL1FvSz3/96iDHEmlQ6ecHAGE/AOxBlh7/uBavx788P+ud/MTP6Y9rV7wIEmCPvj772er64NrNz9WP1tdv/nfzUm4/f6YX8fYr/fwAIOwHgDHI1uP/2L79woVCxGnTrYZgCmB0UYsWn6O3P0h1c6o8V06drjKNnrUoAAj7AWAqevxXDhwUMhRw6vT2MOr2occfoGF4vHRm28/UqEwzR+X08797aTVHyL++ccPSOhQAhP0AMD09/j84dlzgkLFHerNeYrcRPf7mDGC4fv7dRlSnma/O9vOvVfr5AUDYDwAJZOvxFzykN0wgpX4CoHk//zDDC3s72c+/UunnBwBhPwAkNFNl6vH/fH2d/l/rTThprMzdt2uFz+0jgqzH60DL/AH8w9N1cN/08/QP9QNUc5feWr5+/kVrTAAQ9gNArh7/5dS74DhlF9fqhRHpnJu552bg1GREoPXdusff/AH8U/XTupKn6YibVV+ob0qZv3TiQME7+fr556wtAUDYDwC5LebYFb9QX68XTKQTgVN08jcd8QJK8wd0+bMzXrbrs7N8mfv5Z6wnAUDYDwClmKsy9PjHNXsBhdOpAEWGx3WdmVtR7fBCvn7+5Uo/PwAI+wGgQFl6/OO6vR7/dvRO6/EHfE5uP7zvpHP9/AvWjgAg7AcAPf63ByT1tXs9/u04sRoBmPkD3IByA6qEfv63zl/IEfLHU6BZa0YAEPYDgB7/bUZcv9fj344u6gjCzB/gM/HjoZ8/Tz//H15Ofhmx2rgBqbYHAIT9AKDHf6gg+YQgObUIqpqOCMScYgW6fNsphn7+DBVLhw7n6udfsjYEAGE/AOjxbxok19fyP/+p/7fe1P8/JBKB1Sg9/udm9ps/oNWenj/c+PMv/v3HZz9j/hL76YnP5art0c8PAMJ+AJgayXv843r+4/f+i3AjoQiu4gWTTQOvlbmD5g9oZ3g8Qj9/POj8wl2fNn8JxQGATP38g0o/PwAI+wFgCi2k3mHHNf2nD90v6EgoAqxRqix+sHjc/AGt+qwbpZ//18vnzF/qB9H1g/9M/fz9Sj8/AAj7AWCKzVYZevy/f+whgUdiEWiNEoI57QqULurHRu/nN39JK5bqB/6Z+vl71nwAIOwHgC6IU27Jj9i9fvZRPf4ZevzVWwDTJGrH9PPr599hxC/HvLUeAAj7AUCP/4RHXOM/t+9uIUjiHn/BGDANom7MA0z9/DuMtUo/PwAI+wGgw7L0+J8/4IWwbejxV3kBlPIZNmo1mfnrTD//SqWfHwCE/QBAnh7/F44cFYwIywD08+vn3+tYtJYDAGE/AFBAj7+ApPwajHf7q2owAP38bOv7xx7KEfLHL8ecNRwACPsBgK0tpd6px3V/L+4tP0C7PrgmQAP083NHP388uM8w4oDCjHUbAAj7AYDde/yT1vrEtf+v1T2//6sODkjj0RGqMeIBwQt1NYb5Aybl83VY//oIlWPxZ8xf4u+RfXfn6udfrvTzA4CwHwBo1OM/SB34R4+/ACVtqPbWysXmxymXzpg/oIiHkDG+X98CMH9pPXngYK5+/gVrNAAQ9gMAo/X495Pfyz91WpCS2E97Jxv/nOIhQTwsMH/AOJwfsZ8//pz5SytjP/+stRkACPsBgJb1+L9zabX6r7oHWKiSztPzhxsHbXEC92t1j7/5A/YUHo/Yzx83AcxfOv+Vt59fbQ8ACPsBgDFJ3uN//epAj39iEdyP0uMfDwrMHzCKUfv53SzqTD//kjUYAAj7AYAp6fH/9qH7BS2Je/zf7a82/llFFZD5A5p81ujn18+/S22Pfn4AEPYDABOUpcf/Jyc+J3BJLF7CO8ppW3MHDHOLSD+/fv4dxqDSzw8Awn4AYHp7/N88f0GPf2IvLDzYKJAT9gPDGOX9IPr5O9PP36/08wOAsB8AmP4e/+gL1uNf5gncCON0aAPDvhC8yUNEny2d6efvWVsBgLAfAMjb4580EYje4OgPFsiU060dDwOEcUAT8Z6P3YZ+/gwPeOsH6pn6+eetqQBA2A8AlNHjv5I6GYgeYcFMWnHCdqsRp//ND9DUWysXt32AqJ8/Q3XbkaM5TvOvVfr5AUDYDwAUp5c6IYg+YT3+6Xv8bx3x380LMK5bQ/r5Mz3MzdPPv1Lp5wcAYT8AUKz5KkOPf/QLC2vS9/h7IS8wzveCxEl/lWDpX8SbqZ9/0ZoJAIT9AIAe/ztG9At7cW/iFzg6eQuM8YW90eFvLjrTzz9nrQQAwn4AQI//jiP6hgU4AFBsP/+MNRIACPsBAD3+Q43oHRbkAEBR/fzLlX5+ABD2AwB6/JuO6B/24l4AKKKff8FaCACE/QCAHv+Rx/WrAz3+LbC2dKZ6YeFBcwEtFC/T9f4O/fw7jPWN73/rIAAQ9psEAJgyd21c4082ItjQ419wZ3Qd8m8OL+eEloXHs5+prg+uVX9Yu3Iz9Dcn+vlvG2tqewAAYT8ATL/F5InDqdPVmTrwoBxfrYPC28dbKxer/6pDQ/MDZYsHdR+tr3/i7655KdNrefr5l6x1AABhPwB0x1yVuMf/nUur1X/WfcXCn/wi0L81KLx1xCnheBBgnqBMUb211fhJfTvH/JTjP/P088cHu35+AEDYDwAdNFMl7vGP4OOrdW+xIChv0B+B/k4jHgR8e/6w+YLC/u6+01/d8e9unPg3VwXcnKq/5/5Sv7cm8Yj/Qf38AICwHwA6LEuP/1OH7hcIZfL68rmhf1aXF4+bMyikdiv6+Xcb8aDOzZy8nq/7+TO8iLdf6ecHAIT9AMCG5D3+PznxOcFQAT39u414OKDHH8rp599txEMBf2czVSzV76fJMHrWMACAsB8AuN1clbjH/83zF/T4Fx4c3qxfqmt/Hp3Zb/6gkH7+nUZU/Qj70/fzx3tpEo/4IJ+3dgEAhP0AwHZmqgw9/sv77hYYJT7h3zTwj3//ybmD5g8K6effasTDAfPXiX7++J7Wzw8ACPsBgF1l6fF/8oAgubQX9W41vAAUJv8wrunfzXgY5+9mZ/r5Vyr9/ACAsB8AaCh5j//lYw8JkAp+Ye/miD9j7mD8vj1/uPGtm+jo91LezvTzL1qbAADCfgBgVFETkLTH/7Wzj+rxz9Dj33TEyWO94DA+P+mdbPz3UD9/p/r556xJAABhPwAwjlqf5D3+Av+0oo9/lB5/J4ph75Vab61cbPw5qZ+/U/38M9YiAICwHwAYp+WU6Ub0IEewImBK59GZ/brCQT8/5fTzL1f6+QEAYT8AMCELqZOOCFgETWlPGY/S4++UMejn188/1rFgzQEACPsBgEnL0uMvcErr8uLxxj8n/eGgn3/a+vnfPH8hdci/vvE9a70BAAj7AYAkkvf4xwsR9fg7eQxd7OeP2zbmL30/f7w/JvHoV2p7AABhPwCQyXLKFCRejKjHvx2d4vGgwPzB3v4uxdDPn95Th+7P0c+/ZE0BAAj7AYDcFlKmIRHA6PFvx2nkqCoxfzDaLZn4992SyVCxdOJzqUP+9Uo/PwAg7AcAChL9woOU6Ui8MFEwVX7PeDwk0DOOvzfNRtwA8PemE/38g0o/PwAg7AcAChQ9w/2UKUkEM/9RBzSn66CGNJ6vK0WanlCO4DJOKJs/uuQ/67D+tbprv+mIP2P+0vpKXQ/3+/T9/CuVfn4AQNgPABRuKWVaEgFNBDUCq3QiuI8X8TatJPnm3EHzRycsz+wfqZ8/HqaZv7Qy9fP3rBUAAGE/ANAWC9XHPcRJRgQ1EdgIrtKeWn6nv9r4Z3V58bj5Y6rFQ61R+/nNX1o/ztPPP2+NAAAI+wGAtkne4x/BjQArrbWlMyPVlMTDAvPHtImHWU1H3ADw9yGt/8jTz79W6ecHAIT9AECLJe/xf+3so3r8M/T4jxJwRtWJ+UM/v/nrQD//cqWfHwAQ9gMAUyJ5j//ZfXcLthL3+KsuQT//8EM/f2f6+RetAQAAYT8AMG0WqsQ9/t884IWwqU83Cz3Rz+8hV4lWjz2UOuSPX4w53/0AgLAfAJhWyXv8I+ARdKWlzgT9/FsP/fx5+vmj3i3xiJ6gGd/5AICwHwCYdtFbvJIydYmgR+glCIXc/fx+v9OKOrdM/fy+6wEAYT8A0Cm9lOlLBD5e3Ft+xcn1wTUVJ0xdP388/DJ/iT9/6hq3DP38C77bAQBhPwDQVfNV4h7/r9z7L4KwwsPReECgx59p6eePP2f+OtHPP+s7HQAQ9gMAXRcBSdKeheePHBWItaD2ROBPKeJ3semIh1zxsMv8TX0/f7/6uJ7O9zkAIOwHAKgy9Pi/fOq0cCyxn/RODv3ziTof/ea09R0U+vk708+/5PsbABD2AwBsrZcypXnn0qoe/8Semj+8axVK/HO9/ZRm2Nsp+vk70c8fH2ILvrMBAGE/AMDOkvb4/+XqQI9/YhHk79Tjr76HUuuodvq91c/fmX7+QaWfHwAQ9gMADC1pj3+cCNXjnz44fXPl4h0/i6j6MT+U/MLprW6m6OfvTD9/1M3p5wcAhP0AAA0l7/H/8YnPCdESW1s68/f5j/DfnFB8ZUx9ev/WoZ8/T9CfoZ+/53sZABD2AwDsTS9lmvPm+Qt6/BOL2p53+qsCU1r3wl79/OlF7VqGfv5538UAgLAfAGA85qqEPf5xYlSPP7DbuyfMQ+IHg3XdWuIR1wf08wMAwn4AgDGbqRL3+H/r0P3V/18HTADklaGff7nSzw8ACPsBACbmro0AJtlYPfaQoA0gk3/P08+/6PsWABD2AwCksZgy9YkTpRE4Cd4A0vlynn7+Od+xAICwHwAgrbkqcY//F/fdLYAr2FPzh6uP1terr9Rd6uaDrcTvxmvL58xFC3wnTz//jO9WAEDYDwCQx0yVuMf/GwcOCuIKDXEj6N8c31l40LzwyfC4/p3Y/B15eemMOdHPf+tY9n0KAAj7AQDyS97jHydOBXLl+I+7Pl39Ye3KnfVLTnCzIcL9O/4eeyCkn//jseB7FAAQ9gMAlCV5j79wrgxvrlzc9uf0Tn/15sMA89TdB0HxO7DVUPmkn78267sTABD2AwCUaa5K3OPvxb15/bh3ctef0/XBNaFuR6ud4me/2++Gh0Gd7Ofvb9wK870JAAj7AQAKFgFO0h7/OJEqsMvTwT7siFPcalu62c+/24iT/+asU/38S74nAQBhPwBAuyynDPz1+JfRw77b8GJWvxdbDQ+C8vTz/+7SasqQP57+LPhuBACE/QAA7bSQMkl6+dRpIV6BNT63j+j4V93SrX7+nUb8Dpm/9P38f7k6SPnxHP9j+vkBAGE/AEDLzVYJe/zjpKoe/7Semj88dGXL5vjD2hU9/h3r5799qHbK18+f+EW8K5V+fgBA2G8SAICpkbTHP06s6vFPH/ZGgN807I0HBeavO/38m8NLmzNVLNW3nxKPnu8/AABhPwAwnZZTJUxxcvVbh+4X8KlxobB+/vgdUePUiX7+ed95AADCfgBgui2kTJx+fOJzwr4WBMCvLZ8TAHfgwY4XNHeinz9ucennBwAQ9gMAHZG0x/+N8xf0+Leg2iVqgM7O7Dd/U1rZpJ+/E/38cXtLPz8AgLAfAOiYpD3+v395TY9/S17a+s25g+Zvil7GrJ+/M/38i77XAACE/QBAty2lSqLihOs3DgiSU9e9ND0FHmN18bj5K0y8W6Hp0M/fmX7+Od9lAADCfgCAsFAlrPXpH3uoWqpDMdKJTv6mI/6Mucvv3+uw/s2Vi41/ftHPb/7S+lKefv4Z32EAAMJ+AIBbRY9/spTq1bOP3jwBKyBMJzrbm464FRBhs/nL48sj9PP/baOf3/yl9Vyefn7fXQAAwn4AgC1Fj38/VVIVPf6P7LtbUJg4PP5bw873+Pfjz5m/tL5V9/P/bYR+fj+r9F488bkq8VjwfQUAIOwHABhG0h7/qL4QGKbzxZn9I/X4Oy2ezqj9/G5hJK5Yqm8nvXH+QsqQf33jFpbvKQAAYT8AwNAWqoQ9/lGBITxM2wOvx396+vn9XPL088ftpISjv3H7yvcTAICwHwCgseQ9/kLEtFYXjztB3uJ+fjcu8rh46P7U/fxLvo8AAIT9AAB7lbzH34t70/rG3EHd8C3s5/cuhU70869X+vkBAIT9AABjlqzH/y9XB3r8W3CqPMJmp8rz3K6In5XbFVPfzz+o9PMDAAj7AQAmZL5K1OMfFRl6/NvRFx8vkzV/3pugn3+sY6XSzw8AIOwHAJiwOGmaLPX6xanTwsbEIrxvOuIhgZPmw/vizH79/Pr5txs93zMAAMJ+AIBU7to4eZpk/O7Sqh7/FnTIR3itQ34y70jQz9+Zfv553y8AAMJ+AIAceqlSsKjQ0OOfvsc/XsTbNJSOBwXmTz+/fv5GY63Szw8AIOwHAMgsaY9/VGoII9P2yr/TX238s4pQ2/zp59fPP9RYrvTzAwAI+wEACpG0xz+qNYSSab28dGakoNqJdP38bfLEgYOp+/kXfX8AAAj7AQBKk7THPyo29PinFeHzKD3+EXbr529wg0U/fxb9Yw+lDPnjl2LO9wYAgLAfAKBkvVRpWVRtPLLvbkFl4h7/UcLrCL3183s4Umo//6tnH00Z9K9VansAAIT9AAAtkbTHP6o3hJZp++eb1tJE4N+1WxBNh9qj9OJhYYZ+ft8RAADCfgCAVpmpEvb4RwWH8DKtJi+c7drJ/qYPRLzQuBP9/Au+FwAAhP0AAG1118ZJ1iQjqjj+ra7kOFUHeaTx3BAn2Pt1kN3Fufm3OvDfrfIo/vkT9YMQv0tpJe7nH1Qfv8TcdwIAgLAfAKD1FlOlalHJIfBP64kdXkL7an36v8tz86X6HQfb/q7WJ/8fqfv5/Q4lfACTvp+/X+nnBwAQ9gMATJm5KmGP/5fu/RfhZkIRWv/+ttqa+O/mZuvbD/EQJE7+m5+Ev6Pp+/mXfO4DAAj7AQCm1UyVsMf/uSNHhZyJa2te3ejxj5P+wux/ePWW9xt0tdYo6+2TtP388VBzwec9AICwHwBg2iXv8Rd2Ju5Dr8PsqK8xF5/0xspF/fzT388fDzP18wMACPsBADolWY//7y6t6vEH/fyTHiuVfn4AAGE/AEBHzVWJevz/cnWgxx86FPQn7ufv+TwHABD2AwB03UyVqMc/Orv1+MN0i4d6ifv5532OAwAI+wEA+FjSHv9fnDotFG2BR2b2F/GS3/i/w8+jHeJhXsKxtvGw0mc4AICwHwCA2yykSuneOH9Bj3/JNSx1yP+XwbXq92tXsr7s97mFB2/+vsRLh/1cypa4n3+50s8PACDsBwBgR7NVoh7/6PTW41+mCPk3x9/W16sn5g6mD4+Xz33i9yXH/w0U2c+/6HMaAEDYDwDA8LU+yXr8Lx66X2ha0gnt20L2zZHqdH3cKrj1YcOtDx1U+nS+n3/O5zMAgLAfAIDmllOleC+e+JzwtITO9Y3anO1GPAiYZI9/VAZFqL/tbZD6IUAJ7xEgSz+/2h4AAGE/AAB7sJAqzYvObz3+GU9p10H7MCMC90mcsI8HDTsF/bc+cPDz6lw/v89iAABhPwAAY5C0x/+RfXcLVDO8kHeYoH1zxL87zhf3/mLpTLObIL2Tfm7d6Odf8PkLACDsBwBgvJL2+D9xwMtYU4f9W/Xk7zbiNP5e/3d/119t/L+b6v0BZOvnH2w8ZPTZCwAg7AcAYEKWU6V9/WMPCVkLeTnvTmPUWp24GfCXwbVmD4LqGwUX5w/7WU13P3+/0s8PACDsBwAgiajWSFLrE93gwta04tR809H0xbnD9vPf/r8xzuogiuznX/L5CgAg7AcAIK2o2BikSP+iI9yLe9N6Yu5g4zA+TukPE8Y37eeP8cbKxUYPExhPP//vLq1WicZ6pZ8fAEDYDwBANlG10U+RBEZX+GN1Z/j/V4eQpPGFmf2Ne/zjAUGc2t/q/79/HbGfP17G6+eRVvxd+8vVJM/yYqxV+vkBAIT9AAAUYSlVKvhs3R0ujE0nAvpRevzj9P4nwuMR+/m3e3DA5MTfsYQv4l2p9PMDAAj7AQAoSlRwJOnx/1XdIS6UTStO1zcdcYo/HhaM0s8fDwbiAYG5T+ulU6erhKPncxMAQNgPAECZkvX4R5f4v9ad4gLadC7MHx4ptB/1IYE5T3iDI30//7zPSwAAYT8AAGVL1uMfneJ6/BN3uden7Zv2+DcZt9f/MJX9/DM+JwEAhP0AALRHkh7/6BbX45++x/+NlYvj/Tnq5+9CP/9ypZ8fAEDYDwBAKy1UiXr8f3Tic8LbxOIU/lhuaOjn70I//6LPQwAAYT8AAO2WrMf/jfMX9PgnNsrLd28d+vk70c8/53MQAEDYDwDAdIjqjpUUyeLvX17T45+hx3+UF/Hq5+9EP7/aHgAAhP0AAFOolyJhjA7yC4fuF+4m7vGPU/pD/Xz082cRfycS9/P7zAMAQNgPADDF5qtEPf6Xjj0k5E3s1eVzO/5M9PPnEe+0SDgWfM4BACDsBwDohujxX0uROv7q7KN6/DP0+G819PPn6eePd1kkGoONv9s+4wAAEPYDAHRI0h7/L+y7W/ibuMf/1hf3xol/85K+nz9+9xONfqWfHwAAYT8AQKf1UiSR0VX+9QMHhcCJe/x/v3ZFP//09/Mv+RwDAEDYDwBASNbj/+yRo8Jg9POPZ8Tf2QWfXwAACPsBALhV0h5/oTD6+fc01ir9/AAACPsBANhG0h5/L+5FP/9IY6XSzw8AgLAfAIAhLKZILKPTPEJSYTH6+YcePZ9PAAAI+wEAaGKuStTj/0zd4/8/69AU2iZxP/+8zyUAAIT9AACMYqZK1OP/0qnTwmNa43/VFVT/nbaff8bnEQAAwn4AAPYiusGXUySab19avRmiCpMp2ef33Z2yn3+50s8PAICwHwCAMUrS4/+Xq4PqXN3jL1SmRI8fOJiyn3/R5w4AAMJ+AAAmYa5K0OMfYepK/dJT4TIluXTsoVQh//rG3zWfOQAACPsBAJiYmSpRj3+8/FTITAn9/L86+2iqoD/+bqntAQBA2A8AQBLJevzjJah6/OlQP7/PFwAAhP0AACSXpMc/wlY9/kx5P/+CzxMAAIT9AADkNFsl6vGP8FUIzZT18w82/g75LAEAQNgPAEARtT5Juk4ihBVGMyX9/P1KPz8AAMJ+AAAKtJwiIY0wVo8/Le/nX/J5AQCAsB8AgJItpEhKI5SNcFZITcv6+dcr/fwAAAj7AQBoiWQ9/l7cS4v6+dcq/fwAAAj7AQBomWQ9/s8cOSq0ZiQJ+/lXKv38AAAI+wEAaLHlFElqhLbCa5q8iDdhP3/P5wAAAMJ+AACmwUKKRDXCWy/uZTdR/ZSwn3/O338AAIT9AABMEz3+ZBeVT4lGXBuY8fceAABhPwAA0yg6y/spAn89/mTs51+u9PMDACDsBwCgA5ZSJK4/P3W6+h91yEu3namrnf53un7+RX+/AQAQ9gMA0CUL/7e9e8eJI4vCALwFdkAH5NPB5HRA7pa8gGnJCwCxAVpswC2HJDQZmdvRZDwCMgcEZA7cYgV4Bdc+VjFixmPEo+t0Pb4jfZGFA7iV/HXuXyWh1uf2/PJn2Cv07qeT3H7+oecaAABhPwAAfRTh6LLuFDa2uiP0FX73S3I/v9oeAACE/QAA9Fpaj//izVsheE8k9/N7jgEAEPYDAEAlpcf/6uBQGK6ffxUTtT0Tzy0AAMJ+AAD41aQk9Ph/+fhJj79+/tdMVE/p5wcAQNgPAACPSOvxP9rcEpLr53/uROWUfn4AAIT9AADwBGk9/qfbO8Lylvv8/kNW0D/zbAIAIOwHAIDnm2YkuGe7+0Lzlvbz355fZhyRqJYaex4BABD2AwDAy41LQo//zfGJHv+W9fN/+7rMCPrja7/6+QEAEPYDAMAKDKvQtdaJHn+Bfzv6+ZM+xLso+vkBABD2AwDASm1U4WutEyFybI0L1Xvfzz/1zAEAIOwHAID6TDOS3tgeF673tp9/5DkDAEDYDwAA9Uvr8Re0966ff+D5AgBA2A8AAHn0+OvnX+XMi35+AACE/QAAsBYpPf6xVa7Hv9P9/HueJQAAhP0AALB+07rT4Ngu1+PfyX7+oecHAABhPwAANMeoJPT4x7a5QL4z/fxqewAAEPYDAEADDUpCj/+Xj5/0+Ndg8eZtZj+/5wUAAGE/AAA02EYV5tY68eFePf6rc3VwmBHyx82PiWcEAABhPwAAtMde3clxbKHHNrqw/nX9/HFTImGWRT8/AADCfgAAaKVRSejxj610wf3L+vnjhkTCXBT9/AAACPsBAKDVBiWhx//m+ESPfzP7+WeeAQAAhP1+CQAAdENaj//R5pYwvzn9/GNnHwAAhP0AAHRPSo//6faOUH+9/fxxk0M/PwAACPsBAOiwUUno8T/b3Rfwr6eff1H08wMAgLAfAIBeGJSkHn9Bf2o//9TZBgAAYT8AAP0zrzt9jm32Pn+4N7Gff+Q8AwCAsB8AgP6a1J1Ex1Z71Njo569lrqubGs4yAAAI+wEA6LlhSejx//uvd/r5VztxM0M/PwAACPsBAOAfGyWpx7/LtT6J/fx7ziwAAAj7AQDgd+Z1p9Tfvi7L6faO2p6XzV11E8NZBQAAYT8AADxqkpFaRzh+tLnV+qD/bHc/a5v/uqjtAQAAYT8AADxDSo9/zNXBYSurfeJ2QtxSSJq5MwkAAMJ+AAB4iZQe/5jYjP/8/kMrNv3jQ8NJH+At1QuXibMIAADCfgAAeK1ZSZyo94kP3TYp4I+XEHEDIXGTP2ZZ9PMDAICwHwAAVmhSkmp9Hm773xyfrC34j4A/+vgTt/gfzkXRzw8AAMJ+AACowbDaNk+fCP5j4z/C9+jKryvcj4qeqBNK3uD/78ycNQAAEPYDAECdNqqt87VPbNzHC4Co17l/CRBO/vjztx/UvRehfvxc3By4Pb8sDZm4OTF2xgAAQNgPAABZUnv8ezDXRT8/AAAI+wEAYA0mJbnHv6OzKPr5AQBA2A8AAGu0th7/jszUGQIAAGE/AAA0QWN6/Fs0cSNi5OwAAICwHwAAmkaP/9Mm+vkHzgsAAAj7AQCgqcZFj/9jM3NGAABA2A8AAG2g1ufXuatehDgfAAAg7AcAgFaZ2PL/OfPqBYgzAQAAwn4AAGjtln9fu/yjm3/kDAAAgLAfAAC6YlD6U+2zrG41+LsDAICwHwAAOik23RdCfgAAQNgPAADd2PSfl250+l8I+QEAQNgPAAB9tlEF5dctC/jjJUV8i2DobwgAAMJ+AADg39v+ew0O/u+q2whjfysAABD2AwAATwv+J1W4vlxjwH/xw9QGPwAACPsBAIDVhP/jKni/qOEFwF31/86q2wUjv3MAABD2AwAAeS8BRg9eBDw0qwL8+f/8232gL9QHAICO+w7IolPZLvCfXwAAAABJRU5ErkJggg==\" alt=\"\" width=\"467\" height=\"475\" /><img src=\"data:image/jpeg;base64,/9j/4AAQSkZJRgABAQAAAQABAAD/4QB+RXhpZgAASUkqAAgAAAACADEBAgAHAAAAJgAAAGmHBAABAAAALgAAAAAAAABHb29nbGUAAAMAAJAHAAQAAAAwMjIwAaADAAEAAAABAAAABaAEAAEAAABYAAAAAAAAAAIAAQACAAQAAABSOTgAAgAHAAQAAAAwMTAwAAAAAP/bAIQAAwICCwgKCAoKDQsICAgICggKCAgKCgsNCggLCAgLCgoICAoICwoKCggLCAgKDQoICggKCgoICgsNCgoNCggKCAEDBAQGBQYKBgYKDw4LDhAPDw8QDw8ODQ8PEA8PDQ8NDQ8PDQ0NDQ8PDw8NDQ8PDQ0NDQ8PDw0NDQ0NDQ0NDQ0N/8AAEQgAjACLAwERAAIRAQMRAf/EABwAAAICAwEBAAAAAAAAAAAAAAYHBAUBAwgCAP/EAEAQAAIBAwIFAgMECQMCBgMAAAECEQMSIQAEBQYiMUETUQcyYSNxgZEUQlJicqGx0fAzweGCogg0Q1OywhUWJP/EABsBAAIDAQEBAAAAAAAAAAAAAAMEAQIFAAYH/8QAMBEAAQMDAgMHBAIDAQAAAAAAAQACEQMSITFBBCJRE2FxgZGh8DKxwdHh8QUUQiP/2gAMAwEAAhEDEQA/AE/8ZOAjd7VdwmXpKSx/gMH+RQ49xqowYWueZq5vaWMnvq5QFdcvbaToTzATNASUzuXODNU7A/d9dIkrWDSdF0V8OvhwwCGopUGJJ8A/76RqVEXQY1TI5r43Q21JqVMpV3NQWBIDhZGXqKDFqifmkYIIydRRZJmMLPrOdpolK2yG2F16CpUQKworXFwBg20FZFQ1WtNpMQ4FiAgK+Q52CMd8JZpaNCgvccT9Vyljbeo8qKu6VnJPf5hcB2IAKlYAipJWblsCSZ7grNdJgYPUrfxHart2ZqRVpF61aZLenVJ66e4YMwtqAxLWBgQOkgBoYS8Qff2IXVG9mcHwI+xRhs+XalQU0CpUV6YcuelQ8wyqq02YNTI6rirA/qkd0i8Ak6LRp8wgwR3qvq8hVmkohNNZ+0vFpjv6ZIBIHuYB8MdP0/8AIBkCof2syt/j7zNLHiceSGivceQYI9j9fy1ssqB4lpWFUpupmHBYI0VDWLdcuWLdcoWI1y6V9GuXLFuuXShLk7nBRS21Cqeivu6u3qg+NvV26Uw//TUKH6W/nlHK9GWluUqNzys6krGUlTHupIP8wdTeFU0p0RH8L+X73a7Cz3wIA7kzgAaBWcmuFp6kroDgO+FKndtKP6S11iPUIValQDqWipILlBLEtagA7zAKZp5h5j3TRr4imJ9pVxuuK7uu4R6wQ4DKquEVwJZFtIckYX1DAYgwoWG0xToMi6JWfV4tzDaDBR1wfZGlSLh1FP02vWpbJYEoGQgXxUVbkMMZLZaSWGQLgIyly9zwXSl58Utsbn3BDLQbbVP0cF5uqLVFJ7woCyIarTZZlPJkAFFTRo1nP3XUqZguKEeG7L16a0W9Qyxcs7STVtk1FEMAR5OVfCMpgagutNwjombLmgJmfCLlmmlOuzoKjqGLJ6jAO6A220lQxdOL3Yi4/XQ6rpcADj5ug5DSYV2eD2ilTX7Klua5CSGBoUkJLUiSxLMlKWVhiIXIVbbEtku6D170s0vw3Y+3cmnxLcpatgAS0Ko9lAAA/DXn3jmK3qOgSr525QRgWtJLTJXuD4YZxGJAkH207w9dzDgrq9NjxkJN13KOabd5w0FQ2PY9j+YnE9ifVUqweAvKV6BYcLZGmkosW65cV9GuULBGuUrFuuXJfbbkokSRIOvO9pC9/wD60q64Xy6UosHzUuYXHyrZnUF8qgoECChbbcNuqegmVGKnUFuc9lk4/DOYjI03Tw28+Szaxl3ZN038eifHDOB3bYsUR0FUOKpH+nCMppsrCVVCRjAVnuJMqdBa7n12+FDrDGB/CthVdERQHClEK1arAmXW22lBLKpSmjBegWgwZYaKHCZ+eaQNIu1Uzabimppy4qHCE1FqQS8oSFy8spWFZVJRogXACjiTOFLWxuqj41VTVpq1yFbQ1SuHJWxiwuqM0ZJDIqqAGEmQ0IVaWHd/RPEi3VLXlLijVU+wdK9PCstUEGGQi2Ta6AwpJIlbjjpbTLmAO5xCq15c2GGQjHiXGq22o06is6XCDuUYzfdDLuB8yy4ZWsKlKoORfFW1INe4g+n6SlVxaAR6/tTeA87+sKN5mzcLLy5GblM1GLSTMZaIJMa6pStujoupvmJ6pwHikImZ+0iD4yUP4epj2H3awXNyVsMmJVdxDn2ik3yrg2ikRLMfZV8jHfCjuSNc3h3OOER1VrRlKLmvjzV2qJSosAzCqzsELBUkzCkxImSxOMDudblCkGwXO7lk8RXc6WhveqtRgHBkBgR5B8/gQVIOQyka2WOkZWI9sFfRoiEsRrlyxGuXLEa5dKJuUtqpABHf+w/zEfhryZX1Y6YUL4mKu3SV7+B9fEx4GuYC50IFV9tMvS8+H/D0VTUeSHk3DJBV2ItEQWJk3H6fTWi8mbRsvPUWgNLnbpk1apoIa1QswCSgpsp+3tRkZzHaC4Ygi4MASemKCHG0ec9EOo0j/wBHeiquVOfEBCtNMI7VFREkM7BoJAYKncAzUhUEKBGjVKROiUZUA2hX3K3M9oCupapUpGoKxW4moFL5pyAzIzK8J1FqZHYHUPpyZGnRCFSMFUNF6e5J2xFSk+4CqrOZ9QpLXblAyyHKo0kMikG1ZljNQObz6x8wpplruTOVQjlSntG9SS1VahKelULAvELJ9KCoD1B1kFhUqAE3DUBzn427wiFrWZ37kZcMrrYWIYR0VkqLcKkyFBfppyIHX81trEta5YDpBj0UjI+6tON87UW2p29MNVfv6gwBacR7kAd0X0zMhtDZTcKl5wiOc0sgaqTwvmta1MiQbqFK1hjNmSB4IcNPswP00tUYQ7zT1Lmbg7JUcr84gtuqjlqtarXNJQMs5UDsScAMXwTAUooHyjWpUYYa0YAWZRqAXE5JOOqOtjxMVNmzU0LMu5pnchjDGiHEJM4BJWSJjufpVrCKoDjsbfFUe+6lLRvlaOYOBPtfSWpBFYeopXIUnBUk+YCz7lQZydO0qjX5btg/PVZ9WmWi0+P8KtI06lFjUrl8RrlyxGuXI35P4eIz7Y/z+2vIuJX1BxhLv42cUCwncP294Ht+M99McO2TKz+NqQwNG6X9Df8ApqKV1zW5z2SAsKP3izGTHbWiMm5YTja3swdkZ8rUDXqbihWaKQos71QSXAUhj6QOJlQpIWSrNgzgdR9gDwFzWF7nMdtupG5qAmkqUvSVVCM8AdQphKtZl6pJAqOFYE2mzuEAs2YJJk/ICAQRFoRPzVwVaabBqcMdzSWqyORGS9wBxhQwAiXNuLpA0Oi8uLg7b+FNZkNaQhPZblKdxt9Sg73Hw9MskFXI7p56SBcgYEgsunHNJ8fv3pJrg3w902OGfD6gE21X1TRauCKJXIZZuQO0iGiVPUpPbuY1jv4l8ubbIGq1adBuDOSvXPm1Qba02vWpsKjFGgEzJNp+cET0t1HvMjK9F5vnbROVKctyk7T4srKzU79vQZmJdz9pUHmnthd001MddQOF8XNgaZwYOT8yUgAIluB7nuCHNhzWaCbuyFCKzUkBOLiFCpJkhajLkkmX76I6ne5qoyr2bXR5JfcrcVFMqxJtGC6khqbxAeYj6GREqp/Vy68Ss2mbV1Z8K2pUtsFJL09x87GWPWtuYkscKPoTPYYxaxc6pI1C3m02tpDv/K1c5lqm3tY3NtiTTPZjSVhDdsrhipIBPbMa1KIAON9fFYdQk67fZDe33N4B8+Y7H95f3W75yO3jTrOiTeMyvZGiKiwBrlC+1ylP7gPw/VluBt/D7+3nH/OvFh5K99UrkGFzX/4g+B27pKSkvUUFmCj90EKMRJkeex8Y1p8PgEnRJ8S/tLQ3VD235MDNSFMB3WkWY1WKhKTGJdoIuZgbLQTAmM3Egq4JPXEIb6AuAZkxmcQPmit9rxg0G+zsAFFHlZe4M/cM6hiq2rKRMXZIJA6y/LkI1ezMN6eKmbAsIUMzCo03MASCSs9cLN8MpDS3WDIWdWIGqFJw3ZW3BqlStuxRJtpUPVUJK3JTqlnFr9RDMpWbPlEILWubViA2neNTCAHXVbHGAJj8eqncH+GldYaqj0nDAWKAWqNezQqAk2rCm73HnRX8Qz/kz+EpTounmTC+LvA6FDb7eigZKlMxTqU4lA5l/UDGCGuPzfrQfB1j0Hvc9ztjqtioxtoA8lzZzHzYuz9WnUf9JIaxKZBNtoE+oxJMXA9EwImJY60LTUggQN0LtGUJDjd0H7Q0/OK1CTVbrKdTA4RYwABgAAkwBqezI0GFQvDsuOfshqrxg1D6gFqk+lSp+1BOtr/eTaSfLXnwIcAjlWdJcbvIeAWqqplqg/1ATckd1g+IiMW+CIAjsdW7lBafqTD+FnxDO2dD89C4n0vKduun4gEggNOZxETWpQDwdj16olPiCzvHTp4LoPc8vruqTnbvUq1qmCahwiFWvNVioMkkBRk4AAgYWbWNMxUAAHTdTUoh4mmZJQXwHg1h3AqMyKmYCkqjsFdBUibQ6vKsAZgyRBhx1TQt1/CW7IiQ74V6ZdNhJBedSpX0a5cujeGVnABXv93+fTudeIGq9y+NCuWvinzG1Dc7ipVUipeF6eoFyOyC6SEAHe3LHA8azWXw0aJTtRSbeRlCXCuYKlYtclQrXIaSAFlVRRINvyx+8AT+OmuzDQIIwk/9hziS4GD6YU5eJsprsy/bIi2Uw0U2UCor3qzIS1ryqYYsxUSYDSGjA2QXVCSXb7dN1P4RxKoFpXVLXplyzVbWDz2BLEQqAkMbTdasRaszY2TAwhio6ASfVHHK9L0elwFe0UlPZXcuC3qOTNN3C00DExYIBXoBo/mEt/r9rm8pymZw/mKnsVZWii0E9YAICwDae5UFhlofqBMgiMuo01DhatINbqufPiJ8cXq1q36PDPAoCqy9KAEs1hu6g8mLlIkg+8aFLhg1ov8AFK1eJlxFPwlIjm/egAKOqoCCzxkkTn3HfzIM6eZJM7LPqWtEDXdDnDqbVDavdyAfuEd/oJGimNUAScJtfDrk41qihp9O2Fn/ANuSR/1VCpczmxT+0NI1n2jGq0+HpXuzopPMHDTttw5QX2fZsn7QtDvJ8Wg0zPbMeSNSznZlRUFlQx4FUlfg3o1OhDSlwPTJBW4tFqMPB8rGAO/jTVN0jJlI1WQ7Aj5snNwTjj0w5R3o1KVTqKG+EyU/SKQ6yGUhfUQVEHYpK3BZ8OwQCD8x+kywFu8H5r+1f7/4j06dBksH6Q1RJ3A6krU0HRULQCYC2WnwD9baUqJL7px06dyrWqC2Iz12Pes1uHhUpss2Osi7uP3SfMfngjwZfo1Jlp1CQrU7IcNCohGmUusa5cmXtPiN6a4Mx4PfBx3/ADjXjxTX0J9MHK5l5946d3X3NwmperWCFlA0KVJ8lWJYk24yO+thgtg9y8/Uzc2MqFwnZOKMvBUsbKJfpMWXF1po0fMoulJOM+CXAugev9oIa6yXadJW7bcvMfETFITaAr2mApJ6YAxJJJgRkAXvEwgmnuiXacISlSaotemVL4oAFnWkyuwY3AqGMKCtK6Llk6kPJdFvmhlgaJu8kQ7D4pl6UVRSKEFGd1CKLoAkKUDsYI6swS4EBpE6iAZbPz8I1OpcIfCA/iTzozEC8VDaA1Z7iHpQmEcAqCbAWJMkzjq1alTEaKatXaZ6pV8e48Sw9NgwOYwSDnE4kD3M/howb1Szn55ShndV5J7s3kkz+Xv9/wCXvogQnFWnK1YL630piPuNRLv5DVTqFLdD4LoH4dcTSlTdziwXM33KC1v5JTX6J9TrNrC5wC3eFIa0k7LRs3NUVGIk7hPVYnPVVdWCqvcrYBMfsgeBopgR3fhLNkz3/lDG/wCD1/X9asGUFmK4MKMwoWcz5tye84jTTS221qRe2pdc8JjPsE/SRW9R9stakrJWpLIBFKhd6giStQ1ADE9iCpkjSoJstiY28044DtLpid1L/wD10h6RYBlYyTRuq0ntxdTMq9OpCi5GK4IiYhaCrgx74Kv2IJE/seI6eCuOXOY7ts9Bxe61i6uhGEMQbcAgsXm0gi4YwwDFsVBUHRJk3MNM9ZUcjWkFlLEalcpfFd1SqMFKm4mAVP8AXH468sJC+hug6pR/EzlwUtwtUdnUIVz7xGM5nt/zp2k+RasjiaQa69U3DePUwgQvFIXBZoktUUwbWArIxKN1LIWkGGZMDTNrpmM+KzL2xE48NUUUeMUiAsVlUgAfo60lm3uatE1HCEqyi4kM5k9lzUNd3T3z91Je0iM+UfZSm3VNg4vaiDKBalNWAUtJa2kG65xaSozosOGYnzVCGE6keX6QHzTsWpNLuFpljBdHHjuilTAMdsR90TcVJ0GUN9G0yThB/FuPwGRKgUOIYIp6vvIQ/wBQRqQJyQhOIEhpwqB6sCO5PdjP5CfH+8n2iypop/AeGrUNk9bHpEdx7dxnv3I7+8ahxOquwNON1N4hwg0SrYsYFCy4g+FdCAysCBhgNQDKsWEJhbLeTRo0R824YKf4R/yQfqAdJxzF3RaUyxrBujfaceh61sU6dKuKa1WGABRpKwMdoKqJPT2Eg96FuAiCpDyRjMSrTiXOrFSq1qdRT3sUmQZkGUcET7Gf6ahlIAyWlRVrE8twUTh1A7rbNQUj19szV6cyoZDhlJIXuHGDA6NWLrKl2xwUEM7Wnb/0M+So+TucTQaoJc9YrlqfjMMGpsIbHVg3SCYbq0xWo3ifJL8PXNMx5po7LhFMkVqBETfA7dXsf2TMEeVMd86VpVXHken+I4cAdpTXniagsxUWoxlR7AgYP1Bkf5GtWlNsFeerRdI3yodujoEqs5Uqj5mOTjv415dy+hU+pQf8W6t6nPYyP+f8Gj0cGUnxWRCVNfjkBTABWQSMXAnEgDwJ1pNELz9V2h3UteYbrS02oQQokZH1gTPiCCJ1a3YKt12Stu8+IT3O0hy4yYkjEdwB47+dU7MRCN28GTBVFV54LWhwptnIBDNMCHJwVEYESD51wpxoru4oOgFVL0ULFshZHb3x4ie5xGi5hJENmdle7bboo7nPY2fSc3CCR9YzofMSmgWtGvsjLZcKpVvTphWuyyvTxkLF3dSYuyD75HkAuc3KPax+AM9ypa1M1Xr0n/1QpLVFkCpFoUupJCtBVrpUyIYEnRzgA7JRplxadfuo3JnFftaRbHo0yD/EJB/r/TVaggGNyj0XS8dwR7y1u1agjMYWq9ZqmflVi/cd5ELEeY0FwIdHgisINMHrKCOKbAAFmw8DpzIPuSBC/wALdX0Gn2OnCynt3TB+D++FE+o5sVwKceIZ7Lnk+WtjAAUkk4wjxTbhA2WnwLwx0u0OFe/FPhwp1adVYUuOoLjqRu+Iwy1HU/1zqOFdc0tKvx7LHhzd1A5Z5ubZO9Jx9kxMS0gE9wO8A94mfrolSjdDhqg0uItBpu0TKXaEJScwRWpBwQZzcQwP1BiR9dNU3gyBssqsy2Foajo6WV1wz4LmknS90D9b3/z8NeQNedl9HawNMII5l+FbVCVLgx7D7+2jsrQNFD+GLt0tuK/+Ht2m14z2j+udON4uNQsqr/jbtCqni3wcr0KcufUQDsTA7+TMiO4+uPOmafENeYGEhW4J1JuTIVDs+UF/dLffGPr/AMabuWbZle9zwtU/YTI7ktJ6pgC4gfL3gHQ9SjRaNh7rVtOWGq2sSqI72iTBibSzJiAJxJBxri4DChrCYJiCU0uUfg6jofWe8TcFUWSnhupZAnEofx0hU4gg8oWvR4MOEPM+yDuLbZdrUqUxHpwUYHJABz6bGcwywVzMR2a1xpvaCs1zezcW7fNEPf8A52/c1q6U4Qz0jOLQCWzJJIuMCJ/E6uW8oaSgh8vLwMIVpbv03JHyuMf59dE1CoDB8UXck8YCh1Hzl5GJNtoyB+6VkiQMz76DVE5TVBwALd0bbXbrWT1axJRTaEP6z+wUYj3Ikk+YGhBxHKEbs2uF71B3EBXZiqI4ZFHl+ozHaFBUC7MxjsYKNUB2klTuXeIF/tK7O9KhTZwQZuteFW8yAWZlAGY+Y9o1zgBho1PwqrZcLnkmB/SI+deDgLTZxfWKmo6qxVKUMws6VLVHW1rnJgGNEpkuBjT3KFVFpF2vpHcmHyxuVrbKgy4NJmQiZwyr8pjtKDGIIOqNJa8jqqVgDTDgvcacWeq/gnxUqDBkHxP+34a8qaQK+iCt1CGNz8SHNRhkyfrogpYVf9gypu1+IeYb/BqOzVhX6qTxDmI1FKgTIiDnEeR5GrBsZUOfcISn5m4dVoZpixGJkAGY74M4AHg9vy1oU33fUsKtRs+nCCb6jMLsO4k47IewUeAB206IhZRJnvRbsOFM1OmFILJVcBiP/SKBmkRkXX/iwyInVCRJlFAJAA+BXnBKFaubEZkNNbalVqjAROFtPaIOQQLVkgkCQVLW5PpCboh78NxG8q1545IHpL6UsaaGWOS5JksT5LGTifYeNL0q/Mbk5xXC8os/tJw7VqQDLhlP9pEeRJI+sSMEHWlIdhYcFuVVcb24MHsHQMB7PiR29iCD9dSDsucAvHB+KBTMZAIY+4OM4PvqCJUsfGYRhsuOFyBOMLaIwPenmAY7EwYyAY0K21MX3mFu4hzCRay4aobUI/UorgLS9i+RPf008XE6lrdvkqtR8ZGp08ER8C4h6iVEqWob1hpVSz3XAkG0VACpkN1SBDdUCr2wQQrU3XNIcmHvuIFnYGPTkqqwMAqrMZgE3+oWJPllHjM0fpndV4n6yNlt+He/NIVaMyHK1E/AQQfrIEHyQ3vOiOEmeiADLS1EXr6bhZyK9hwSi9LKiY7gef8AP668WHEFfSz0hAnBaNL136QRMDH9/wDfTDiYwqMa2ThHLfDDb7iDaEM91xn6xoPaluFLmN6K24J8HqaH3+/OoNYlCJa3RUPxP5UpUllgJsqNFveKNSMxGME+0eNO8MS5Z3FPEJLc9ct013np0+lvTo/NkKPSSc5wucZzj2GtWk49ncVi1gO0gdyI6PJsUJc+igF6DpDtjs10hQROO+TjOl3VRdAynm0DZLjA26of/SgquAUpl2uCyIZ/LPDEMR3Pt3PiJIkyVUGBAwpfDeKotJYkiJlvJJJJmIgk4jERGI0q9pLk/TqNDAEAc/bdfWA6c0wzZjqlhMxkgBcd/wA9PUDyrL4oC+EDcckLTBiUpkDEeKeT7kT/AJ5YbuknzAnp+l7+HXKP6XVdWkItJmZh7npT/uYNHkIR76O0SUvMBQeI7Wrtapp1PmUwR4K/tJ9G7g+T3zqjgiNdopu1qF3SkvVAVRHebQMHwAPrE3E+4qIAkqxBJtCPNhyTWbpZTaCFXHbMSG7xIJtODiO7EVL2jIKI2g8nRMPg+9FIJTqslS1bHENIAAtKFQxVkucQf1YXAGkhJy1aJAEB5B6q92PBlNUVKBJpW5DEkg2nPuJPggZHsdMNe6IdqlH023SzRTaQkDWjKyCIWeBc4C3B8a8oWL6E2oHBCqcVCuzfvauWoN8GUY8G56KwAdCLJ1TIeCEecL+KigdWPu0LseiC5oOiW/xc57LsxuDIKNWwECAWpOsEEQfm+v8AXWpw7QBEbrI4nBz0Su4jzTe9cqA1V4BqkSyoqhAq+xJEgd4yfGnWt06LPc8GeqsNlxanbSuqNUeosZZraRjpDC4RmBkiYx3k0cDnCK1wMCST7BVfMvB83mHIdTOcSLSgbyt0Qe+cyQSw21cQrupQbirHiW3CLt2MzUqrIbMqFZoj6Wg9tAbJlNVAAGnqVRc2KFqQQCpQAMO4Y3fMf2YH+eD0/p1QKsXQllzFvTUdf1QFjHsSf7T934acYICy6ji4p2/B3lD0aBdv9SuwePamB0KfzZvxGmGFLVeUwp3xF+Hy7qnIhayA2VD/APFj+yf+0m73Bu4SENj4KUXw34J64rFSE6QL2NotkXEsBICgqxAOQp8wCm82xK0WMvmMJlbniSoPToqSwXO5dQGbCksCYFJGBBCoQSCLmN0CgbOXeiu58crB57/wq/Z8PZodizX/ACmYWfKqoHj7h4AnGpkAwFBpmJdKaXAOEvQpMTILgpaxBwSYPc5HcD6H8Jua4hUNJzZC+4TW6F/H+p0+skgpVbbYVKPcn2mfH+Aa8/IK9iGloWn9Hd+0n++ukDVWypO12NYdp1WQVe1ymNX3A7An7h/n8tSIXG5BHHatdrw4bItHcQC6L/O7T7LRosmrdJlZ4VSapXamMF2ZZgSC2JGcRPiMedEJhspRoufamDteTPsqoaL1cMtskgKPlJXIzdE/qMo9xpRzzIhaTKIDT1lb34aywV+3pPkjFy4Jysw3aItDT76DIOuCikRpkH1UmvwamxoOXKpRDQCLlIcR884iMEk4Mai5wBEaohax1rrsBAPNdQHd1LSCpoIuD8xBkAe5hiR3gE+503TB7MT1WdUcDWMdEHV+F3VUB7M0fmQDH0BnTDTISpbDsrqjYbCxVX9kZ+85P8z+WmGiAFnVHXOJWrjmw9SlVUYLU3UH6lSBnVjoqDVKDY7RaO3RVFiMQ0AKblmG+YGCAHM4MCNZ4Nzluv5WR1WzafY0hXYGq7sadKlBtvCguzAHqSkLQBCiYHgas7nNm26pTimO0OToB+T3K04LuatRkruS4RCLSMCqJEqvYheg47wB76qLRy/IRi57wKhOAPQ+CZfB9+C1QHqFgbHl2DN8vaQDiCe3vgXLcBBD5Jnf+1o3FVUJVgLlMGPP17frd/x0UExgpV8XGQguvWDKfOsML1JyFU7PioUx9dEIlUa6CmBwDfKwGAfw0EhOsdKNdntUZRjHuAP541REKWXxI4WFWtda4ZadjABSD66TNsHA9ycjWjQIMR5rC4tpAN3l6rXyhW2zZWmgqkkG4Am7yUczP8JAaAYJAnVqoeNThUoPpnRolElfYM8in9k1sFgAQIYTI7EgfXt50AOA1TD2k/ThSqPLQpfPFdSbhChGSPYqGWp75Kd4PnQy6dMe4UhsawfZaN3wlGhqQNJgIKKLfrMCAwPfIb+I41W4jXKLYDluCkdzFwqptajVH+1BqFvVgdLEFbaij5VtwCvT2iMDWm1we2BhYr2PpOuOc6rHLHDFbe0KRlh+lNcTGSiguAB2UlOxJ1ZmcqlQhs+a6HrVJJPuZ06BCxghP4icWNOiUWQ9YFAR+qkdbH7hjMZOqVHWhM0GXO8EB8xVQvpKsTTpMHwfmJUEhoElhUmNJ0gcytji3NAAGwyoh2jFUpJmo3TEzYLb2uGAoU1bifJAGCVGrkgcxSzWl0MGqKuHhVo2q0oK1OgrgHOVDMuer5mMiMLPuSu2b5I71omG0iJ3ACOtgFHWsdVQAR2hVqHt47AY9zppskR82WY+LsfNVAbaBsnJPn+n8tNtaAEjUMuJSgHHcd86wrCvVB+FC2u8BOpIIUB0ow4NxoL50ItlMtdCLdnzdAgH+f8AzqtiL2qA+bOdPWYCpcKQPYfrwx7nNsMO3457jRostGNVi8TVvdzafdZ2HNC2D01SmTWVLCUUWAA3O7AlyScIJzn66sWGeZA7QRDQNVf8G50q0fUIJf0RLGpaBbdmwnBYdrbwxMwD5qaTXQDupFd7ZzoiOl8QbgrPTelclwqIpiPBZI7ZBjr7j3GlzQjAMptvFAiSIUulx1awJBDGJJQ9mxPT9cHwcdhA0EsITTKjXaIR5p4gpVgYdSLWmO31EQYmMwY7jyCMBGiDUcCEGfDrb/8A94PcBalT7mKWz+N35nWnTzCwq4gFPSnU00s5Ljm3ferubMwjJRkSerpqHAHklAfcaRq6+S2OEENE7lVXNW7FapiSHsUH5RINT8Yi0/W366rRFrco3FOFSpjuCj8z8VVT9mQtRyyOFAPSCLVIOIPyntMxgjENaTque8N+nVS+Ho1UKFB9PbtIgkerUN4NgJJCp1AEyZjAjXaTOp9lYkuAAGB7lMqlTtpUh2ZkBgjsXAMkR7H+v4shZ7naleo00k0pth8OaVUNLVBAJ6XA/wDqdYAqmV688O0icoU5T5cX1awLOwRiAC39caPUfjRKUaYDjkpj7Xl9MYmfc6RuMrTDBClLwNPr+ergqLQqXb8PUVWWJVqwUhs4NG4/mR5nudMzie5ZxAvLdp/CGOcuELQrWJNrC4AmbT26fy/Wu/pDlNxcBKzK9MMcQF9sOIl7UbrQsjkGckEjqIIJEDsxImT3OpiNEKdAVY8Q3R9zLASZMydu7d/4kVvvGuAXFxUTd8SamrOptdWABGMMtNiD7gGo0fSBqLQYlEvLchY33FWelefmwDHnt3GgBsOhOBxLJWfg/Uu3bk+KDfzan/fTtMLMrHCelNtHKSKVHAyam7cMT/5mo2P2oEH8LR+WsyqdVvcMMNHzRUlbiRL7U46qskRjFkY9saM4QwpVpmo3xXrgW0D1gx7qtWoI/aQ9OI8GG/iE+80eYbhHotDqme8o85coAVaSDCwTj3uA/nOlmmdU4/l06Iz3z/aVB4V4H0ADgAfcAPy1pt2WA76VpOjoK//Z\" alt=\"\" width=\"139\" height=\"140\" />&nbsp; &nbsp; &nbsp; &nbsp; &nbsp; &nbsp; &nbsp; &nbsp; &nbsp; &nbsp; &nbsp; &nbsp; &nbsp; &nbsp; &nbsp; &nbsp; &nbsp; &nbsp; &nbsp; &nbsp; &nbsp; &nbsp; &nbsp; &nbsp; &nbsp; &nbsp;<img src=\"data:image/jpeg;base64,/9j/4AAQSkZJRgABAQAAAQABAAD/4QB+RXhpZgAASUkqAAgAAAACADEBAgAHAAAAJgAAAGmHBAABAAAALgAAAAAAAABHb29nbGUAAAMAAJAHAAQAAAAwMjIwAaADAAEAAAABAAAABaAEAAEAAABYAAAAAAAAAAIAAQACAAQAAABSOTgAAgAHAAQAAAAwMTAwAAAAAP/bAIQAAwICCwgKCAoKDQsICAgICggKCAgKCgsNCggLCAgLCgoICAoICwoKCggLCAgKDQoICggKCgoICgsNCgoNCggKCAEDBAQGBQYKBgYKDw4LDhAPDw8QDw8ODQ8PEA8PDQ8NDQ8PDQ0NDQ8PDw8NDQ8PDQ0NDQ8PDw0NDQ0NDQ0NDQ0N/8AAEQgAjACLAwERAAIRAQMRAf/EABwAAAICAwEBAAAAAAAAAAAAAAYHBAUBAwgCAP/EAEAQAAIBAwIFAgMECQMCBgMAAAECEQMSIQAEBQYiMUETUQcyYSNxgZEUQlJicqGx0fAzweGCogg0Q1OywhUWJP/EABsBAAIDAQEBAAAAAAAAAAAAAAMEAQIFAAYH/8QAMBEAAQMDAgMHBAIDAQAAAAAAAQACEQMSITFBBCJRE2FxgZGh8DKxwdHh8QUUQiP/2gAMAwEAAhEDEQA/AE/8ZOAjd7VdwmXpKSx/gMH+RQ49xqowYWueZq5vaWMnvq5QFdcvbaToTzATNASUzuXODNU7A/d9dIkrWDSdF0V8OvhwwCGopUGJJ8A/76RqVEXQY1TI5r43Q21JqVMpV3NQWBIDhZGXqKDFqifmkYIIydRRZJmMLPrOdpolK2yG2F16CpUQKworXFwBg20FZFQ1WtNpMQ4FiAgK+Q52CMd8JZpaNCgvccT9Vyljbeo8qKu6VnJPf5hcB2IAKlYAipJWblsCSZ7grNdJgYPUrfxHart2ZqRVpF61aZLenVJ66e4YMwtqAxLWBgQOkgBoYS8Qff2IXVG9mcHwI+xRhs+XalQU0CpUV6YcuelQ8wyqq02YNTI6rirA/qkd0i8Ak6LRp8wgwR3qvq8hVmkohNNZ+0vFpjv6ZIBIHuYB8MdP0/8AIBkCof2syt/j7zNLHiceSGivceQYI9j9fy1ssqB4lpWFUpupmHBYI0VDWLdcuWLdcoWI1y6V9GuXLFuuXShLk7nBRS21Cqeivu6u3qg+NvV26Uw//TUKH6W/nlHK9GWluUqNzys6krGUlTHupIP8wdTeFU0p0RH8L+X73a7Cz3wIA7kzgAaBWcmuFp6kroDgO+FKndtKP6S11iPUIValQDqWipILlBLEtagA7zAKZp5h5j3TRr4imJ9pVxuuK7uu4R6wQ4DKquEVwJZFtIckYX1DAYgwoWG0xToMi6JWfV4tzDaDBR1wfZGlSLh1FP02vWpbJYEoGQgXxUVbkMMZLZaSWGQLgIyly9zwXSl58Utsbn3BDLQbbVP0cF5uqLVFJ7woCyIarTZZlPJkAFFTRo1nP3XUqZguKEeG7L16a0W9Qyxcs7STVtk1FEMAR5OVfCMpgagutNwjombLmgJmfCLlmmlOuzoKjqGLJ6jAO6A220lQxdOL3Yi4/XQ6rpcADj5ug5DSYV2eD2ilTX7Klua5CSGBoUkJLUiSxLMlKWVhiIXIVbbEtku6D170s0vw3Y+3cmnxLcpatgAS0Ko9lAAA/DXn3jmK3qOgSr525QRgWtJLTJXuD4YZxGJAkH207w9dzDgrq9NjxkJN13KOabd5w0FQ2PY9j+YnE9ifVUqweAvKV6BYcLZGmkosW65cV9GuULBGuUrFuuXJfbbkokSRIOvO9pC9/wD60q64Xy6UosHzUuYXHyrZnUF8qgoECChbbcNuqegmVGKnUFuc9lk4/DOYjI03Tw28+Szaxl3ZN038eifHDOB3bYsUR0FUOKpH+nCMppsrCVVCRjAVnuJMqdBa7n12+FDrDGB/CthVdERQHClEK1arAmXW22lBLKpSmjBegWgwZYaKHCZ+eaQNIu1Uzabimppy4qHCE1FqQS8oSFy8spWFZVJRogXACjiTOFLWxuqj41VTVpq1yFbQ1SuHJWxiwuqM0ZJDIqqAGEmQ0IVaWHd/RPEi3VLXlLijVU+wdK9PCstUEGGQi2Ta6AwpJIlbjjpbTLmAO5xCq15c2GGQjHiXGq22o06is6XCDuUYzfdDLuB8yy4ZWsKlKoORfFW1INe4g+n6SlVxaAR6/tTeA87+sKN5mzcLLy5GblM1GLSTMZaIJMa6pStujoupvmJ6pwHikImZ+0iD4yUP4epj2H3awXNyVsMmJVdxDn2ik3yrg2ikRLMfZV8jHfCjuSNc3h3OOER1VrRlKLmvjzV2qJSosAzCqzsELBUkzCkxImSxOMDudblCkGwXO7lk8RXc6WhveqtRgHBkBgR5B8/gQVIOQyka2WOkZWI9sFfRoiEsRrlyxGuXLEa5dKJuUtqpABHf+w/zEfhryZX1Y6YUL4mKu3SV7+B9fEx4GuYC50IFV9tMvS8+H/D0VTUeSHk3DJBV2ItEQWJk3H6fTWi8mbRsvPUWgNLnbpk1apoIa1QswCSgpsp+3tRkZzHaC4Ygi4MASemKCHG0ec9EOo0j/wBHeiquVOfEBCtNMI7VFREkM7BoJAYKncAzUhUEKBGjVKROiUZUA2hX3K3M9oCupapUpGoKxW4moFL5pyAzIzK8J1FqZHYHUPpyZGnRCFSMFUNF6e5J2xFSk+4CqrOZ9QpLXblAyyHKo0kMikG1ZljNQObz6x8wpplruTOVQjlSntG9SS1VahKelULAvELJ9KCoD1B1kFhUqAE3DUBzn427wiFrWZ37kZcMrrYWIYR0VkqLcKkyFBfppyIHX81trEta5YDpBj0UjI+6tON87UW2p29MNVfv6gwBacR7kAd0X0zMhtDZTcKl5wiOc0sgaqTwvmta1MiQbqFK1hjNmSB4IcNPswP00tUYQ7zT1Lmbg7JUcr84gtuqjlqtarXNJQMs5UDsScAMXwTAUooHyjWpUYYa0YAWZRqAXE5JOOqOtjxMVNmzU0LMu5pnchjDGiHEJM4BJWSJjufpVrCKoDjsbfFUe+6lLRvlaOYOBPtfSWpBFYeopXIUnBUk+YCz7lQZydO0qjX5btg/PVZ9WmWi0+P8KtI06lFjUrl8RrlyxGuXI35P4eIz7Y/z+2vIuJX1BxhLv42cUCwncP294Ht+M99McO2TKz+NqQwNG6X9Df8ApqKV1zW5z2SAsKP3izGTHbWiMm5YTja3swdkZ8rUDXqbihWaKQos71QSXAUhj6QOJlQpIWSrNgzgdR9gDwFzWF7nMdtupG5qAmkqUvSVVCM8AdQphKtZl6pJAqOFYE2mzuEAs2YJJk/ICAQRFoRPzVwVaabBqcMdzSWqyORGS9wBxhQwAiXNuLpA0Oi8uLg7b+FNZkNaQhPZblKdxt9Sg73Hw9MskFXI7p56SBcgYEgsunHNJ8fv3pJrg3w902OGfD6gE21X1TRauCKJXIZZuQO0iGiVPUpPbuY1jv4l8ubbIGq1adBuDOSvXPm1Qba02vWpsKjFGgEzJNp+cET0t1HvMjK9F5vnbROVKctyk7T4srKzU79vQZmJdz9pUHmnthd001MddQOF8XNgaZwYOT8yUgAIluB7nuCHNhzWaCbuyFCKzUkBOLiFCpJkhajLkkmX76I6ne5qoyr2bXR5JfcrcVFMqxJtGC6khqbxAeYj6GREqp/Vy68Ss2mbV1Z8K2pUtsFJL09x87GWPWtuYkscKPoTPYYxaxc6pI1C3m02tpDv/K1c5lqm3tY3NtiTTPZjSVhDdsrhipIBPbMa1KIAON9fFYdQk67fZDe33N4B8+Y7H95f3W75yO3jTrOiTeMyvZGiKiwBrlC+1ylP7gPw/VluBt/D7+3nH/OvFh5K99UrkGFzX/4g+B27pKSkvUUFmCj90EKMRJkeex8Y1p8PgEnRJ8S/tLQ3VD235MDNSFMB3WkWY1WKhKTGJdoIuZgbLQTAmM3Egq4JPXEIb6AuAZkxmcQPmit9rxg0G+zsAFFHlZe4M/cM6hiq2rKRMXZIJA6y/LkI1ezMN6eKmbAsIUMzCo03MASCSs9cLN8MpDS3WDIWdWIGqFJw3ZW3BqlStuxRJtpUPVUJK3JTqlnFr9RDMpWbPlEILWubViA2neNTCAHXVbHGAJj8eqncH+GldYaqj0nDAWKAWqNezQqAk2rCm73HnRX8Qz/kz+EpTounmTC+LvA6FDb7eigZKlMxTqU4lA5l/UDGCGuPzfrQfB1j0Hvc9ztjqtioxtoA8lzZzHzYuz9WnUf9JIaxKZBNtoE+oxJMXA9EwImJY60LTUggQN0LtGUJDjd0H7Q0/OK1CTVbrKdTA4RYwABgAAkwBqezI0GFQvDsuOfshqrxg1D6gFqk+lSp+1BOtr/eTaSfLXnwIcAjlWdJcbvIeAWqqplqg/1ATckd1g+IiMW+CIAjsdW7lBafqTD+FnxDO2dD89C4n0vKduun4gEggNOZxETWpQDwdj16olPiCzvHTp4LoPc8vruqTnbvUq1qmCahwiFWvNVioMkkBRk4AAgYWbWNMxUAAHTdTUoh4mmZJQXwHg1h3AqMyKmYCkqjsFdBUibQ6vKsAZgyRBhx1TQt1/CW7IiQ74V6ZdNhJBedSpX0a5cujeGVnABXv93+fTudeIGq9y+NCuWvinzG1Dc7ipVUipeF6eoFyOyC6SEAHe3LHA8azWXw0aJTtRSbeRlCXCuYKlYtclQrXIaSAFlVRRINvyx+8AT+OmuzDQIIwk/9hziS4GD6YU5eJsprsy/bIi2Uw0U2UCor3qzIS1ryqYYsxUSYDSGjA2QXVCSXb7dN1P4RxKoFpXVLXplyzVbWDz2BLEQqAkMbTdasRaszY2TAwhio6ASfVHHK9L0elwFe0UlPZXcuC3qOTNN3C00DExYIBXoBo/mEt/r9rm8pymZw/mKnsVZWii0E9YAICwDae5UFhlofqBMgiMuo01DhatINbqufPiJ8cXq1q36PDPAoCqy9KAEs1hu6g8mLlIkg+8aFLhg1ov8AFK1eJlxFPwlIjm/egAKOqoCCzxkkTn3HfzIM6eZJM7LPqWtEDXdDnDqbVDavdyAfuEd/oJGimNUAScJtfDrk41qihp9O2Fn/ANuSR/1VCpczmxT+0NI1n2jGq0+HpXuzopPMHDTttw5QX2fZsn7QtDvJ8Wg0zPbMeSNSznZlRUFlQx4FUlfg3o1OhDSlwPTJBW4tFqMPB8rGAO/jTVN0jJlI1WQ7Aj5snNwTjj0w5R3o1KVTqKG+EyU/SKQ6yGUhfUQVEHYpK3BZ8OwQCD8x+kywFu8H5r+1f7/4j06dBksH6Q1RJ3A6krU0HRULQCYC2WnwD9baUqJL7px06dyrWqC2Iz12Pes1uHhUpss2Osi7uP3SfMfngjwZfo1Jlp1CQrU7IcNCohGmUusa5cmXtPiN6a4Mx4PfBx3/ADjXjxTX0J9MHK5l5946d3X3NwmperWCFlA0KVJ8lWJYk24yO+thgtg9y8/Uzc2MqFwnZOKMvBUsbKJfpMWXF1po0fMoulJOM+CXAugev9oIa6yXadJW7bcvMfETFITaAr2mApJ6YAxJJJgRkAXvEwgmnuiXacISlSaotemVL4oAFnWkyuwY3AqGMKCtK6Llk6kPJdFvmhlgaJu8kQ7D4pl6UVRSKEFGd1CKLoAkKUDsYI6swS4EBpE6iAZbPz8I1OpcIfCA/iTzozEC8VDaA1Z7iHpQmEcAqCbAWJMkzjq1alTEaKatXaZ6pV8e48Sw9NgwOYwSDnE4kD3M/howb1Szn55ShndV5J7s3kkz+Xv9/wCXvogQnFWnK1YL630piPuNRLv5DVTqFLdD4LoH4dcTSlTdziwXM33KC1v5JTX6J9TrNrC5wC3eFIa0k7LRs3NUVGIk7hPVYnPVVdWCqvcrYBMfsgeBopgR3fhLNkz3/lDG/wCD1/X9asGUFmK4MKMwoWcz5tye84jTTS221qRe2pdc8JjPsE/SRW9R9stakrJWpLIBFKhd6giStQ1ADE9iCpkjSoJstiY28044DtLpid1L/wD10h6RYBlYyTRuq0ntxdTMq9OpCi5GK4IiYhaCrgx74Kv2IJE/seI6eCuOXOY7ts9Bxe61i6uhGEMQbcAgsXm0gi4YwwDFsVBUHRJk3MNM9ZUcjWkFlLEalcpfFd1SqMFKm4mAVP8AXH468sJC+hug6pR/EzlwUtwtUdnUIVz7xGM5nt/zp2k+RasjiaQa69U3DePUwgQvFIXBZoktUUwbWArIxKN1LIWkGGZMDTNrpmM+KzL2xE48NUUUeMUiAsVlUgAfo60lm3uatE1HCEqyi4kM5k9lzUNd3T3z91Je0iM+UfZSm3VNg4vaiDKBalNWAUtJa2kG65xaSozosOGYnzVCGE6keX6QHzTsWpNLuFpljBdHHjuilTAMdsR90TcVJ0GUN9G0yThB/FuPwGRKgUOIYIp6vvIQ/wBQRqQJyQhOIEhpwqB6sCO5PdjP5CfH+8n2iypop/AeGrUNk9bHpEdx7dxnv3I7+8ahxOquwNON1N4hwg0SrYsYFCy4g+FdCAysCBhgNQDKsWEJhbLeTRo0R824YKf4R/yQfqAdJxzF3RaUyxrBujfaceh61sU6dKuKa1WGABRpKwMdoKqJPT2Eg96FuAiCpDyRjMSrTiXOrFSq1qdRT3sUmQZkGUcET7Gf6ahlIAyWlRVrE8twUTh1A7rbNQUj19szV6cyoZDhlJIXuHGDA6NWLrKl2xwUEM7Wnb/0M+So+TucTQaoJc9YrlqfjMMGpsIbHVg3SCYbq0xWo3ifJL8PXNMx5po7LhFMkVqBETfA7dXsf2TMEeVMd86VpVXHken+I4cAdpTXniagsxUWoxlR7AgYP1Bkf5GtWlNsFeerRdI3yodujoEqs5Uqj5mOTjv415dy+hU+pQf8W6t6nPYyP+f8Gj0cGUnxWRCVNfjkBTABWQSMXAnEgDwJ1pNELz9V2h3UteYbrS02oQQokZH1gTPiCCJ1a3YKt12Stu8+IT3O0hy4yYkjEdwB47+dU7MRCN28GTBVFV54LWhwptnIBDNMCHJwVEYESD51wpxoru4oOgFVL0ULFshZHb3x4ie5xGi5hJENmdle7bboo7nPY2fSc3CCR9YzofMSmgWtGvsjLZcKpVvTphWuyyvTxkLF3dSYuyD75HkAuc3KPax+AM9ypa1M1Xr0n/1QpLVFkCpFoUupJCtBVrpUyIYEnRzgA7JRplxadfuo3JnFftaRbHo0yD/EJB/r/TVaggGNyj0XS8dwR7y1u1agjMYWq9ZqmflVi/cd5ELEeY0FwIdHgisINMHrKCOKbAAFmw8DpzIPuSBC/wALdX0Gn2OnCynt3TB+D++FE+o5sVwKceIZ7Lnk+WtjAAUkk4wjxTbhA2WnwLwx0u0OFe/FPhwp1adVYUuOoLjqRu+Iwy1HU/1zqOFdc0tKvx7LHhzd1A5Z5ubZO9Jx9kxMS0gE9wO8A94mfrolSjdDhqg0uItBpu0TKXaEJScwRWpBwQZzcQwP1BiR9dNU3gyBssqsy2Foajo6WV1wz4LmknS90D9b3/z8NeQNedl9HawNMII5l+FbVCVLgx7D7+2jsrQNFD+GLt0tuK/+Ht2m14z2j+udON4uNQsqr/jbtCqni3wcr0KcufUQDsTA7+TMiO4+uPOmafENeYGEhW4J1JuTIVDs+UF/dLffGPr/AMabuWbZle9zwtU/YTI7ktJ6pgC4gfL3gHQ9SjRaNh7rVtOWGq2sSqI72iTBibSzJiAJxJBxri4DChrCYJiCU0uUfg6jofWe8TcFUWSnhupZAnEofx0hU4gg8oWvR4MOEPM+yDuLbZdrUqUxHpwUYHJABz6bGcwywVzMR2a1xpvaCs1zezcW7fNEPf8A52/c1q6U4Qz0jOLQCWzJJIuMCJ/E6uW8oaSgh8vLwMIVpbv03JHyuMf59dE1CoDB8UXck8YCh1Hzl5GJNtoyB+6VkiQMz76DVE5TVBwALd0bbXbrWT1axJRTaEP6z+wUYj3Ikk+YGhBxHKEbs2uF71B3EBXZiqI4ZFHl+ozHaFBUC7MxjsYKNUB2klTuXeIF/tK7O9KhTZwQZuteFW8yAWZlAGY+Y9o1zgBho1PwqrZcLnkmB/SI+deDgLTZxfWKmo6qxVKUMws6VLVHW1rnJgGNEpkuBjT3KFVFpF2vpHcmHyxuVrbKgy4NJmQiZwyr8pjtKDGIIOqNJa8jqqVgDTDgvcacWeq/gnxUqDBkHxP+34a8qaQK+iCt1CGNz8SHNRhkyfrogpYVf9gypu1+IeYb/BqOzVhX6qTxDmI1FKgTIiDnEeR5GrBsZUOfcISn5m4dVoZpixGJkAGY74M4AHg9vy1oU33fUsKtRs+nCCb6jMLsO4k47IewUeAB206IhZRJnvRbsOFM1OmFILJVcBiP/SKBmkRkXX/iwyInVCRJlFAJAA+BXnBKFaubEZkNNbalVqjAROFtPaIOQQLVkgkCQVLW5PpCboh78NxG8q1545IHpL6UsaaGWOS5JksT5LGTifYeNL0q/Mbk5xXC8os/tJw7VqQDLhlP9pEeRJI+sSMEHWlIdhYcFuVVcb24MHsHQMB7PiR29iCD9dSDsucAvHB+KBTMZAIY+4OM4PvqCJUsfGYRhsuOFyBOMLaIwPenmAY7EwYyAY0K21MX3mFu4hzCRay4aobUI/UorgLS9i+RPf008XE6lrdvkqtR8ZGp08ER8C4h6iVEqWob1hpVSz3XAkG0VACpkN1SBDdUCr2wQQrU3XNIcmHvuIFnYGPTkqqwMAqrMZgE3+oWJPllHjM0fpndV4n6yNlt+He/NIVaMyHK1E/AQQfrIEHyQ3vOiOEmeiADLS1EXr6bhZyK9hwSi9LKiY7gef8AP668WHEFfSz0hAnBaNL136QRMDH9/wDfTDiYwqMa2ThHLfDDb7iDaEM91xn6xoPaluFLmN6K24J8HqaH3+/OoNYlCJa3RUPxP5UpUllgJsqNFveKNSMxGME+0eNO8MS5Z3FPEJLc9ct013np0+lvTo/NkKPSSc5wucZzj2GtWk49ncVi1gO0gdyI6PJsUJc+igF6DpDtjs10hQROO+TjOl3VRdAynm0DZLjA26of/SgquAUpl2uCyIZ/LPDEMR3Pt3PiJIkyVUGBAwpfDeKotJYkiJlvJJJJmIgk4jERGI0q9pLk/TqNDAEAc/bdfWA6c0wzZjqlhMxkgBcd/wA9PUDyrL4oC+EDcckLTBiUpkDEeKeT7kT/AJ5YbuknzAnp+l7+HXKP6XVdWkItJmZh7npT/uYNHkIR76O0SUvMBQeI7Wrtapp1PmUwR4K/tJ9G7g+T3zqjgiNdopu1qF3SkvVAVRHebQMHwAPrE3E+4qIAkqxBJtCPNhyTWbpZTaCFXHbMSG7xIJtODiO7EVL2jIKI2g8nRMPg+9FIJTqslS1bHENIAAtKFQxVkucQf1YXAGkhJy1aJAEB5B6q92PBlNUVKBJpW5DEkg2nPuJPggZHsdMNe6IdqlH023SzRTaQkDWjKyCIWeBc4C3B8a8oWL6E2oHBCqcVCuzfvauWoN8GUY8G56KwAdCLJ1TIeCEecL+KigdWPu0LseiC5oOiW/xc57LsxuDIKNWwECAWpOsEEQfm+v8AXWpw7QBEbrI4nBz0Su4jzTe9cqA1V4BqkSyoqhAq+xJEgd4yfGnWt06LPc8GeqsNlxanbSuqNUeosZZraRjpDC4RmBkiYx3k0cDnCK1wMCST7BVfMvB83mHIdTOcSLSgbyt0Qe+cyQSw21cQrupQbirHiW3CLt2MzUqrIbMqFZoj6Wg9tAbJlNVAAGnqVRc2KFqQQCpQAMO4Y3fMf2YH+eD0/p1QKsXQllzFvTUdf1QFjHsSf7T934acYICy6ji4p2/B3lD0aBdv9SuwePamB0KfzZvxGmGFLVeUwp3xF+Hy7qnIhayA2VD/APFj+yf+0m73Bu4SENj4KUXw34J64rFSE6QL2NotkXEsBICgqxAOQp8wCm82xK0WMvmMJlbniSoPToqSwXO5dQGbCksCYFJGBBCoQSCLmN0CgbOXeiu58crB57/wq/Z8PZodizX/ACmYWfKqoHj7h4AnGpkAwFBpmJdKaXAOEvQpMTILgpaxBwSYPc5HcD6H8Jua4hUNJzZC+4TW6F/H+p0+skgpVbbYVKPcn2mfH+Aa8/IK9iGloWn9Hd+0n++ukDVWypO12NYdp1WQVe1ymNX3A7An7h/n8tSIXG5BHHatdrw4bItHcQC6L/O7T7LRosmrdJlZ4VSapXamMF2ZZgSC2JGcRPiMedEJhspRoufamDteTPsqoaL1cMtskgKPlJXIzdE/qMo9xpRzzIhaTKIDT1lb34aywV+3pPkjFy4Jysw3aItDT76DIOuCikRpkH1UmvwamxoOXKpRDQCLlIcR884iMEk4Mai5wBEaohax1rrsBAPNdQHd1LSCpoIuD8xBkAe5hiR3gE+503TB7MT1WdUcDWMdEHV+F3VUB7M0fmQDH0BnTDTISpbDsrqjYbCxVX9kZ+85P8z+WmGiAFnVHXOJWrjmw9SlVUYLU3UH6lSBnVjoqDVKDY7RaO3RVFiMQ0AKblmG+YGCAHM4MCNZ4Nzluv5WR1WzafY0hXYGq7sadKlBtvCguzAHqSkLQBCiYHgas7nNm26pTimO0OToB+T3K04LuatRkruS4RCLSMCqJEqvYheg47wB76qLRy/IRi57wKhOAPQ+CZfB9+C1QHqFgbHl2DN8vaQDiCe3vgXLcBBD5Jnf+1o3FVUJVgLlMGPP17frd/x0UExgpV8XGQguvWDKfOsML1JyFU7PioUx9dEIlUa6CmBwDfKwGAfw0EhOsdKNdntUZRjHuAP541REKWXxI4WFWtda4ZadjABSD66TNsHA9ycjWjQIMR5rC4tpAN3l6rXyhW2zZWmgqkkG4Am7yUczP8JAaAYJAnVqoeNThUoPpnRolElfYM8in9k1sFgAQIYTI7EgfXt50AOA1TD2k/ThSqPLQpfPFdSbhChGSPYqGWp75Kd4PnQy6dMe4UhsawfZaN3wlGhqQNJgIKKLfrMCAwPfIb+I41W4jXKLYDluCkdzFwqptajVH+1BqFvVgdLEFbaij5VtwCvT2iMDWm1we2BhYr2PpOuOc6rHLHDFbe0KRlh+lNcTGSiguAB2UlOxJ1ZmcqlQhs+a6HrVJJPuZ06BCxghP4icWNOiUWQ9YFAR+qkdbH7hjMZOqVHWhM0GXO8EB8xVQvpKsTTpMHwfmJUEhoElhUmNJ0gcytji3NAAGwyoh2jFUpJmo3TEzYLb2uGAoU1bifJAGCVGrkgcxSzWl0MGqKuHhVo2q0oK1OgrgHOVDMuer5mMiMLPuSu2b5I71omG0iJ3ACOtgFHWsdVQAR2hVqHt47AY9zppskR82WY+LsfNVAbaBsnJPn+n8tNtaAEjUMuJSgHHcd86wrCvVB+FC2u8BOpIIUB0ow4NxoL50ItlMtdCLdnzdAgH+f8AzqtiL2qA+bOdPWYCpcKQPYfrwx7nNsMO3457jRostGNVi8TVvdzafdZ2HNC2D01SmTWVLCUUWAA3O7AlyScIJzn66sWGeZA7QRDQNVf8G50q0fUIJf0RLGpaBbdmwnBYdrbwxMwD5qaTXQDupFd7ZzoiOl8QbgrPTelclwqIpiPBZI7ZBjr7j3GlzQjAMptvFAiSIUulx1awJBDGJJQ9mxPT9cHwcdhA0EsITTKjXaIR5p4gpVgYdSLWmO31EQYmMwY7jyCMBGiDUcCEGfDrb/8A94PcBalT7mKWz+N35nWnTzCwq4gFPSnU00s5Ljm3ferubMwjJRkSerpqHAHklAfcaRq6+S2OEENE7lVXNW7FapiSHsUH5RINT8Yi0/W366rRFrco3FOFSpjuCj8z8VVT9mQtRyyOFAPSCLVIOIPyntMxgjENaTque8N+nVS+Ho1UKFB9PbtIgkerUN4NgJJCp1AEyZjAjXaTOp9lYkuAAGB7lMqlTtpUh2ZkBgjsXAMkR7H+v4shZ7naleo00k0pth8OaVUNLVBAJ6XA/wDqdYAqmV688O0icoU5T5cX1awLOwRiAC39caPUfjRKUaYDjkpj7Xl9MYmfc6RuMrTDBClLwNPr+ergqLQqXb8PUVWWJVqwUhs4NG4/mR5nudMzie5ZxAvLdp/CGOcuELQrWJNrC4AmbT26fy/Wu/pDlNxcBKzK9MMcQF9sOIl7UbrQsjkGckEjqIIJEDsxImT3OpiNEKdAVY8Q3R9zLASZMydu7d/4kVvvGuAXFxUTd8SamrOptdWABGMMtNiD7gGo0fSBqLQYlEvLchY33FWelefmwDHnt3GgBsOhOBxLJWfg/Uu3bk+KDfzan/fTtMLMrHCelNtHKSKVHAyam7cMT/5mo2P2oEH8LR+WsyqdVvcMMNHzRUlbiRL7U46qskRjFkY9saM4QwpVpmo3xXrgW0D1gx7qtWoI/aQ9OI8GG/iE+80eYbhHotDqme8o85coAVaSDCwTj3uA/nOlmmdU4/l06Iz3z/aVB4V4H0ADgAfcAPy1pt2WA76VpOjoK//Z\" alt=\"\" width=\"420\" height=\"423\" /></p>\r\n<p>&nbsp;</p>\r\n<p>&nbsp; &nbsp; &nbsp; &nbsp; &nbsp; &nbsp; &nbsp; &nbsp; &nbsp; &nbsp; &nbsp; &nbsp; &nbsp; &nbsp; &nbsp; &nbsp;&nbsp;<img src=\"data:image/png;base64,iVBORw0KGgoAAAANSUhEUgAABfsAAAYXCAYAAADfc6AnAAAACXBIWXMAAC4jAAAuIwF4pT92AAAAGXRFWHRTb2Z0d2FyZQBBZG9iZSBJbWFnZVJlYWR5ccllPAAA9KRJREFUeNrs3QmYZVVh4PGexCC4YCEqilsHDSRmsTUJUWOkFBFUhHbBMTPfOOVKMm4NosnEGEshJhI1bZxMIop2BhMRNGk3aDCJJTTN4tZNLyBr9ULvy6ve6QbunFN0Q9PVVe9Vvbu+8zvf90s++Viqz3t17n3/e9+507Ismwa0NRC0ghnmAgAAAACoG5PQW2KI7j+EGKoHmZI5wXD28Bg2JwAAAADUwMxxWuB0nVTsp/4Rf/8v8txgKFiYdTi2nfPhbOMznkuHNj3vhdnuy755yLnc+o4/NkcAAAAAVGb7x87PJjGG9pmzry3OclFA7KecqL//Lvyhg+4o73rs+MznLIadLJaDF2QPbN067jzev3KVeQIAAACYws2Ve5fe4kbKLo13g2oXY+G+m4v3f1vARQCxn0mavi/sz94X9ksZcTGwKI5v84tO6mge4wUB8wUAAAAwtUi960tzzMlkL5b82guye+ddXVZGbO1rlvsvAPTpuWI/Y+P+nLzv2J/s2LPghmzTr87INj79ORzCri99pe0cxjv/4wJrvgAAAADa2/qOPxrTV/YuXZa1XnW6+elAbHl7lyzLKh4L9924LP6L/Unq3/cLsDCr2YiLg+A/zuIZIv5E2/jsHzvjtkjmCwAAAGDKrSX+9dFnTZqnuof+8Z4FMMu2P2J/L5u57+79VlbzIfiPb/vHLnB3PwAAAEAO9lx/Y2dbT5urJoX+g8fwvpueZ+jDYn8v3MHfiMAv+HcuPojXgQgAAACg2BsqR7edDhcEzFdjQ/+hwv+gO/7F/qbtwT+r6v33Bf/ixK+QdTLiQ33NFwAAAMAjxWbSyVbJ8e/RV3om9B9qq58BLVnsr/td/D01BH9fMwMAAAAou6vEER/ea756MvQfOFr7tvlxt7/YXwsDdXzQbp7j3iuvtqAeZORN/83d/QAAAACTFAN+Rz1q3vfNV++H/oPH3H03VGvOYn+p+nplq55Ox+6vf8PC6u5+AAAAgKkH6197Qcfb98S/15w9LN6Mm9AYEv3F/rIi/2ATH7ibx9jxmc9lG8LiwoNak7i733wBAAAAqYs3RXYyRsLd/+brYbvCTbiJjnij9UxNWuwvwqxUI/8j9kqb9SGL7AE6ubvfRRIAAADATZOd3TQZt+8xXw+LLc5wp7/Yn++e/MN+p/Z9jWpkJNtyyukW20kcqOJXzzaGr56ZLwAAACBVe5cu01Am253e+Idi5NjoP0OvFvunYsa+N5BxiOC/MTwUxKLr7n4AAACAdrZ/7ALb90zSpt972WiDMw455uzbbl3DFvs72pd/tt+ZiceeBTdYeCd5d7+5AgAAAFKzscOH8sabKc3XvjkLN9nuXbJMgJx4tPZtuy7mi/3jmmlf/s7Hzi9+2QI8ibv7t53zYXMFAAAAJGXnl77SUWfa/KKTzNc+CT+Qdypjoa19xP6DTbdlz9TGyNvPtggH8Wtm7cb9K1eZKwAAACAZMeB3Mmx//DAP5J3yGBT1xf5p+77u4W5++/d3LcZ8e88BAAAAPOjeed/v6OZID+V90JZTTrdPv7v8xf4u9uaf63fA/v15idv02H8OAAAAoLNnHLox8pHs0+8uf7F/avrdzZ/v2P4X51uUg04eOGMPOgAAAKDXdfJ8QzdFPiw+G9PI/S7/6UJ/78f+Qe/1YsaWV56ebTj2OUmLe8yN/w2IG7Ntsz6c/BwBAAAAva31xs7u6o/b1pivOF9/KCwWM+LN3jPF/t6M/XHbHg/hLXDErxqlvjhv/NUXjJmX3Zd908ELAAAASMbepe23o4m9xFyFlnTCjOy+FSuFxWLHbLG/t/5AM2zbU9J2Pp+ena0/9rik7QoHq/vCw2VGnyQfHl6c+nwAAAAAadk660OjbWSisen3Xmaugp0X2b6npDG072Zwsb/hBryXyxvxieGbTvyDpBdpgR8AAADgweh/qOcbxhskzc9x2Rbb95Q9hvfdFC72N9Rs7+Hyx54FN1iwAQAAABi9KTLG/f3RP/5/N0o+aO+SpUJi2eP++7emuI9/L+zPP8e7t7qx9QPnWbQBAAAAeET03/ax881HELfCNiodA2J/c0L/wq4fNhv2Fdt93fWjtn7h4mzkws92ZOeVVz30z6W+nc+GE55v8QYAAACAA8QtsGM7S3ns76fbL7284+4a/979/9z9I1vz+DHmiP09FPr3rngw6LfCm2Xje8/N1p355mzlc349W/6kZ+Ym/vvivzf+++NFg5QuAsQHjFjAAQAAAOBhu6+8Oo0dc0KQP7i95tldo3te8OLRf+/mjww+1F4neSFgjthfTzP2PWRh3DfXziuuGn1zrTvzrBDhnxfeEM+ozJr+U0ffhPFn6uWx+ZWvtYgDAAAAwLG9/VDe2F+3f+2yEPbPCRH+RZW21/jfX//Wd4y24HY3Xz+wZ+/8fTeRi/21Cf0PPDBy8JtrRwjpMaivPunUbPjoZ9Ta+v/xjmxb+GXI6SsoHtYLAAAAADXTaw/l3btiZbb1H7/UiP669oyzstanPpvtOkT8f2DHjp/3cvBvZOi/N/yyjIQ315oz3pTdffTTG2tdCP87rpjXM7/08YqlxRwAAACAlG39wHk9cwd/vGn5npNe1dj+uvy4XxttsPHPES9Y9Hrwb8oPOj28uX68+ROf3LwyfDWjyYF/vDfdlk995qE3XFPHfeHnt6ADAAAAkKoNJzy/8Q/ljTdabwhb9PRag43ihYutX/rK7vs2bvqB2F+Ru5749BlBK8h63fr3nNPo6B+vXFrYAQAAAEjR9k/PbmzX2zX/+mz1696UpdBg97XmmWJ/ye584rEzglaQpWT9e2Y1MvrHu/vjFUyLOwAAAADu6m9C5F8QIv8bs9T66z4DYn9Zof+oEPqPCqH/qDDxiYrRv2kP841XMNeFBQ4AAAAAUrHjoi83a7uexUsfjPwJt9d9BsT+gt1x1NNmBK0gS91d00/IWv/wxcYsFPEK5vpwJdMi/0jrf3VGNjLrQ6MPMjYfAAAAAL1j44l/0KAH745kG/7sLzLd9RFmiv1Cf6lWvuyVo1fc3N3fLDHw7573/YfmZu/SZeYFAAAAoIfs+vo3mtHsvjdv9MZirXWM2KJniP05u73vaTOCVpBxaJv++tPu7q+51tvPznZd9s3sga2H3oJp4++9zIEQAAAAqPfd6qFf7PjiV3SMHrirP97Nv/q/v01bnVhs0jPE/pzc1vfUvqAVZExs+R+cXPsH+I7e3f+045IT7+RvN7b9xflJzg0AAADQHNs//bmHWsaeBTeMNg/zMtauS79R87v5r8zuePbxmmpnYpueIfbnE/oXekN1Lv6SjvzL1+t/d39iC/z6E2a0nZvRrXwcDAEAAIAau2/lqkP0nq0P3u1/4svMUbDxd+t9V//6//1RHXXyhmOrFvu78PMnPHVhkDF56//0o7VdUEY+cF5Y+H45OZ3s0xa/4pXi3AAAAAD113rb2R3u6pD2PMU5qOu2PcMvPVk7nbrYqvvE/imF/mPmBBlTF3954y9x3cZ9YashB8SJtvJx8gAAAAA080bGLW/8w6TnaP0JvzW6s0Xdxu7FS7Lbn3W8Ztq9OWL/JN165DGzgozu3f37J4/+Mru7vx7i19rab+Xj5AEAAACoW8R+fvsbPMMWP+7qr99d/a1//np22zOP10rzMyj2d+iWI5/SH2Tk57Zn/krtgv/eJUtdAbeVDwAAANAQ8UG8tvBpL+5oUa/Qf6k+WowBsb996J8etLxZign+2757Za0Wm81veIutfGzlAwAAADTAngU3uIGx3QWRsJNFnca6P/1zXbQ4sWHPEPsnsOzxT1kYZBQnXs2rzV5hV15lKx9b+QAAAAA1FyN+uxEvBqQ+T3Eni7qMe/7o/Vpo8YaDPrH/kKH/ybODjOLVKfhv/N2X2srnECPug+dkAgAAAKiDuAtB2+czhm1+Up6juINFfUL/+zTQ8swV+w+y9HFPnhlklGfLV+sR/HdcdHG2NiyIKdnSwVY+8QCZ2rwAAAAA9RR3IWi7ZUy4cTHlOdp56eX1CP1nv0/7LN8ssX+fJY97Ul/QCjLKtevm6h/a+8DISHKL/7oOnl6/e97VTiYAAACAym3oYAufnWEXg6TnKOxcUYex/pMXap7VmSH2Pxj7h7wZqnHL059Ti+AfH16S2kEgxvx2wwkFAAAAULWtHWzhE3cxSHmOtn16duV9bctXv6Z3Vms43tSedOxf/NgnzQoyqrPs2Odke5avqHQxuve665M7CMRtehwoAQAAgKZv4fPAyNbk5+i+FSsrD/06Zy3MSTb23/zYo6cHrSCjWre9+KTsvrCdTpUjft3JVj6+AgcAAADYwqdJtgy8u9KmFnftWHrscRpnfcxMM/Y/5uihIKMe7jz1DA/qrdmV8ftWrnJiAQAAANjCp8Z2X3lVZT0t3ry79GnHaZv10gr6kor9ix5z9ECQUS/3fPgjHtRbswPmxle+1skFAAAAUIl7F9xgC58Jd274rUpD/20vOknTrKe5ycT+RY95Yl/QCjLqZ3PY46uy/cXC155SOiDEkN9uxAsCTi4AAACA8kO2LYjb3sj50U9U1tFWvPs9Wma9zUwi9i884olzgox6WvzUX8523ry4kkUqfu0ptYNC3KpnwocXhyvoTjAAAACAso3M+pAtfNp1nYoezLvpkq/pmPXXCvp6Ovb/7Iij+oOMerv1915W2QN749efUjooxCvg7efk+U4yAAAAgFLtnne1ZjHRjg0nv6aSdhZv0r35qdM1zGaY09ux//CjhoKM+lt13p9VsmDFrz+tDd8uSMWWgbM72N7o7KTmBAAAAKhe3I9/4h0ark56fnZcdHH5+/S3RrJbT3yZdtks/T0Z+396+FEDQUZztL79vdIXrb1LliZ1YFh3fIf73znJAAAAAEqy+Q1/2LZXjHzgQ4lfDCl/V4x4c65m2TgLey72//Twvr5gOMhojkXHPHv0imHZY/3vvDRbExbNVLR7sn3c1z+l+QAAAACqteOiL7fvN7/7B8nOz+aBd5fey+JNuXplYw32VOz/yaP7BoOM5rnzrP9e+uI1ErbySekAsfWj5zuAAgAAALWxd8myNjszLEt6fnZeennp2/csDDflapWN1Qr6eiL2/zj8QYJWkNFMW0rezmdP2MpnTXjQSCo6eaDL1tELINMBAAAACrXu+N9q2yninf8pz9H9JW/hc0e4GVejbLw5vRH7D3vCYJDRXD97yrNK385n/e/8flIHiU4eeuOEAwAAACha6wPnte02m97wlmTnZ/PAu0ptZFt/OF+f7B39jY79PzrsCdODVpDRbLe/6b+VvJXPx5M6UMSH8E404sUAJxwAAABA1Y0ijqTnp8QtfOLNtzf/ym9qk71jqOGx/8g5QUZv2PrDa23lU+FV87jdj5MOAAAAoEj3rVxl94GabOGz4oN/qkn2npmNjP03/dKR04OM3rHoub9hK5+CrP/dl9q3HwAAANAnbOHz4HMRFi3WI3vTcCNj/42/dORgkNFbVn3ir2zl48o5AAAAYOcBW/gUOG555Wu0yN410KjYf+OjHt8XtIKM3vLjJz0j2z28wlY+FeyJZ99+AAAAQJvo/S18Nn/ruzpkbxtuVOy/4VGPHwwyetOdb/+j0q5irj3+N109d/UcAAAAsOtApTac/OrSetjPnvPrGmTvm9WY2H/9ox7XCjJ6145FN5eyuLXe/0H74tkXDwAAANAlKrX9ootLaWErP/FJ7TENsZ/31T72X/+LjxsIMnrb0leUczVz15VXuYLuCjoAAABgx4Fqm82KlYV3sPtaI9mPjn669piOwdrH/gW/+LjhIKP3jfzw2sIXubgX2uqwoKaik73xUpoPAAAAoBzbL/qyJjGOdb/z+6Xc9Hr3uX+iOaalVevYv+AXHtsfZKRhyctPK2Wh2/j6/5rMwWNLB1fRN4Sr6E5CAAAAgDztWbKsze4LVyc7NyMf/Xjh/Wv38HK9MU0DtY391/3CY+cGGelY909fLXyxi3uiJXOluIP98UbC/nhOQgAAAIC8rD3+t/SICcRtposet7/tbK0xTcO1jP3zf+Gx04OMtPzouOcVvtjtWbI0qQNIu33741Y/TkQAAACAvGx8w1va77wQ/p5U56eMu/p1xqQN1C/2/5fHDAYZ6Vk3p/i7++PeaKkcQNrt2x8vBjgRAQAAAPKy7dOz27aZVOdm88C7Cu9et73t3Rpj2oZrF/uvDT9UkJGeH/3yrxW+6G15/wcT2gfuE+0vfoTtfpyMAAAAAPlsU3P1hB3i3gU3JDs3cXvpou/q1xcJ+msT+6/9L0fMDDLS1Rq6ptCFb+ell2erj5mehPgA3nZj88C7k5kPAAAAoFgPjGxt8zzFLyc7N3sWLy38rn5tkWCoNrH/mmlHzAky0rWo/9RCF777WyMOsg6yAAAAQM7W/c5LO9hx4bw05+a3f7/Q3rU39C5dkQNMrzz2hx+izwtBVPTd/RtecVpYaJ+dhPj1uLZfn0tkLgAAAIDidLIn/eizFBOcmy3vO7fQ1rV88AJNkQPNqTz2/3DaEQNBBktmvrnQBXDkzz+ezMFk29/8bfsH4zghAQAAAApuEHH3gVTnJm4rXeRd/df1PVVT5GB9Vcf+uV4E9tsVHipS1Nh1xVXJHEw2vv6/tp2P+Pc4KQEAAADsLlCM+1asLKxzrZ1ziZbIocyqLPYPhSsNQQb73RoeHFvsvv1pHEzWHv+b7b/p8NGPOykBAAAAugvaK1dN2B/inf8pzsu6335JoTtY3DD9V7VEDmW4ytg/ywvAgeaHrx/FryEVNdaHffvvCQtuCvYsWTbhXOz4+jeSmQsAAAAgf2s6uNlwy/s/mOTcFLlf/4a539ERmcjMqmL/QpPPwVbN/j+FLYatsG9/KgeVGPMP9dW5reGK+qbw8Jy14eE4TkwAAACAqepkG+H1J786ybnZUeB+/fG5lxoiE5hbeuz/QdjCJ8jgYNeHryEVuW9/MleQw5Xz7RddPPr/Uz2wAgAAAMXZ2ubhvHGkOjdF7dcfn3epH9KB6WXH/gGTzni2DF1T2L79DsYAAAAA3Yu7BsTgH3cXONSDeuNfS3JeCtyv//ZZH9IO6cSsUmP/f4avEwQZHMqyAh/UGxdcB2QAAACA/MXdBeL2wfEiQOujH09yDjb9z3cW1rWuCc+71A7pwHBpsT/8x/pMOO0U9aDe+IAUB18AAAAAirD9CxcX0rTWzLlEM2QyZpQV+2eabNpZWdCDeuMDUhx4AAAAACjCnsVLC2laP+0/VTNkMuaUEvv/I/yHggwmcl1BD+qNC64DDwAAAABFKOrBvHohk9QqK/YPm2w6sW3hzcV87elXfsPBBwAAAIBcbZj55kJa1l2DF2iFTMVAobH/38NeQUEGnfh5eMJ4ESMuvA5AAAAAAOQpPpi4iDE/7IChFTIFc4uO/bNMMp0aCk8YL2LEhdcBCAAAAIA87briqtw7Vtz5QiekC31Fxv65JpjJWD/3O/nvcxYWXgcgAAAAAPJ034qVuXespQPv1gjpxkBhsf/74T8AkxEXtLxHXHgdgAAAAADIy9rffkkhO1T8IOx8oRHShbmFxP7wL+43uUxWXND2tkbyf0jvC1+SrXrKswEAAACgaxvf+s7c+1Xc8UIfJAd9ucf+q6cdMRhkMFn3zLkk98UyLsAORAAAAADkYeTC/B/OuyTseKENkoOBImL/kIllKhbOfHPui2VcgB2IAAAAAMjD7uuuz71f/WfY8UIbJAdzi4j9LRPLVOW9lU98SK8DEQAAAAB5uD/ndhW38NEEyVFfbrH/qmlHzAgymKq8t/KJD+ld9ZRnJWtD+LbE5vd/MNv6N3+b7bryqqTnAgAAAKAbq5/767nf1b84bOGjCZKjgRxj/+GzggymavHAu3JfNONCnMIBZ014Gvz+qH/fylWHnAsHZgAAAICp31SZ9/iPvmM0QfI0J7fYPy/8y4IMpurfwwKX94gLcQoHnHWvOM1cAAAAALnY+D/fNdoRVv/Kb5iPfUYu/GyuzWrd3G/rgeStlWfsHzahdCsudPk+pPezyRx02o24pY+DMwAAADDZGwr3LFk2+nDabRddPLqzQNxhILV52XXFvFyb1S2zztMCKUJ/17E//Ev6TCR5yHsrnx1fuyyZg0488E404sHYSQsAAADQ7XY1Kc7LnsVLc21WP5x+ghZIEWZ3HfuvDFcMggy6NRQWujxHvOqczBXmsF+/uQAAAAC6EXcGEPsnv6PCZMbWhYt0QIoynEfsHzSR5CUueHmOVA468c79iUZ8cK+TFgAAAKCbvpDizYR5P5x3ePbnNUCKNL2r2H/FtMPnBhnk4e6w4OX6wJOXn5rEgSc+PMeFDwAAAKAbOy69XOw/+NsO7zs311Y1f8aJGiBFGug29g+bRPISF7w8x8a3vjNbGRbmXrf2EA/QOXisD1eiU5gLAAAAYGpizJ9oxIf0pjYnIxd+NrdOtbfV0v8o2txuY79JJFdx4ctrxAU5lYNPuxH33XPiAgAAAIxnz5JlE3eWsM2PCyBdbDc95xLtj6K1phz7vxcezhtkkKe1c7+d2yK684p5yRx84r78DsgAAACAGwnzs3fFytw61aKBd2l/lKF/qrF/lskjb3Hhy2vEq6+uNO+78HHlVU5cAAAAgCnH/hS3CM5z/Of0E7Q/yjA4pdj/3WmHzw4yyNN/hIUvz5HMHnLhzn0XPgAAAICp8DzAseKfN7etphcu0v0oy9BUY/+QyaMIO4eX57aYrn7hi5M4AG3584+78AEAAAAUFrZTm5NN7zs3tz511+zPa36UZqqxv2XyKEJcAPMa688MV52f/Kye18lBec0LX5LEXAAAAACTs/Gt7bdVTm1ORi78bG596sczz9L8KFP/pGP/d8I/CEX4UVgAc/uaVFiYUzgAxZDf0dftnMAAAAAAY8L2xNsD37dyVXJzsvOKebn1qXl9x2h+lGlwUrE//AP9Jo2ixAUwr7HtH7+UzEGo3Yhb/TiBAQAAACYb+0efBZjYnOyef31u+/XrfZRsaFKx/9vTDh8IMihKXAjzGHFhTuUgtGfJsjbfcvhbJzAAAADAGDsuvVzsn+RNlZ2OO8N21VofZZts7B80aRTpzpz27d+7YmVYoJ+ZhHjgnWjsvPKqZOYCAAAAyK8pbPvCxUnNx+oXvCi32H9T2K5a66MC/ZOJ/XNNGEW6Kcd9+1M5ELV7cMyDV+GdwAAAAACTi/0PPhMxnflYf2Z+XerKsF211kcFBjuO/d8K+/4EGRTl+9NPyG1RXdN/arYiLNS9bsufD7adixTmAQAAAJicveEBvO1if0rzsem95+S2X7/OR0XmTib2t0wYRds5vDyXhXVduBqbwoFo3cw3t52LVc/9dScxAAAAwCO0Gxve+s6k5qPVZveEyezXr/FRkVbHsX9u+AegaCvmXJLLwrrlIx9L4kC05uWntb/wES4IOIkBAAAAJhP7U+sJO6+Yl0uTujFsU63xUaHpbWN/+JtmmCjKsHjWebksrK2EvmrmSjwAAAAwGXEXALH/kXbPX5BLk7o6bFOt8VGhgU5if7+Jogw/mHFiLgtrXKDtsZfmHnsAAADAxDrZFnj1C1/smw6THDvC9tT6HhWb3Tb2/9u0w2cFGZRB7J/klefrrp9wLrZ+4WInMgAAAMCkYr9tjSY/Vs/9trZH1YY6if2DJoqybBi6JpcFNpWD0fZLL5/4wke4GOBEBgAAABD7x5mPM8/KpUXdHLan1vaowY3UE8f+f512+JwggzLcMniB2D8JI22eFr9nyVInMgAAAMBDNr3vXF2lgNh/Tf+rtD3qYEa72D9kkijL9TPzWWDjQu0AneZX7wAAAICp3ziY2i4BrTbz0enQ9aiJAbGf2pgXnlou9vvqHQAAACD2NyX2txYu0vWoi9kTxv5vhr8JyrSn1ep6kd3ykY8lcUBa8/LT2l/4CBcEnMwAAAAAYv9YO6+Y13WHGp5ziaZHXQyJ/dRKHg/pjVdlUzkoif0AAABAp7ZfernYf4Dd8xd03aEWhYfzanrUxYSx/xvhb4AyLcvhIb3bv3ZZtvxJz0xCu7H5I4PJzAUAAAAwsRjz291AmdJ87F2xsusO9cPwcF5Njxo55EN6Y+jvNzmUbUEOD+ndFa7KOkineZAGAAAAdIS8bqLsZOh51MxMsZ/auCKHh/Teu3iJg/RD33K43MkMAAAAIPYfZOVxz8vl4bx6HjUzeMjYf3mI/UEGZcvjIb2pHJi2fuHitnvtOZkBAAAAxP5HWnvGWbk8nFfLo2aGxov9gyaHKqzP4SG9qRyY4kFY7AcAAADy2LZm43vPFfsnMZaGZ09qedTM8CFj/2Uh9gcZlO222Z/verFdc9KpSRyY4kHYhQ8AAAAgj9i/7sw3JzMXm//sY133px+Eh/NqedSN2E+t3DTwrq4X27VnvCks3M/oeevOPKuD2P8MAAAAgA5i/1nJzEXrU5/puj/9W98xWh511C/2UxvxqqjYn1/sv+cFL3JCAwAAAIj9B9j6j1/sqj3FZ07qeNTUwJjY//WwmX+QQRW6fhp6uDrrQJ3egRoAAADQEDqxa/6CrtpTfOakhkdNDYr91MqO4eVivwM1AAAAkJM1/ae2fwZi/6lif4cjPnNSw6OmhsbE/kvDXwwyqEK8OtrNiF/FSuXgdP/I1okvfFz4WSc1AAAAkDjP/XukvStWdtWefjrrPA2PuhoW+6mVJYMXdLXgxquzqRycdl93vdgPAAAAiP057pTQbvxneOakhkddif3Uyo0D7xL7xX4AAABA7K9l7P9m3zEaHnU24xGx/2vhL0JV/iNcHe1m3Lt4STYcFu4UbPvaZRNf+AgXA1KZCwAAAODQ1nYQ+1OZi1UveFFX3WlPq6XfUXf9B8X+R2dQpW5HKgeoeOe+2A8AAACI/R3OxRlv6qo5rQvPmtTuqLnBR8T+fwl/EaoUr5KK/WI/AAAA0L3NHxmcsB/cP7JV7O9w3DXnEu2Oupst9lMr8Sqp2N/exveeYy4AAAAANwt2aP3/eHtXzWnx4PnaHXU3JPZTK7fO/nxXC2+8SutreGI/AAAAIPYfaMunPtNVc/r3/lO0O+pu+BGx/5/DX4Qq3Ryukor97a3uP3X0gLxfPHjvF+/6jxcDnNQAAACA2C/25xP7r5hxonZH7Yn91Eq8StpV7H9diP1HPwMAAAAgea1PdRD7E5mLbmO/bkdDTH8o9n81/AWo0vfCVdJuxsb3nONgDgAAAHB0+2f+pRT7d3xv3pR70/bh5bodTdEv9lMr3Yx4ldbBHAAAAGBiq086dVQqf95d8xdMuTetG7pGs6MpBsR+amVPqyX2AwAAAFCL2H/L7M9rdjTF4EOx/5LwF6Bqa8PVUrEfAAAAgDrE/kWD52t2NMUcsZ9auXPOJVNefLf9y2UOYAAAAAA8wv2tkSn3pqGZZ2l2NMXQQ7H//4W/AFWLV0unOuJV2ruPfjoAAAAAPKSbcVX/KZodTbFQ7KdWrht4p9gPAAAAQC1i/6V9x2h2NIbYT63Eq6ViPwAAAAB1iP16HY2M/f8U/gdU7ZvTjxf7AQAAAKg89m9euEivo2lmiP3UylRHfNiKAxgAAAAA+6153Run3JrWDl2j1dE0/aOxf074H1AH97ZaU16EHcQAAAAAyCP23zHnEq2Oppkp9lMr8aqp2A8AAABAlbF/4eD5Wh1NMyj2I/YDAAAAIPYfMG6adZ5WRzNj/1fC/4A6+Fm4air2AwAAAFBl7L+y/xStjqaZK/Yj9jfMyhe8KFtzxpvGdc9Jr3JABwAAAMR+sZ+0DI3G/i+H/wF18O8zzxL729jyqc9MOA+7rrveAR0AAAAQ+7uI/TodDST2Uy9XhKumYr/YDwAAACD2w6S0xH5qZe6ME6e8CN/1xKcnoW3sn399MnMBAAAAjBXbwERWhS2AU5iH1VOM/duGl+t0NNJo7L84VP8ggzoQ+8V+AAAAYOrajdWve5PYP8FYM3SNRkdTu+po7B8yGYj9Yj8AAAAg9ov9Yj+NNX3al0LsDzKog/hVKbFf7AcAAADE/ipi/5LZn9foaKp+sZ9aiVdPxX6xHwAAABD7q4j9Px08X6ND7AexX+wHAAAAxH6xHyqK/V8MsT/IoA5um3PJFGP/sUloH/sXJDMXAAAAwFjtY/8bk5iHqcb+7/afotHRVIMx9g+aCOriJ+Hqqdgv9gMAAABiv9gPk4z9F4X/E2RQB2K/2A8AAACI/VXF/u+E2K/R0VBiP/UyNPBOsV/sBwAAAMT+SmK/PofYDzmJV0/FfrEfAAAAEPvFfpiUudO+MO3RM4MM6kDsF/sBAAAAsb+q2K/P0WBDMfb3mwiaHvvvDIt4CjZ3EPtTmQsAAABgrE5ifwrzcM8UYv+24eX6HM2O/f8YYn+QQV2I/WI/AAAAIPaXHftXD12jzdFko7F/holA7Bf7AQAAALFf7NfmaHDsD+/jaSYCsV/sBwAAAMR+sV+bo7Fao7H/H8L/gLq4t9US+8V+AAAAQOwvNfbfPPvz2hyNtj/2t0wGdXFPuIoq9ov9AAAAgNhfZuz/0eD52hzNj/3/N+znE2RQB1OK/Ucdm4TNf91B7E9kLgAAAICxOor9CczDPadPLfZrczSZ2I/YL/YDAAAAYr/YL/bTI7F/rslA7Bf7AQAAALE/1dg/f9Z52hzNj/1/P+3Rg0EGdbAoPAxF7Bf7AQAAALG/zNg/t/8UbY5G2xf7Dwux/7AM6uCm8JUpsV/sBwAAAMT+cmP/K7U5Gm009v+faYfNDDKoA7Ff7AcAAADE/rJj/7+F2K/N0WT7Y3+/yUDsF/sBAAAAsV/sh2bH/hkmgybH/jvCIp6CdrF/Z4j9qcwFAAAAMFa7cU+I/SnMg9hPsrE/+nz4H1AHN4r9Yj8AAAAg9pcc+/81xH5tjiYT++mR2P+0JGz+6093EPufBgAAACSqs9jf+/Nwz+lvEPtJN/b/3bTDhoIMqib2i/0AAACA2F927P9miP3aHE0m9iP2i/0AAACA2C/2i/30UOyfbUIQ+8V+AAAAQOwX+6HBsf9z0w4bDDKo2g1iv9gPAAAAiP0VxH5tjiY7MPbPNCGI/WI/AAAAIPaL/dDg2D972mH9QQZVE/vFfgAAAEDsLzv2fyPEfm2OJjsw9veZEMR+sR8AAAAQ+8V+aHDs3xf8TQpiv9gPAAAAiP1iPzQ59v/ttMOGggyqdL3YL/YDAAAAYn/Jsf/yEPu1OZrs4Ng/16TQxNh/e1jEU7Cpg9ifylwAAAAAY7Ubq0LsT2EeVon9pB77PzvtsMEggyqJ/WI/AAAAIPaXHfsvC7Ffm6PJDo79AyaFRsb+vqcloaPYn8hcAAAAAGO1jf2nvzGJeVj1WrEfsb/fpCD2i/0AAACA2C/2Q4Nj/2emHdYXZFClBWK/2A8AAACI/RXEfm2OJntE7N8X/FsmBrFf7AcAAADEfrEfGhz7Pz3tsKEgg6qI/WI/AAAAIPaXHfu/HmK/NkeTHSr2zzYxiP1iPwAAACD2i/3Q7Ng/y8TQvNj/1CR0FvufCgAAACSqfex/QxLzsOq1rxf7EfvDX+w3MYj9Yj8AAAAg9ov90OzY32diaFrsvy0s4ilY+78+MBr0x7PlHy5KZi4AAACAsdqNlSH2pzAPK8V+xP6Hgn/L5CD2AwAAAIj9Yj80Qmu82D9kchD7AQAAAMR+sR8aYWi82D9ochD7AQAAABoWuUPMn8gdzz5e7Bf7SSz2zzQ5iP0AAAAAiP3Q7NgfH9LbD1VY++OfzBH7AQAAACgz9v/07/5+ljZHg804ZOyHig2K/QAAAACUGfvD6NflaDKTgNgPAAAAgNgv9iP2g9gPAAAAgNgPYj+I/QAAAACI/SD2k3jsf8JTAQAAAGDUyteI/Yj9IPYDAAAAIPaD2A/lx/6fh0UcAAAAAKIVYj9iP4j9AAAAAIj9IPaD2A8AAACA2A9iP2K/2A8AAACA2A9iP2I/AAAAAGK/2I/YD2J//az54w9kO+cvGNfmf7jIAR0AAAAQ+8V+xH5oauw/Jgkb/+pvJpyHGPxTmQsAAACA8ax4zUyxH7EfxH6xHwAAAGimla99/YRuf9bxYr/Yj9gPYr/YDwAAANRZuxGDv9gv9iP2g9gv9gMAAABiv9gPYj+I/WI/AAAAIPaL/SD2I/aL/WI/AAAAIPaL/SD2I/aL/QAAAIDYL/aL/Yj9ULPYf2tYxFPQLvbvCLE/lbkAAAAAxmo3VoTYn8I8iP2I/SD2i/0AAACA2C/2g9gPYr/YDwAAAIj9Yj+I/SD2i/0AAACA2C/2g9hPcrH/yGOS0Db2X7sgmbkAAAAAxmob+1/z+iTmQexH7AexX+wHAAAAxH6xH8R+EPvFfgAAAEDsF/tB7AexX+wHAAAAxH6xH8R+xH6xHwAAABD7xX6xH7EfxH6xHwAAABD7xX4Q+0HsF/sBAAAAsV/sB7EfsV/sF/sBAAAAsV/sB7GfNGL/LUc+JQkb2sb+65KZCwAAAGCsdmN5iOApzMNysR+xH8R+sR8AAAAQ+8V+EPtB7Bf7AQAAALFf7AexH7Ff7Bf7AQAAALFf7AexH7Ff7AcAAADEfrFf7EfsB7Ff7AcAAADEfrEfxH4Q+8V+AAAAQOwX+0HsR+wX+8V+AAAAQOwX+0HsR+wX+wEAAACxX+wX+xH7QewX+wEAAACxX+wHsR+Kjv2Pf0oSNnyyg9ifyFwAAAAAY3UU+xOYh+WvFvsR+0HsF/sBAAAAsV/sB7Efyo/9y8IinoJOYn8qcwEAAACM1W4Mh9ifwjwMi/2I/SD2i/0AAACA2C/2g9gPYr/YDwAAAIj9Yj+I/Yj9Yr/YDwAAAIj9Yj+I/Yj9Yj8AAAAg9ov9Yj9iP4j9Yj8AAAAg9ov9IPaD2C/2AwAAAGK/2A9iP2K/2C/2AwAAAGK/2A9iP4nE/icnYcMnL+wg9j8ZAAAASFRnsb/352H41WeK/Yj9IPaL/QAAAIDYL/aD2A9iv9gPAAAAiP1iP4j9iP1iv9gPAAAAiP1iP4j9JBX7l4ZFPAXrO4j9qcwFAAAAMFYnsT+Febhb7EfsB7Ff7AcAAADEfrEfxH4Q+8V+AAAAQOwX+0HsR+wX+8V+AAAAQOwX+0HsJ7XY/7gnJ6Gj2J/IXAAAAABjtY39r56ZxDzcfZrYj9gPYr/YDwAAAIj9Yj+I/SD2F+W2571w9KA8njtf8nInNgAAACD2i/1iP2I/iP0AAAAAYr/YD2I/iP0AAAAAlYhb/E4klV0BxH7EfhD7AQAAABD7QewHsR8AAAAAsR/EfhD7AQAAABD7QexH7AcAAABA7Bf7EfuhUbF/SVjEAQAAAGCJ2I/YD2I/AAAAAGI/iP1QWex/EgAAAACMuvu0M8R+xH4Q+wEAAAAQ+0HsB7EfAAAAALEfxH7EfrEfAAAAALEfxH7EfgAAAADEfrEfsR/EfgAAAADEfhD7QewHAAAAQOwHsR+xX+w/4ED16jOz9Z+8cFyrzn6vAzoAAAAg9ov9iP3Q0Nj/2CclYf1fXjjhPGy/9rpk5gIAAABgPHefKvYj9oPYL/YDAAAAiP0g9kP5sX9xWMRTsK6D2J/KXAAAAABjtRt3nXZmEvNwl9iP2A9iv9gPAAAAiP1iP4j9IPaL/QAAAIDYL/aD2I/YL/aL/QAAAIDYL/aD2I/YL/YDAAAAYr/YL/Yj9oPYL/YDAAAAYr/YD2I/iP1iPwAAACD2i/0g9iP2i/1iPwAAACD2i/0g9iP2i/0AAACA2C/2i/2I/SD2i/0AAACA2C/2g9gPhcf+o5Ow7i8/1UHsPxoAAABIVPvYf0YS83DXqa8T+xH7QewX+wEAAACxX+wHsR9Kj/03h0U8BZ3E/lTmAgAAABir3bgzxP4U5uFOsR+xH8R+sR8AAAAQ+8V+EPtB7Bf7AQAAALFf7AexH7Ff7Bf7AQAAALFf7Aexn9Ri/2OOTkLb2H/NdcnMBQAAADBW29h/6hlJzIPYj9gPYr/YDwAAAIj9Yj+I/SD2i/0AAACA2C/2g9gPYr/YDwAAAIj9Yj+I/Yj9Yj8AAAAg9ov9Yj9iP4j9Yj8AAAAg9ov9IPaD2C/2AwAAAGK/2A9iP2K/2C/2AwAAAGK/2A9iP2nE/kVhEU/B2g5ifypzAQAAAIzVSexPYR7uEPsR+0HsF/sBAAAAsV/sB7EfxH6xHwAAABD7xX4Q+xH7xX6xHwAAABD7xX4Q+0ku9j8xCe1j//xk5gIAAAAYq33sf10S8yD2I/aD2C/2AwAAAGK/2A9iP4j9Yj8AAAAg9ov9IPaD2C/2AwAAAGK/2A9iP2K/2A8AAACI/WK/2I/YD2K/2A8AAACI/WI/iP0g9ov9AAAAgNgv9oPYj9jfaew/4olJWHtBB7E/kbkAAAAAxuoo9icwD3e8SuxH7AexX+wHAAAAxH6xH8R+KD/2LwyLeAraxf5tIfanMhcAAADAWO1G3N4mhXkQ+xH7QewX+wEAAACxX+wHsR/EfrEfAAAAEPvFfhD7QewX+wEAAACxX+wHsR+xX+wHAAAAxH6xX+xH7AexX+wHAAAAxH6xH8R+EPvFfgAAAEDsF/tB7EfsF/vFfgAAAEDsF/tB7EfsF/sBAAAAsV/sF/sR+0HsF/sBAAAAsV/sB7EfxP6cDlThgByD/3hWvPs9TmwAAABA7Bf7xX7EfhD7AQAAAMR+sR/Efqgg9v/siKMAAAAAktdu3B5ifwrzcPurThf7EftB7AcAAABA7AexH8R+AAAAAMR+EPsR+8V+AAAAAMR+EPsR+wEAAAAQ+8V+xH4Q+wEAAAAQ+0Hsh7Ji/+FHAQAAAMCo208R+xH7QewHAAAAQOwHsR/EfgAAAADEfhD7EfvFfgAAAADEfhD7EfsBAAAAEPvFfsR+EPsBAAAAEPtB7IeyYv9PwyIOAAAAANFtYj9iP4j9AAAAAIj9IPaD2F+YJSc8P7vtVa8b1y0nvswBHQAAABD7xX7EfhD762zNBX894Txsu2a+AzoAAAAg9ov9iP0g9ov9AAAAAGI/iP0g9ov9AAAAQGXtYCJxi2CxX+xH7Icax/6+JHQW+/sAAACARLUbt73q9CTm4bZTXiv2I/aD2C/2AwAAAGK/2A9iP4j9Yj8AAAAg9ov9IPYj9ov9Yj8AAAAg9ov9IPYj9ov9AAAAgNgv9ov9iP0g9ov9AAAAgNgv9oPYDyXF/p88ui8Jq89vH/tTmQsAAABgrLax/5TTk5iHn79S7EfsB7Ff7AcAAADEfrEfxH4Q+8V+AAAAQOwX+0HsR+wX+8V+AAAAQOwX+0HsR+wX+wEAAACxX+wX+xH7QewX+wEAAACxX+wHsR/EfrEfAAAAEPvFfhD7EfvFfrEfAAAAEPvFfhD7EfvFfgAAAEDsF/vFfsR+EPvFfgAAAEDsF/tB7AexX+wHAAAAxH6xH8R+xH6xX+wHAAAAxH6xH8R+xH6xHwAAABD7xX6xH7Efahr7fxwW8RS0i/1bQ+xPZS4AAACAsdqNn4fYn8I8iP2I/SD2i/0AAACA2C/2g9gP1cT+JyRh9fl/1UHsfwIAAACQqPax/7VJzMPPX/kasR+xH8R+sR8AAAAQ+8V+EPtB7Bf7AQAAALFf7AexH7Ff7Bf7AQAAALFf7Aexn7Ri/2FPSELb2P/D+cnMBQAAADBW29gfHlybwjyI/Yj9IPaL/QAAAIDYL/aD2A9iv9gPAAAAiP1iP4j9IPaL/QAAAIDYL/aD2I/YL/YDAAAAYr/YL/Yj9oPYL/YDAAAAYr/YD2I/lBf7fxQW8RTc00HsT2UuAAAAgLHajVtD7E9hHm4V+xH7QewX+wEAAACxX+wHsR/EfrEfAAAAEPvFfhD7EfvFfrEfAAAAEPvFfhD7EfvFfgAAAEDsF/vFfsR+EPvFfgAAAEDsF/tB7AexX+wHAAAAxH6xH8R+xH6xX+wHAAAAxH6xH8R+Eon9Ryahfey/Npm5AAAAAMZqH/tfk8Q8iP2I/SD2i/0AAACA2C/2g9gPYr/YDwAAAIj9Yj+I/SD2i/0AAACA2C/2g9hParH/pl86Mgn3fKJ97E9lLgAAAICx2o1bQgRPYR5uOVnsR+wHsV/sBwAAAMR+sR/EfhD7xX4AAABA7Bf7QexH7Bf7D+mud/zxaNAfz9q/+79ObAAAAEDsF/vFfsR+EPsBAAAAxH6xH8R+EPsBAAAAxH6xH8R+xH6xHwAAAGDy4vP+JrLoub8h9ov9iP0g9gMAAAAg9oPYD2I/AAAAAGI/iP2I/WI/AAAAAGI/iP2I/QAAAACI/WI/Yj+I/QAAAACI/SD2Q66x/8awiAMAAABAtEzsR+wHsR8AAAAAsR/EfhD7AQAAABD7QexH7Bf7AQAAABD7Qewnudj/eAAAAAAYtezkV4v9iP0g9gMAAAAg9oPYD+XH/kc9HgAAAABGLXuF2I/YD2I/AAAAAGI/iP0g9hdl1Sc+OeE8bP3htQ7oAAAAgNgv9iP2g9gv9gMAAACI/SD2g9gv9gMAAACVuOXk10zox096htgv9iP2g9gv9gMAAAB11m7E4C/2i/2I/SD2i/0AAACA2C/2g9gPxcT+G8IinoJ2sX8kxP5U5gIAAAAYq91YFmJ/CvMg9iP2g9gv9gMAAABiv9gPYj+I/WI/AAAAIPaL/SD2g9gv9gMAAABiv9gPYj9iv9gPAAAAiP1iv9iP2A9iv9gPAAAAiP1iP4j9IPaL/QAAAIDYL/aD2I/YL/aL/QAAAIDYL/aD2I/YL/YDAAAAYr/YL/Yj9oPYL/YDAAAAYr/YD2I/FB37r3/U45KwsoPYn8pcAAAAAGO1G0tPfnUS87D0FaeJ/Yj9IPaL/QAAAIDYL/aD2A/lx/5ffFwSVn68g9ifyFxMxtLw1b1o+Nw/GZ3DaM3n/n50vg60Y9HNWZHjvtbImP9m/Dn2/0x3vP3s0Z/zp895XmPm9uYXvuSh+S1Cr74n42tc5Lz96OinF/Z7lCLrqDU3ZfvXqzhf++du87e+W8rreKjXMNr/czTxdbSW9qYmng95L3r/0dvvj7axP5Fz3KUvF/sR+0HsF/sbKwbOn7/hLaPzFOciRoImj/1hKoaMukaM+DMWOVL9Xe52FHHybowfIdf/01dHX9MYt1OKx/vX3P0hv5fW3CIumDUh6h94DC36YkzRr2P8s9TxdTQeHruHl4+5EBdftyYGqCaeDxm9c1wv+v2X2hD7xX6xH7EfxH6xv+I7WeK8NDVKTGbEP2P80FGnDxxiv9hvTBwN4mvdSx+m4pobo5w1tzfifvzzxbv0m36hppPXsS7h35jcxYD4/mzCOir2O66L/WK/2C/2g9gPYr/Y38XdpPGDewqxaaLXOt795sOt2C/2NycSxDsFm/jBav+aG8NbqiMGx174ULw/8Kd6/KzD76DR/flPHS/Cif2O62K/2C/2i/0g9oPYL/ZPITjFOejlOxAnO2J8q/JETewX+42p/d7GrWKsuc0MjU38cBx/5hiljIdfx6pisZHv61iHGx/EfqPq47rY7/OH2C/2g9iP2C/2N068i0twGn/Eu06r2KJA7Bf7jamPeHd1XT9oifz1XHOnsu2SCDT+iO9zsb83QmvV0V/sN6o8rlvnff4Q+8V+EPsR+8X+Rm054AS2sxHDXNknbWK/2G80MzhOFIdT3iJtsmtunK+6fisjPlvB6CzOlXnhxihuVPmNDbHfqPK47rOSzx9iv9gPYj9iv9jfmG0H3Fk6+VHm14jFfrHfyC9SVX2neLwz1ppb7zXXsbP5F26M4l/LKu7yF/uNg0eZ3wAT+33+EPvFfhD7EfvF/tqL8cSof3wS+8V+I79R9h3G1tzeC/5Fry2Cv7W0KSNu/yj2ey+mclwX+33+EPvFfhD7EfvFfqFffBL7xX5RoIajinXcmtsbwd8DeLsfce/3osOcUd6IW1mJ/d6LVY94h7/YL/aL/WI/iP2I/ZMcC8IinoJOYn/T/4yLwl11Rn4jzmeRr1fRHy5S/V3udiwJJ+95/8xGeSO+P8p6L8b3ipHPiHeGF73mjkfoz/eCW5GvlVHuuD1chCvjd7CJ50NG7xzXxX6fP6byO17E54U6WiL2I/aD2C/2V+emcDedfYbzHfEuxTivPtyK/aKAC3UH+0l4kKU1N9+xPWzZUOSaK/Q3P8wZ5Y8ygpbYb1R5XBf7ff4Q+8V+EPsR+8X+WtoUvuZq5D9Wh6+x+3Ar9osCzYvGTY9TQnHz15KUR7wYJrD2xij6xgex36j6uO547vOH2C/2g9iP2C/2186tb3iLM8uGxV+xX+w3ih1Fbj9xu336GxmKHTfLG0WdUxnVjCJvfBD7jaqP62K/zx9iv9gPYj9iv9hfO/GuK6N50ULsF/uN4kZcF22ZZs31GlY3rKUuwon9RhOO62K/zx9iv9gPYj9iv9hfK3ef+yfOKhsaLcR+sd9o3u+trV+aHxZte9fcizZGdSM+30Ls9150Pm6I/WK/2I/YD42I/Y9NwsqP/2UHH0qb9+dyV3+ZH3Lzfe2K/3Cb5u9y9x8kT8v9ZzZ65/fWHeHNfe2i+PttlH3Rxlrq9ey98yHD+bjR258/qvi8UEdLXn6q2I/YD2K/2F8mew6XO246+lixX+wXBRo0YpjP83W0V39zXztRp5rx4F7v1lKvp9hv1PfY4Ljg84fYL/aD2E/vxf5feGwS2sb+oWsb92fa9K3vOKMscdz+trNzff3ie67Qk+1Ef5e7jv3h66p5/8xGdePW17/Fmuu1GzXFr6IbXYzRPbatpV7PHjwfMnrn2FD0+y+52N8jnzeq+LxQR2I/Yj+I/WJ/zU5CyhzbF948OodRvPMrzvehxBP0eHJ0KDGmj/fPxa/txn93ldsWjX51WOwX+0WBRo3RO1FzeA1veuKxjVxzx1tvm7Dm5vXaCTrVjkUvfLG11Osp9hu5jXiMcmwQ+8V+sR/EfsR+sb/nYn+M5lWM+PXZGIHuPufDoyc5MYCV/WeP/834548/R5kj7zvaxH6x3yh+5LW2xzBexYjrzoFrbhW/c3HNjX/+sr/ZEC9o5PVniIGyLiO+pvF9GV/X/RdX4vxOdGGmEwdfvImvV/zvVP2ciTzDnNE7F1DFfqPq47rY7/OH2C/2g9iP2C/210r8sFXmiFEi76/N5uEnxz2v1AAV/3tiv9hfpygQfze7jYRF2h8eq/wwncdrWPbFxf2vax3X3DJfy7wuKJf9+h14gTweo+LFmiLuiJ7M6xYvBsR5KDv+53l+lepaGt8/B37jpsqR50U4sd9xvQ6vaZF/jvj7UufXsghiv9gv9iP2Qw1i/3VhEU/Big5if5P+PGWdYO8/Sa37fJR18eOWcMGjKa9hqr/LecT+vH/mIkecjya9fjE4lr01zI9D6Oz2545rYVlr7sIQhev+Oq4rKZ7n9ftYduCO7/H4Xr8xXKyo22sXf6a4bpQ5J9bS/MV1Ip77VPHNjbzf1008H/JefHg9aepxvYz3X9M+X9L573gTPh/nYbHYj9gPYr/YX58TkLyiUx1DRZXxKc8PYGK/2J9ioCr7Al1er2kZI94B3qQ1t4xvVd0V7mju9ue8pcRt72J4zeNnLivSlXURK6911Vo6/sWbMkfex0mx33G9yveg2I/YL/aD2I/YL/ZXLt7NUsZdiU2KTvs/8BZ9h1u8oCD2i/2iQDNey7zmKL4nrLnVHIvyeH+X9S2Epnwro4rgH+/8tZYWK65TZd3ln/dcif2O61VcCBb7EfvFfhD7EfvF/lp9oGvKB/Neu6soz/eJ2C/2C1TlbEnW7RyVcWd4Uz80Fh3S81hzy9heookXaw68aFN0JI7HZmtpb5wf5n3jg9jvuF71HIn9iP1iP4j9iP1if+Xi3SxFRwsfdMe/c1PsF/tFgWbFqW7DVNHvuSavuUVfCOn22BzvtC9jNO2O/qZeKLeW1mMrlbzPmcV+x/UqLziJ/Yj9Yj+I/Yj9Yn/Px86879jqtecZiP1ivyiQr6K3Eel2fS86nuV113NV28AUOeId590+ELpJd5j26pZMeV3Q8jrWY0vDbn8vxX7H9TpFdLEfsV/sB7EfsV/s7/ltE5q6hU9ZHzDEfrFfFGjWa9rt+l7072q8O77Jr1/RYbHOx8v4Z2/q9j1lb3dkLe2d88S8zzHEfsd1sR+xX+wHsR/E/qRjf9Efipp+8tKUD41iv9gvCpTzlf+6x/54V7U1t5i1rOiLvwJxue9zr2V9njOS57ol9juui/2I/WI/iP0g9ov9IvG4Nn3rO2K/2C/220KkMbG/6a9fneenScHT2motbcr2WnkfK8V+x3WxH7Ff7AexH8R+sV94qixY5PUgRq+j2C8KlDNH3a7vRd4dnvfe145J5T2cN88HtqdwN7jY31vbMon93otNPq6L/Yj9Yj+I/Yj9Yr+wIgbnfnLndRT7RYFmRIGmBIuqFP0A47rG6yY/WLmKbTfuOufD1lJbPor9jutiP2K/2A9iP4j9OCkV+8V+sb/Xo0CRd8+L/c3+nazrz9X0h9mXHfvzWKuspfW5CJfnfIn9jutiP/+fvXt5tu2qDjuctBLSwi2cntwxpCd3RHpWI+Cu0oB0lapAW65CblNl0lcV/AFUkcrTiWXJNsZIQkgCiZe4knjZFiBhjM3DieT4VSZVyhr31rbOvfecs1/rMccY36z6utI9e6+9Hr8111xiv9gPYj+I/WK/k1KxX+wX+wtFgZH3a2J/zti/dOysdqEv9v9Hx0qx37bY8HrFdRViv9gPYj/lYv9z006cXN5Y8KQ0/tvZP5+lL3BfmU7uRv8eK/+2s3y/Fy0dBezXlt2vLTnsc5fbl9nHHueVFWK/fWmd3+Wcn1fG36ptsc71iusqrtourvP16b1AHT4HsR+xH8R+Cpw8xwvdXOCK/b5fUUAUEPvF/qtHvFhZ7Bf7fZ9iv21R7Bf7EfvFfsR+GC/2/9N/QTJvPP3MshdFPmPf48B+8NGlY/+vzf5vXjQKTJ9Hhe814ulyF9vPnPVvi5ugo/7b2OZ3V/F7O/GCftV9lX1pre8z8/mQbbHOPnjJ7c8xnvTHkvvFfsR+EPsRifE9iv2iQLEo4LdqmxL7xX7fp9hvWxznM/rLRx8X+0HsB7EfsV9kEIltE75HsV/s7xgFzv2M/FZtU0uGJnHYvlTsF/sd12tuf2I/Yj+I/SD2M8RF0dd/5V/7nMV+sV8UWM0Lv/AvW8f++PvtE+cVxzG/O7Ff7BdbxX7HdbEfxH4Q+xH7ETsXiJ2I/WK/KLBVlPr2v/13Z/37Yha3fa5tSuwX+32fYr9tscZxXewHsR/EfsR+WsXOihFD7Lf9i/3j+uN//+Ghv9Olt7nv/fpv2CeK/diXiv1iv+P6BudqYj+I/SD2I/ZT/gTaianYL/aLAmv6s0c+MfRvYeltruL670InAmvt38CcNynFfsf1Lb9TsR/EfhD7EfspfwEX4yu/9K981mK/2C8KrOLvX3t9sc/nr2+8nGKfa91+sR/70ky/gSwzq8V+x3WxH8R+EPsR+2n/0iszTcV+sV8UqPIi1ZhdOPq/0T5X7Me+VOwX+6tsi0tve3Mc18V+EPtB7EfsZzj/7403F49P1pEW+8V+UWBpS7/8dq6X+K0xYok2+8Z+oRP70iXEOZzYL/Y7rov9IPaD2E/D2P/stBMnn6UvjHbjx5/8T289Pz1J4DPP9x1W/dxeXzj2vzwFjLn/zUuO+DyyfpcvLxxkfz7dFM22z40Zi/a5429bS+wnsC/teqzMeD5kW7zct6YQn+W4vsb2F/9t+25Sn0+J/Yj9IPZT5yLuzhPr+P/FOv4+e7FfwBAF5vDitDTOzxd+QinC+Vz/3qVfNnjZPlf0F/uxLx31WDnnOaHY77i+xXFd7AexH8R+xP4CF/5x8nyVWD5ByNg/4qVY8XnF/1+IEvvFflHg1Jl/P19hKbI5Y9TSsxWvCwX2uWI/9qWVzzHEfsf1LY7rYj+I/SD2I/YXD4QZT8ZGGfHZ7YLU7sZJhJDgaQCxX+wXBS7GgDWXw5nz3/78Ci9GP3TWv32u2C/2C6z7xOQMsV/sd1wX+0HsB7EfsV/sT+RnC78Aa6knA3ahKsQ7AS4+YREXDbtoFY8Di/1iv9ifLwpEcI7PMX7P8e+LfdUaM/524+9fe32RWfAZ97kX97chYkmHfa7YL/Z3j/1L72PFfsf1Csf1pbe/izfoK3N8EvvFfsR+EPvF/pnEbM5OY3dCGRcYd4aqjLNZxX6x38gVYu1z8+xzxX6xv3Psjxt3S+8bxH6jwnF9je2vw+h4vOlyHiD2I/aD2C/2b2DNWTUZRsz8ufjEQISpUWeriv1ivzH/WPL9KzGr0D53/z53hBsBYr/Y3zn2f/fXf2PRz2ru5VTEfmOr47rY75pD7Bf7QexH7Bf724XPSuPiiy7FfrFf7BcE7HOXG7ulC+Lz2uKGq9gv9neO/Uuv1z/3vlbsN7Y8rov9rjnEfrEfxH4Kxv53tPD6Rz92QOzP93c9/wu/aKbpiSHqx5/81DQL9YObfXfLX9z2/C3PE/Hm/Tcby/+e1/ot2+fm2OeuE/vfwcqWjf0fK/EZLb3tx3jxV97b/nzIqHNcF/tdc5zyG+9yHvDy/e8X+xH7QewX+7fw3V9/2FnmGSOWoYjtIyKe2C/2i/25RvyOvvJL7ym1DXbY58Zxa8l9rtgv9neN/UufW9x6Oa/zIaPOcV3sd80h9ov9IPZTL/b/k3e0cFDsT/z3OVGdZxbRzYv9It9Z19/y2RFvelx17n+zsUxw+tYDH9xsO1x6mYwu+9zvPvTwIt/PiY+db7qfYNt96ZrH/6XE72npEU/oOB9yXK90XHcN5ZrjlN94l/OAl39V7EfsB7Ff7N/Mi/e+19ISM15srHECJ/aL/cbx42ePPj7EBVbsc415Rtw4ic9T7EfsP90fP/jhVX6vS2z7Yr/j+pb7VLHfNYfYL/aD2E+52P/MtBPv4JDYn/1v/KOVLvS6jJght+T3tfTFRdff8rnjpenkfe5/s3Hezbe/mGaSxv7ti+/8RfvcwiM+z7m+m5cWjv1L7CfYdl8axxbHxf37Y+dDjuvVjutiv2uOU37jXc4DXhL7EftB7Bf7t/fDRz7hjHPGERcjYr/YLwpsGwXiO48o8LVp9vdo22PsI4z5RhzDxH7E/sNvOMY+MuMNObHfcX2U47rY75pD7Bf7QexH7Bf7hyc+jRmfxH6x35hnxCP/I830t8+dd8zxVJXYL/ZXjP0RRmPfF/uctZduXGpWv9hvbH1cF/tdc4j9Yj+I/Yj9Yr8g2nB8c3phmItbsV8UGG9E9BrhgstTVWPtc8V+sf/YEcfkOL6MJAJo/LtGeCH4ktu82G9seVwX+11ziP1iP4j9iP1ifxoRS7y0d54Rn+OX73mP2C/2iwKDjohic/9GT1lSwz53vn3uOTM8xX6x35hvLPWEo9hvjHBcF/tdc4j9Yj+I/Yj9Yn8qcZIcJ8vGPBcdYr/YLwqMHYiXWlP6mH2ucDDPOOedKWK/2G/MM+Kpguyx1bbouC72i/1iv9gPYj9iv9hf70A9nZA4mR0r8Ij9Yr8xXiS2zx1rnDqrU+wX+415Qv8aa6iL/caWx3XHatccYr/YD2I/Yr/Ynz76e5nkGBcbYr/Yb9QO/va5232PYr/Yb5w34hxlrZeliv3Glsd1sd81h9gv9oPYj9gv9pcQF3DxWKwlfo4fc138iv1iv7HsWHqdafvc5cepa/eL/WK/kWffKfYbW26bYr9rDrFf7AexH7Ff7C874z8+owhRf//a685arxnffehhsV/sFwWSjFEvxuxzDx+nrNcs9ov9xvEj9kVbbNtiv7Hl/lfsd80h9ov9IPYj9ov9bXzt3vfePJGJuB2f3y5MxWcVugaqubYVsV/sN9aJV2stRTHHDQD73LvHKS9HF/vFfuO4/eSWLzcX+40tj+tiv2sOsV/sB7EfsV/s54olKnah6s5YFY/c7mLVjpNasV/sn2fE55HhpmGEpPi3bvH7H/0zmmOfu9vfVtznxlI+Yj8C6/zBNPYVsY/e+nsV+x3Xt/yMlvz3x/HrzuNxRWK/2C/2I/aD2C/2c1C8uixkxQzPv77x8uYXyXOc4In9Yn/nkB2RYK1AcOq67/a54+xzjw2SYr/Yb9w+4nccLziNyRgjBH6x33F9lOP6kv9m15div9gPYj+I/WI/R/jmAx+8eeEaJ/wZZxSJ/WK/WevvuBme1vgNb7lERZUbA1vuc4/9/sR+sd94ewZ/HCd2N/JG/F7Ffsf1LY/rYj9iv9gPYj9iv9jPgBEqvt81A1QEL7Ff7BcF5lsSYOnfb8xqtb+cd5+75ojlRsR+jHln+ccNvBGeehL7Hde3PK6L/Yj9Yj+I/Yj9Yj8DX1istdzEHNuL2C/2iwK3P6mz9PjyPe+xr0wWc07d54r9Yr9x3ASGLbdpsd9xfcvjutiP2C/2g9hPudj/+Wkn3sFrB8T+Lp9FZV+YZqitFZ/O/bcufXHb9bc8R8Sb+9+85IjPo8p3u/Rv4jvTI//2k/NaK/j/3bQUyTH/rjViv+9/fcbyN9W+NMXTavv+bNui4/q6x/WlY799d83jTZfzgBtiP2I/iP1iPyNYOvKI/WK/KJDztxuzV+0j5/eNFWZvHrtPE/vFfuP08eq05rrY77je5bgu9iP2i/0g9iP2i/2YSTTLSZ7YL/aLAneLGdyjzA5nrH1uPLk1SmCq9rsT+40tb46K/Y7rp45YvlPsR+wX+0HsR+wX+52MmWkq9ov9Yv+gIjD5XdjnnvvbFPvFfiNP8Bf7Hde3/H7FfsR+sR/EfsR+sZ8kll5HWuwX+0UB3y/rhVixfx0/fOQTN49PS4j/ttgv+Iv9jutzjnh3jNiP2C/2g9iP2C/2Oxlr4GePPj70xZjYL/aLAtZat5SP2N/pezz3XMvYZsSTO2K/43rV47rYj9gv9oPYj9gv9iMKi/1ivyiQNApYfmXZGeGjfHe2I7HfmG/Ek5LHvDND7Ld/ybQ/FvsR+8V+EPsR+8V+rCEt9ov9okDS5WDE/h43WGNZB9uR2H/MiJeILrV80alGGktu82K/47rYj9gv9oPYD2K/2I+ZRGK/2C8KHD3OXTOcPPtc25HYX2VfGrPq4/cV/8a/vvFyudn9Yr/jutiP2C/2g9gPYn/b2O/llWK/2C/2iwLrXXjb54r93QKO2D++L93znpsvzl17vPrQw2K/bTH9cV3sR+wX+0HsR+wX+4VO4Uns9xsQBcR++1yxX+wX+4cSy1WtOdM//l9iv21R7HesEPvFfrEfsR/EfrFf7PfYsNgv9osCYr/Yv+q2HsuOZIueYr996SlL/KwZ/JdYykfsd1wX+xH7xX4Q+0HsF/uFp4MugMV+sV/sFwXE/p6x3z72NPGiWrE/3/nOkt/bxfGNBz4o9tsWxX6xX+wX+8V+xH4Q+8V+sV94EqLEflFA7LfPrRP7l3pZqd+ffemIv78lPyex33Fd7EfsF/tB7AexX+wXnsT+pr/tHz7yiUU/t3jxoSggCtjn5t/nLv0C06oX+mJ/Xmu8tHeJ82Wx33Fd7EfsF/tB7AexX+wXL8T+pr9tUUAUEPvtc0f47l596OFyv72ll78T+5cVN6uXHrFckOO6bVHsF/vFfrFf7EfsB7Ff7Bf7xf47/OzRx32XooAocIev3ftesT+p7zz44aG29YjxS46YRV1t/7r0cVPsX97S5xZLHCcd1x3XxX7EfrEfxH4Q+8V+4Wnzz+rci7Gl/31LvERvBD9/401RoHAUGC022ufm3actvS0tMcN5a0vfIBH78990izH3cndiv+O62I/YL/aD2A9iv9i/0IiLROFpnZg++s2IrksUiAK1f7dif971wo/9rNbYX8SM1Uq/v6W/Q7E//1JMS+y3xH7HdbEfsV/sB7EfZoz9T0878Q72nWj+n+lkLMPfscYyCVW+8/+z8MXjjekkb8lt8tyRZZseafv/vzdeXuTf7Tc7zu82YuZIv1P73GX3uUuPeGF4pd9fPK2w5PjptMSMfeny4lg28vnP2vsOx3XH9a3+fRXPxbtYez84KrEfsR/EfrF/jQPuwo/CVjopXXq5l3NP8pb+LmM8N83wq/Q7/unCaxEvtf2LAod5boUZqcd+XkvfYDo3fma6MD53vDDN1B8tesZxpsp+do1j0rn7K/vSw8RNqCVH7BfFftti1uO62I/YL/aD2I/YL/a3uhiPcFHh+/7qwi8Dm+O3kyGsjOSFFZbkOHd2mCiw7H56i8/rxgrrvlf47mJZsxH3uT9d4WWlVWb3Lx1cxf46+9K5Pyux37Yo9iP2i/0g9oPY3zb2rxE8I9pk/76XXnd4rt/O0qPSrNM1ot1SF9iiwGGz/5Z+GueUGalr3JSrcMG49D731BvRa4SmCt/hGtv5HOcX9qVjfJ9iv20x83Fd7EfsF/tB7EfsF/vbLZWQ/cR0jRsic31GS6+PHCOWscge/F996OEUIUoUGPtmzqkXZ0uP7Ev5rBGKT93nrhWxI2jFE2VZg9wax6I54oh9qdgv9juuz71fEfsR+8V+EPsR+xMH4DgoXyXTRfrSaxBnnt0f0WKNz2euOLfGsgnZg/9aoT/GKWuCiwI5nsQ55zteY2Zi1ovGtfa5py6Vs8Z60ZmD/1rf326cexyyLxX7xX7H9bnP3cR+xH6xH8R+xH5azJTJGi3WuriY60JsrSUmdt/p3C/VW/oG3VqzwnafT8ancTJHgfiO17rhdc4xb41/o1B8/YibfiPfIL/4PZ7zb1373TZrfjZzvJ/CvlTsF/sd1+f+fsV+xH6xH8R+xH5avOwqWxyOi4s1o8VcJ3hrLTFxZ3CJ73XUmf7xXcYs3jVmU18cSy6lIgrc/TLXNWf9nXvRHdvjWvvcLE9VrR2Kz9nnrvX9ZdnPxj52i9/fHPtY+1KxX+x3XJ87pov9iP1iP4j9iP20eZHexRPVUQPUVtFizoCz5Yj4ErNQtz5hjf9/XNyuGQ/nnDksCtw+2/viEmmx74h/YwTXtWf73TlOXQom/gb73Lcj/xb73HMj1FYjbuDEfjbC/5ZPbsSxMvZxaz4ttcS+SmAV+8V+x/U5jutiP4j9IPYj9jPcSfdW0SIiz5bRYnfBsWUYjv9vxheYHTobNS5M4uIpPuNw2TsuTnlHxu7iMMR2FP+ftV4KechYar3+rW/oGG+PU59UWuOl31f9HkfY58ZvN/YJW+1z54glaz8ptO8YEn/Tbn8Y3++d+8t9N5TvjG878d+6cz87yt8+xzYs9ov9HWK/cfiY48b41jcsqo1K+1LEfsR+EPtZ1SgnprtocTFcXHTdS5GvErMPL/43dv/9qiexEWeM7bfjLR8FNtYZ5zyRs+VTJ4fuc3dP6Zyzz93N1BxpnzvHUzdbPI1gvD3meieKQCX2i/3GXMd1sd++FLEfxH7EfoYS8cPYZiwxw3akWacdx9LvpjDy39Cxz91uzPHUTey3je1G3GwR+8V+sd8Y6bgu9tuXIvaD2I/Yz3Br1Rvrj1hWY4nvc4sXSBq3RtxoWfolmsb249zZ4fa5uWOOoLPtmOsmuUAl9ov9xlzHdccG+1LEfhD7EfsZzkhrvbuwcPPGRYkoMPKYY3a4ILD+mPOpm7Vfbm/Mf8NGoBL7xX5jzuO6Y7t9KWI/iP2I/bS6mDNuH0vPAI+TY6PWdyoKjDHixqh9bs7fZ9X33bhhI/aL/WK/sf1x3XHBvhSxH8R+xH68qNfJ62IiOscyQcZ6Y6knNUSBsUaEL/tc+1w3bNYfc7/8XKAS+8V+w3Fd7EfsB7EfsV/st3a/cfZYawb4Nx74oA87aYQSBcYccRE/53fpRa/rjKXej+IdKXmDnNgv9ov9xhLHdbHfvhSxH8R+xH6GY/mX5cecyxAIUWPcvJnrhZGiwNhjie/ZPnf5ETc+l3yKKm72GcuOOJZl2peK/WK/43qOMdda/WK/fSliP4j9lI39n5t24uTnRHW5EeuCrvldPitELT6+Pd28WfM7NbYZ358uOJf6Tv1Gc+9zvzLdBIqbfsYyI34fcSzLtC9dcn+xtq8vHPvn/qyWPod1XHdcdw1V49yLDY4nYj9iP4j9bOdZ670vMuIzXSJY+D57XYQY64+4eF/yO31+mlkoFueJxJd5xbJpi4z4XcTNlGz7UrFf7Hdc73lcF/vtSxH7QexH7GdYZirmCRa+z23Gn3/yU5t8l0bNYOw3mn+fG0/5GHm+Q4FK7Bf7HdfFfrEfsR/EfsR+sf8fZ2HGxc9Vtoy64pPoZEmf5cefTutHb/U9GvVCv31unX1uBH/fYY7vUKAS+8V+x3WxX+xH7AexH7Ff7L/p+3teqLj0kg9rB39LwOQP/ReDf6xhbZz+fa69Rr8o0CP0C/7zjDhebb3Pddw8/7e3xncoUIn9Yr/jutgv9iP2g9iP2C/2t4v9AvHpI7aDLWLhIf7koYcFxUEDlCjg4jL2G4JB7n2u4+ZpI56aWus7FKjEfrHfcV3s970h9oPYj9gv9reM/ZYnOG7EZxQxPcNyVLHuvLH/+9x6Nr8osF4sHulJHDfl8u9z48W9ZvkfdjM1onKVfanYL/Y7rvc8rov99qVXtYPrxDWZ2C/2I/aD2C/2bzpbMf5+AeryEfF81Nn8ov9xIwJdbOujfZ/GMjFgpBs6d+5z/T6vHmvOBD/3ZrnoP9ZvT6AS+8X+2vuWuNm69u9F7LcvPeU3vvbNbrEfxH7EfrFf7L82+osXt2aVVpiVEf9+3+lbN5feGDX8igLz3syJUJzlhep+n+PfiDs0+nePQXHMHOG3J1CJ/WK/47rYL/aL/WI/iP2I/WK/2H/FMgUx87TTbP/4W+Nv3mLW0FovmIwLplhaocN3uQv8GeKhcd73HPvvLIHfPvf2iFNpnxs3b2LpoQ772N150Wi/PYFK7Bf7HdfFfrFf7Bf7QexH7Bf7xf4DInEEjDj5rhSiIshEaIq/LXsoPOUpjghssd3Htp19ZnH8DZm/S+P6IBzf7y4sxnccF1CV10KNbXj326y0z83+Oz02/MfNxvh7s8f/y35/HfelYr/Y77je87gu9tuXiv1iP4j9iP1if4tQHCcwcXIen1vEjN1J+84IFxAhZrLvXpQUcbt6JJwjMsZnFJFq97nd+f2udWPgzm3q4kuv4t8YMi75cVV44ZZuN94q73N336l97tu/891N1t13uMaNgPh/XLc/vXh83LEvvVul7Xi3T8nyWe3OTZbiuO64vuX2102VfanYL/Yj9oPYL/Yz84WmeDTmTFZhF+r8Pu1z8wVYnyMAiP1iP4j9iP1iv9gPAAAAiP1iP4j9iP1iPwAAACD2i/1iP2I/iP1iPwAAACD2i/0g9oPYL/YDAAAAYr/YD2I/Yr/YL/YDAAAAYr/YD2I/Yr/YDwAAAIj9Yr/Yj9gPg8X+p6adeAeHxP4unwUAAABwt33jxSn2d/gcXhT7EftB7Bf7AQAAALFf7AexH8R+sR8AAAAQ+8V+EPsR+8V+sR8AAAAQ+8V+EPsR+8V+AAAAQOwX+8V+xH4Q+8V+AAAAQOwX+0HsB7Ff7AcAAADEfrEfxH7EfrFf7AcAAADEfrEfxH7EfrEfAAAAEPvFfrEfsR/EfrEfAAAAEPvFfhD7QewX+wEAAACxX+wHsR+xX+wX+wEAAACxX+wHsR+xX+wHAAAAxH6xX+xH7AexX+wHAAAAxH6xH8R+EPvFfgAAAEDsF/tB7EfsF/vFfgAAAEDsF/tB7EfsF/sBAAAAsV/sF/sR+0HsF/sBAAAAsV/sB7EfZoz9T0478Q6+d0Ds7/JZAAAAAHc7JPZ3+By+JvYj9oPYL/YDAAAAYr/YD2I/iP1iPwAAACD2i/0g9iP2i/1iPwAAACD2i/0g9iP2i/0AAACA2C/2i/2I/SD2i/0AAACA2C/2g9gPYr/YDwAAAIj9Yj+I/Yj9Yr/YDwAAAIj9Yj+I/Yj9Yj8AAAAg9ov9Yj9iP4j9Yj8AAAAg9ov9IPaD2C/2AwAAAGK/2A9iP2K/2C/2AwAAAGK/2A9iP2K/2A8AAACI/WK/2I/YD2K/2A8AAACI/WI/iP0g9ov9AAAAgNgv9oPYj9gv9ov9AAAAgNgv9oPYj9if1Lce/PDNoH+VHzzyCSc2AAAAIPaL/WI/Yj+I/QAAAABiv9gPYj9sEPufmHbiAAAAAN3tG1+bYn+Hz0HsR+wHsR8AAAAgrXjf33Weu+c9Yr/Yj9gPYj8AAAAAYj+I/SD2AwAAACD2g9iP2C/2AwAAACD2g9iP2A8AAACA2C/2I/aD2A8AAACA2A9iP4j9AAAAAIj9IPYj9ov9AAAAAIj9IPYj9gMAAAAg9ov9iP0g9gMAAAAg9oPYD2I/AAAAAGI/iP2I/Q5iAAAAAIj9iP0g9gMAAAAg9mtziP0g9gMAAAAg9oPYD2L/Ht/76Meu/Rz+99PPOKADAAAAYr/Yj9gPYr/YDwAAACD2g9gPYr/YDwAAAGwTue//tWs9/c5fFPvFfsR+EPvFfgAAAGBk+0YEf7Ff7Efsh2Fj/2ennXgH3z0g9nf5LAAAAIC77RtfnWJ/h8/hq2I/Yj+I/WI/AAAAIPaL/SD2g9gv9gPATF649703L0jP5bMEAMR+sV/sR+wHsV/sB4BrPHfPe24L63G8uuhHn/zUzWPUnUYbl/0b499+8W/5o4cevu1v/dz0gjvbAAAg9ov9IPaD2C/2AzCkiNh3xvuL0f7nb7z5lnH7+LvXXv/Hz+f1Rz5x180B2xUAIPaL/SD2I/aL/e1i/76/1Th+RKRz4pvTiDOgTx3x2/adDnQBNF3o3Xjgg7eF/AjWxjpPEOxuosT3EMsV2SaPE9tupRFPyPhea4mbfl1G3AD2ndfzzQc/XGo7jb9H7Bf7xX7EfhD7xX6xX0hA7Bf700f9mGEe4cms/LHHX914+a2fPPr4zd9KxGz77eufPhGhGFm3m6duWtYTEwFcC4n9Yj+I/SD2i/1i/6DD7H6xX+yvL2JLRMP4vUc4NmrMmN09CWA5oNtV2sYdo+u9y6TbiJvKvns3rEYd8bdYxkfsF/sR+0HsF/vFfrOuEPvF/uGDUsT9mA1uxn6fsYv/3ffplZZJiRsX9mmWP8k84jjku681eaDSiOOF2C/2i/2I/SD2i/1if8lA5AJG7Bf781+Ax0WrmftGjLjJE7PCY9kf6/bnHrE0kX2c5U8yD999HfGkRqXR7Rgp9ov9iP0g9ov9Yn+jYRkIsV/szxv4vUDXEP7rrtvf8YZNVV2ftHKOWUc8qeFmqtgv9oPYD2K/2C/2Jxhm94v9Yn+ekBlLQZjBb5wy4sZQ/Oaqv5Cw0j6y2zITlj+pNxzn3bAacXRcJk3sF/sR+0HsF/vFfjOvsCa1CDDQOvzxvVuD35hrxAzNqvv9SucM1u23/IltGDesnH+K/WI/iP2I/WK/2G8cPczu93twsTVm5O+6zrOx3r6/2gV+/D2VhnX7PW1iG8YNK5OcxH6xH8R+xH7BT+w3nPiK/WK/yG8YLaN/pWHdftujbRjr9c834ilJ+yGxX+xH7AexX+wXN9vEHhc0fg9i/7Zr8ldapskQ/c2kPn9Ytz+3CN3dh23Yev0jjbhxIfaL/WI/Yj+I/WK/uNlmmN3v9yD2byNevGtNfmOUEU+WZF56o9KSE9Y8956d7CNeDm5bsF7/KCOOD2K/2C/2I/aD2C/2i5utZnW6sPF7EPvXXbKn+3rOxpgjbj7FTShxavthzfO84maN8dbNY53twc3TEUYcH8R+sV/sR+yHZLH/D6edeAeHxP4uf6sx7/jKdLLX5Xfk97B97O/8XX5nuoA2m9/IcBP42SnUZft9VfptxVIwjn/5xO/GuDW+Md04tE3kVGlCQjxl0vV7dP13y1fEfsR+EPvFfnGz4+h8Iuz3IPav4alplm6ll90Z9UeE82zBudJvLJaCcfzLJwK3cWv82bQ0mG2iZiS2HYr9Yj+I/SD2i/1ivxlY+D20jf3PT4+PW9bBEJ3XeXKmyoh9huNfPhEWjbdvGNomEobRKQC7vhH7xX6xH7EfxH6xX9wsMMzu93sQ+5e5aLZsj1EhPMfTKRlurFUaGT5z6i4lNceI36Ttwjmn/ajYL/aD2A9iv9gv9pv9gthvOQfDGOyGcIZwZ91+3GwaZ8TTNrYN6/VveaPackxiv9iP2A9iv9gvbraPOS50/B7EfqHfMC4bEdJHD/6VllGxbn++F7Abt494j4Ztw3r99qFiv9gPYj+I/WK/2L/hMLvf70HsF/oNI2vwr/T7s26/GdEVhm3Dev1bje5PR4n9Yj9iP4j9Yr+4adwcZvePJy5WxH6h3zAE//2evec9pT5r6/abEZ19dAmKrr/caBL7xX4Q+0HsF/vF/mGH2f1mWon9ZsQZRtbgHzetqwzr9rsp77iPp1OOH5Wui8V+sR/EfsR+sV/sN84eZveLyC76j38xY6UXgxrGocE/ZtJbt3+5Yd3+HOJ7MkTXzOIpokrDy6HFfrEfsR/EfrFf7DfuGGb3i/1i/+EXyJVmEhvGMSPWlR9tqZlKy2kJpTnE78C4eliOytMpa4/RXyYv9ov9IPYj9ov9Yr+xyYxNF2div9i/308efdwOw2g94jdghupyw3FwbNXeE7HEsByVp1PWvobxnYr9Yj9iP4j9Yr/YbzQJs2K/bWpO8Zi4YRjj/bYrzbT2glMvZs8+LEfl6ZTON6DFfrEfxH4Q+8V+sX+omTFm94v9Yr91+g3jkDHSsgmVZqm68T62Su+IWGpESLatWK9/rWEpUrFf7Efs9yEg9ov9Yr8hMoj9tidrNBvGmSPeXTHKDeJK609bt39sbvoeNkZ8mTc11+u3rYn9Yj9ivw8BsV/sF/uNa4bZ/WK/2G/5HsM4dIyyXId1+1nrCS/jsGG2tfX617rp7DsV+8V+xH4fAmK/2C/2G00CrdhvW5orIprJaRjjBwTr9uPG7zgjljuyzXhSscsNZ7Ff7AexH8R+sV/sH3qY3S/2i/3WZzaMQ8coMyut28/S4tzbyLVfoPZTULEkke9V7Bf7Eft9CBSI/Z+ZduIdvHpA7O/ytxrrj/hOuvzWRlMp9mffjp6Z1oE1DCPHb73SvrPSOV4lxnHji9OyR7absXy92Hr9T043L3yvh+2f4hjZ4XP4stiP2A9iv9gv9huXj5jd7wRasOoe+83iNIxcx4xKw/FQJM0+Ytkj285YKj2tGMsR+U7FfrEfxH7EfrFf7Dcahdqsniz0iHXmbajSTRfDWGNERHKDbr7RJcxkUWmZqLXGjx993LYzmL+dlldyjin2i/1iP2I/iP1iv9jfdJjdb3Zq5wuxiBSGYRw3Yukr5xP2nxVVeqnpmueRth1LE7ohKvaL/SD2I/aL/WK/MdAYYaamE3axygWxYThmWLcfxwRBltO98uCH3UgS+8V+sR+xH8R+sV/sN7afqemEXey3pq1hOGYcKiJQleF4KJI6D8C5zd3DElFiv9gPYj9iv9gv9htnDLP7xf5OF/mxdFWlWGgY3Y4ZlZbgMitaJM0+PKFivf4lhpc/i/1iP4j9iP1iv9hvnDnM7hf7u8T+uIA0DOP0sfX7Xir9hs2KHoMbwOcN73+yFNXc44v3vtf3KvaL/SD2I/aL/WK/cc4wu1/s7xKqvITRMM4fW866jAhUZZgVvb1K29NW4+sPfNC2ZCmq2UY8oeA7FfvFfhD7KRf7/3kLh8X+Hn+rMcZ45p53t/n9ba1W7M/zuX/x3vv80A1jthiz3W/552+8UeazdEzc1nce+ogf9Jnj9Uc+blvaWKWlqG5NQPKdHnvt8JX739/ic/jyr75P7EfsB7Efsd9wci32i/23RJAwthsRaONG9lz+6sZLPtQNx9cf+MBmv+UfP/pYmc+xS6AZVexLjPNG7IttS9uqtF7/Kw9+yHcq9ov9IPYj9iP2G3MNs/vF/sqxv9LF8NZhJwJZBNfYBkJcnMeF5s6T73zXpt/1xX9L2P07Q/y73SzIfYO40mzsbPtRx2PjsrH1Pr+zak8t2pbEfrEfxH7EfsT+RcduJmqlJQNGjTdO2EUqF8PjjLgxEvu+iyG/8gV4bB+7mwLxBIjZvmNHmbgxXWXEzSfHxe1uChrzDLOxLUU112QC3+nVTyFdJ85jxH6xH7EfxH7E/gPG7t0JcRHTZZjdL/ZXjP2W8Nm/r4vvs3rUP+UmQISUCLJdbvpmCXxVntSJ7cpvzXHBZBEsa+b9D4j9IPYj9iP2rxj7Oy0BUunl0GK/2L9jyZbbR+zP4qLaeuHHiXXqI2oJ/7fGlrPSK72QssuMTMeF2scU25QXlp87tnwXDGI/iP0g9tMw9nea3S8AmpFaKfZXWvLjnBFBIAKpsHi+ePohjgneA7HdUj6Vjsnx9Ijf1fq/YWPe4clQSxSeO3yniP0g9iP2I/avGvvN7mfOdTfFflFwzRmX8RlYnme57atz9N9qKR/r9uO44KaV9frrrNfv2gOxH8R+xH7E/k1OPM3uR+zPF/srLfdxzIiZ/F6auG487Li8z5ZrdVu3H8cFN62s1+9mEWK/2I/YD2I/Yv9Zs0zM7kfszxX7O866jvX4zeTfZmmQSvFl9FBd6QWrltdyXLAvoPN6/faBiP0g9lM49v/BtBOnlsyx/y+nKHvn39Npdv+Xp9n9tuH5/WWh2D/6Z/35Zuv1x4W/3+32ui0R8oUp0mzxOb84vcyxyvj2NKvVb2cdXyi2zrl9ge24wrmL75RDiP2I/SD2I/afPWLm12V/U5cZYZfd7EDszxT7O0XXv7rx0ltPTDPL/cbGCTFdlvXZal/wRKGXrMYTIX436/h2oXXO7Qtsx/Z/iP1iP2I/iP2I/TNsk2b3I/bnuKh/rdAyH9eNWH9a6Bf8O94YjptcZrZyjG5LbZkk4lxy9BHXVb5TxH4Q+xH7Efs3jf1m9+MCLUfsr3QxbEac4J/xWOmG3uHDEijrMGruC2zHeUcsueg7RewHsR+xH7F/84sWs/sR+z/mYnjjYemeJBen0z7UccK6/fuGdfv9FiuM+E3a1mzHh46rlkwFsR/EfsR+xP5NZiiZ3Y/Y7+V1W42YLW42nGNh91Bt3X4s7TbWiM/YtuZ4YntB7AexH7Ff7HdCmjL2V5pRuG9YT1Pszxb7qz99Y/ak375QXetztW6/dzxUGPEZ29bs85zLIPaD2I/Y3y72R4SKE7WrVJrlUDn2d1kTPIbHbF2kZYv9lWdSmwGcUzyJ4Rjht37dsG6/p0AqDMvLWaLQtoLYD2I/Yn+72L/vwrTSsinVY3+n9V/N7hf7M8X+qjfiLN/jmCja1D0OW7ff017OF+myv/MUCGI/iP2I/WK/sDFk7De7n2P92Sc/JfavoOo7NTK8GJnrZxfHDZuKY8uXuVcZntpx7K0w4rO2zbmucj6D2A9iP2K/2C/2p439ZvfT8UJt9Iu0iiMisUfe7QNGHVvOSrduP11vAJsc4ulQN4h7fO/X6bIEnNiP2A9iv9gvaqwW+83uR+z3mLvZknSf3b/l+4as28914jM11h2Wm/PeCTc215vA0uXGidiP2A9iv9gvbK4a+83uR+wfx4sPfEA8YWgRxquNLc9dKsVc6/bPLz5Tw7lidpXObSxZJvaL/SD2I/aL/cLm8LHf7H7Efp/xksOL7GqJGzfVxtYzNas8LeEJnvlFWMw44qZg1nNLMddNYjc1xX6xH8R+xH6xX+xPP5PW7H7Efi9idGHMoeIGTrUh6Lqh7h0u8948yzqb2zItjhnXDcuVif1iP4j9iP1iv7C52Tj25MnsfsR+L7BzYUzXpUW2DA6VPk9LdnmHy25mfOZ12h23rNfvGkLsF/tB7EfsF/vE/vThotPs/pFjr99E7+8/LiTdXMNSPuuPmIVs3f7zh6fnLH1ycRvIegPbE2nW679sWKpM7Bf7QexH7Bf7hc10sxS7zO6PR7RjppGTcLHfkg3rzPCknmo3prbeL1i3nypLn1x8uiPreUOl6xk3rdzMFPvFfhD74cTY/+lpJ97BnxwQ+7v8raOPL00nT8f+zV9qNLs/vt8uv1u/iTzffbURsyP9dmqqFHBixN+z5ef5wyLv64ibQH4f58u69Mmd33/m80rb4Twqrdcfv0vf6bzntadcr2b0JbEfsR/EfrFf2Nwq9n+64ex+J+Ji/zAXAgVvtnW5iOvo5WmGY6Wx9flLpc/z6Wlmt99Iz+3hsptmjl9uWlUYcdPCdyr2i/0g9iP2i/3CZsqLFLP7EfvFfrPg2OfpYuv2b33+UunzjFDtN9LzSY9Yn73KJJKtn/apoNJ6/bYHsV/sB7EfsV/sFzZTz0iqspzAvmF2v9hvJueyvy+/m9qqrDM/yrlclfcgxDmE30fPbeGyc6pYzi3jMJPbcm/7bmQh9ov9IPYj9ov9wmaa2F9txmbG8CtG9/vOq9xMqXg8oMeyb2ZzzzOs23+eL9x7X6l9fta/56qbF/S7gdnpWl/sF/tB7EfsF/vF/qKx3+x+Ki8zI/avMzzybtZmtrH1WvPW7SfzTPjrjq1ZnwIym9vSZCYviP1iP4j9iP1iv9hfJvab3Y/Yb1av3xUVo+So0cG6/YQfP/pYyu88ZvBX+5ssSeXmZYw41vlOxX6xH8R+xH6xX+wvES3M7kfstySKGZF0ean0CNEh1gmvMETS5eLYqOdRFW8MWpLKNcS+G1mI/WI/iP2I/WK/2J8qWnSa3W/JEbFf7K8XTjETPdvszSpLI4mkvY6zMXO/6r7CklS91+vfdyMLsV/sB7EfsV/sF/tXG3M9Qt9ldr8LOrFf7J93eFrGhbx9w/HiiRjHVO/BqHijLGv8tSRV7xvB+25kIfaL/SD2I/aL/WJ/umjRaXa/ZQfEftF0vuE300PWF2+Oum+Im2RVhkjaZxmnQ27sZJ08Ivb2Xq/ffkzsF/tB7EfsF/vF/pLRwux+xH6x/5jhsfc+Kj2RMsq+wbr9PWW90XPokk1ZA7DjWe/rBtcFYr/YD2I/Yr/YL/aXjBZm9yP2i/3HjErHAvrE/lG2W+v2mw1d8bwp87mkF7T2XK/fPkzsF/tB7EfsF/vF/tJB0+x+xH6xX+znTrHEhe3WvtbxtO95VrxnovpTKyO8vNt6/euPuPHqOxX7xX4Q+xH7xX6xv2zQNLsfsV/s9xui2rFy1HOYKuOYEGw2dM7Z0Me8jD3rUyvW7T9c3Bix/0LsF/vBh4DYL/YLGEmCptn9Yr/Yv4xYIqDSGPWGCo6VWc5hqiyPZGZs7QkVMVP/mL8z4mnWYTvt97TXMTeyEPvFfhD7EfvFfgEjZWwzu1/sF6J9tmI/Yr/PdakYbDZ07X191pcQd4qS54oXGtt3IfaL/eBDQOwX+wWMRLGtUtjZN8zur3mzR+wX+3FMuGxEpLJPMDvWbOhlA3jWdfsd13o9pej7FvvFfhD7Eftd1Iv9bU5S46K9yqydfcPs/prrSIv9yw/r3Pbx8oMfKrXt2t/aH5gNvezNsazr9pvp3Wu9fk9yiP1iP4j9iP1v/f60E+/gkNjf5W/NEDR9NuePF6aT0C6/70NUif2jfa4vFIv9fjd9VNt2R/ps/6LI2tffn+Ku30q931Bsn932GZ+dJrzYZuvvs+JGlu9zneuGLueLL4j9iP0g9ov9Yv/oQfOzjWb3V9qmxX6xX+zHtpvnfO5bRWbJxoxov5V655uxfXY7l/ja9JSKbfZqVa4NTr2Rhdgv9oPYj9gv9rv4Sh00ze530u63IZj6zSD2L+e5QutfmxF9taxr2H9ueo/PqX9zXC9kHJ5S6bG/OudGFmK/2A9iP2K/2C/2LzZivfklPx+z+520i/2CqdiP2G+m7CHDjOirz6Uyjr997fWW59jn/t2VfavQev1x48J3KvaL/SD2I/aL/WJ/y0Btdr+TdrFfMHWhLPaL/dbA3jfMiL5c3ATpOKEk8yzwc55osF6/GzquG8R+sR+xH8R+sV/sHzr2m93vpF3sF0w7HxOx7Zote9iwbv/lIppnHC89+KG2T63M8bc7P6x7IwuxX+wHsR+xX+wX+9PHabP7nbSL/YKp2C/223aXEbOIqwzr9t8tZhF3/S6zzgQXg2sfB9zMEfvFfhD7EfvFfrG/few3u99Ju9jvQlnsF3lsu4LwvmHd/ho3cuZ6SiPrUytxzmv7rTvxx01JsV/sB7EfsV/sF/uFabP7nbSL/YKp2C/223Yt9bJnWLe/Ruye63vMvG6/99LcLq45KgzLjYn9Yj+I/Yj9Yr/YL/ab3e+kXewXTMV+sd+2u6hYVkJI80LTipMesp47xo0a23C99frdkBT7xX4Q+xH7xX6xX5RuOru/81IEYr9g6piIbddyL6cOS2TkD92eWnnr5o0a23C9Y4B3c4n9Yj+I/Yj9Yr/YL/Y3nd0f6yeLE2K/i2XHRGy71u13s7zT72buyJ35qRXbcb3JPr5PsV/sB7EfsV/sF/vF/iLrz54y4gLVuqxiv2Dqglm0tO1at//wYZmM3OeYcy9fk/mpFbPAa63X332ZTrFf7AexH7Ff7Bf7nbSWn324b3Sd3S/2C6aOidh21xcz4isM6/bfEp9DxrHEi2mznjeOeC5hecdxbmQh9ov9iP0+BMR+sV/sLxP7q7xI8JDRcXa/2C+YOiZi211fLJVXZXRftz/rd7nUJIesT62YCV7nJuRSN7IQ+8V+xH4Q+8V+sb/MRYjZ/WK/2C+YIvbbds0G7xx3qgXSiPI+DzeuLopluSqMeB+V47nYL/aD2I/YL/aL/cOPLR+VN7tf7Bf7BVPEftuusJZlH+z9C9ud72R+aqX7C6er3IBc6kYWYr/Yj9gPYr/YL/aXihZm94v9QpNgithv2zUDuvK5Yqfzo3iZrmh8++j8wulKS4t1XJZT7Bf7QexH7D9g/N60E+/gjw+I/V3+1gxjy8+v2+z+LvuACrE/ftujfa7VgmmX3wO23TX9YaG41vX38tQUzDOON6cYv+TnkvWplaU/l5F9tdB6/fG7dDxfxiGxv8Pn8LzYj9gPYr/YL/ZXuZjuNLtf7Bf7BVMhT+y37doHHza6BJ47feuhj6T8viLGC8dCcYUbNJ3P4cV+sR/EfsR+YePKGUlxUL7Ks/feJ/aLFi1n98cFvNgv9gumYr/Yb9t1bpJzP7yGv3j0sZTfV8T4raPgqKPT050XvVlkvf6lb2SJ/WK/2I/YD2I/LqjLRYsus/t//sYbN5dYEPtFJsHUMVHst+36vK8flZ4EPUacK/hd1Dq/+NPp5a7dtuNKS4qtcSNL7Bf7xX7EfhD7EftLRYtOs/s7zFQU+wU8x0Rsu2PHE5+130rGGzNZz7s7LgNTab3+DhN1xH6xH8R+EPsR+83uP3F0mN0v9otAjonYdu2H5xjd1u3Pel651jKFmfcllZYx7bRef9cnjNY+R7hOl5stYj9iP4j9uCgrFy3M7rfesO9IMEXst+06P+l0vKyyxvmaITvr6PLepmqTeLq+OwSxH8R+xH5hQ+wXLVwYHDGqz+6v8LsQ+wVTbLuZt92Ir2bVWuN8rXMaEwr2j/h3d9mWn7rn3WX2992eLkLsB7EfsV/YEPvFfut7mikk9gumYj+2XS96ta9oeg609stnY4a8myJjq/K0bqfvDLEfxH4Q+xH7rTM8wwVE1dn9Yr9g6piIbdeSambWHieiecYRYddTK7blCtvynaPT0xiI/SD2g9iP2C8KFQ3Kfhdiv2CKbbfGtpt1BnSXY2WVpQxjyRZPrdiWKy7L2e09C4j9IPaD2E+RqDni7HKz+/0uXJALpoj9tl3r9sfosG5/1jXOI+p6asW2XHW9/i1uZCH2i/2I/SD2I2qePUZ8pNjsfr8L34tgithv27Vuf5f9RdanML7/yMetCV9gko3vZpwbWYj9Yj9iP4j9iJolY3+32f3VZg6J/YKpYyK2XWtndzhX6T5TPV4qbPZ4js/MPue4sfaLp0HsR+wHsR9Rs/wFdKfZ/dUuKMR+vwnHRGy7ZtlW3yd7AmPbWepZ14Xf6mkI38txY+0XT4PYj9gPYj+iZovZcl1m98eoNLtf7BdMHROx7Vo/e85Rea3zrL+Prb+TrDPI37zxkvX63cgCsR/EfsR+RM2esd/sfr8LsV8wRcy07ZppW3mfkfWYufVx0rr93j3hhgxiv9iP2A9iPy7QksV+s/v9LsR+wRSx37ZrDe0Yz957X8nfR9bznK2/jwjmWUfVJWKyvnvizlF9qSXEfhD7YcbY/7vTTryD56eL+ghlV7kxneBW+VsrRM34vkbfnrqMCDJ+F+PEfr+FZUeXYyK23a3dKLJu/zenWcPVfhufSRqs4x0DI3x+MQPb+d44sr57Itu1EUXPlcR+xH4Q+zOHvp9NM5jEfie0x/hZo9n9T06z+7P/Lr5Z4DFusV8wxbZbZdt9ssg62jFruNpv46sPfMB3cYbvTTOwM45YWqvatvzM9KSHfTyI/SD2I/aL/WK/2G92f8HZXhW+L7HfxTS23UrbbtYZ0BfHKLPJxeq3hnlKN+vNkiqTO6pN9Kh2nYrYD2I/iP1iv9hvdr8LQGFP7BdMse0W3HazRuU7R8wervTbyPry5FHOUz6TeN3+astSVVmvv+JyYRmup69T7caY2A9iP2K/2C/2i/1m9wt7Yr9gin2CbbftDOiqIS7r8kqjLUGT9amVastSVVmvv9oNxQyqXKuK/SD2I/aL/WK/2H+CiOBdRuaLDbHf5+qYiG3Xi2AF0povTh5tQkLWc/FKy1JVWa+/4lJhYr/YD2I/iP1if8PYH7P9zIIbb2T+nYj9PlfHRGy71u0X42ouezLaeWPm/UuVWeRV1uuv8N4ssV/sB7EfxH6xX+wfMmqa3Z/75Fbs97k6JmLbtW6/QFpz2ZN4SiRbLHSu4cbVIWOUF0+L/WK/2I/YD2K/2C/2t7rQMLtf2BP7BVPsE2y7fb+HCuv2Z132JJ4OGfHzjPMl53lutpw7urwIVuwX+0HsB7Ff7Bf7ze7fcGQ8wRX7fa6Oidh2RbmlRoV1+7OeP456zph5GRn79zHGaC+eFvvFfrEfsR/EfrHfxVqr2G92vws/sV8wxT7BtttnBvTFUWHd/qzfw6jRLfMLYjO9O6vqtVCMWObM8VrsF/tB7AexX+wX+83ub31xLfb7XMV+bLvOW7YYmdftjzXv3WTxDoQqkbnCDcQKN13EfrEfxH4Q+8V+F83pY7/Z/cKe2C+YYp9g27VufzYRFTOO0ZdPyvqS2FHfg9Btvf4RXzwt9ov9Yj9iP4j9Yr/Y3yr2m90vJon9gin2CbZd6/ZnEzO53WCxbn+F0Fxl317p2lTsF/tB7AexX+wX+1PHfrP7x5R57VyxXzDFtlt92806A/riyLxuf7wINOOIcy7nhMuMGw9+yHWQcz6xX+wX+xH7QewX+53kOsE1u9/MUbFfMEXst+32mQF9cWRctz9rkI4bFG6kLDfiXNZ6/c6vxX6xX+xH7AexX+wX+8X+ZrP7M63r6nchmDomYtv19NWSI+O6/TGDW4w2ASTrzZSKS4JlfkpI7Bf7xX7EfhD7xX6xv2Ts7za7P8uj3n4XgqljIrbdcUXgyj4yrtufdQmleKmwmynLjtGXSaryoukK+xGxX+wX+xH7QewX+8X+8rG/0+z+LLO//C4EU8dEbLuis+NhjZssWV4ga91+L5o+dmR8QkjsF/vFfsR+GCj2Pz7txDv4owNif5e/NcOIk3XfRb4LwtG/j+wjtqfRPtMvFgumXY6J2HZH9I0i6/ZH3M3ymX8+6fJJsYRgpm0767r9fz7dgMv0Ocd2YR/CGtcMcQ7R4lxJ7EfsB7Ff7BeY5xpVvo8/mGadVViW4NDZjGK/2C+YIvbbdk9V5Ym4DDe/s58zZpsUknXGeZzDZjrndj6N2C/2g9iP2C/2i/1iv++jUeAQ+wVTx0Rsu2ZALz3inT1ZPu8438o4soW2ryReSz6e/vAZ23+I/WK/2I/YD2K/2C8ui/1m94v9Yr9githv2z1KhZfbZ5mZm3kmdMZzwawjltfy9ISJM2K/2C/2I/aD2C/2i/1iv9n9Yr/YLyAh9tt2jxLHkAojw5rbWWdCZ1tHPvt68lnOyaus1x83hhyjxX6xH8R+EPvFfrHf7H4zGsV+wVQwxbZr3X43vsvPhM4y07zSzHNPTqwzsr14WuwX+8V+xH4Q+8V+sb9t7De7X+wX+wUNbLu2Xev2+5zPH1nWkK+0zxk9bFZZrz/bi6fFfrFf7EfsB7Ff7BeVW8f+brP7R3wMWewXLxwTse1at3+t46AnKPp9rlXPQ0aP0FXW6+8SkMV+sR/EfhD7xX6x33cjTIv9Yr9gim23ybZbZZbuyOv2Z303QoYnJq4T57cZx+jLy1R4Gsg5iNgv9oPYD2K/2C/2m90/9Ii/c7TZ/VkvssV+F9rYdjttu1XW3x553f54ya3P1Dn6MWPUF8dWec9H1WsfsV/sB7EfxH6xX+wvf8Jrdr/YL/YLpth2bbvXi5nE2cfIs9CzTjwYNTh32O/EEzeeUlluZH3xtNgv9ov9iP0g9ov9YnL72G92v9gv9gum2HZtu/XX4B51ffl4wW3GMfpSMtVvtIx686rCOz5iZH3xtNgv9ov9iP0g9ov9Yn/72G92v9gv9gum2HZtu9btdw5y3Bj9JbHVl1Aa9eZVhfX64waQ47LYL/aD2A9iv9hfOiRXmb1ldv9Ys/vFfsHUMRHbrnX71xwjrjGf9Vg46jIyx4rlWty8sl7/xZH9xdNiv9gv9iP2g9gv9ov9ts3kF3tZI7XYL5g6JmLbzSP7PnvEiJf5JkqV7TrrMkoj3ryqsl5/9hdPi/1iv9iP2A9iv9gv9ts2Cz16fMgYZXa/2C+Y2u9g23U+s+YYbemTrMsjVVveMevTnbEEkfX65x8jLvcl9ov9Yj9iP4j9Yr+LY+Gi8YykLKFa7BdM7Xew7fqOOoe8rC8+jqchK23bWSP1aGvLV5g0M+q7EMR+sV/sR+wHsV/sF/uFC7P7914gbj27X+wX4+x3sO3WCi4ZxkhLdGQ954ilb0z28F1UXK+/younxX6xX+xH7IeBYv9j0068g0Nif5e/Ncvosm1+vdHs/h9MM9m2/KwrxP7Rtt8vFAumXfY72HazqLBu/9bHvp0nksbRf5gmC1Tbrp9IHKrjKYsRPsMq77768rS0lmPyePaNOIdoca4k9iP2g9gv9ov9wsVpuszujxEXuKKR2G+/g23XttvlnObNGy+ZXFDgZolzv1sj1u0f4fOLf0eF8enpqVfHZLFf7AexH8R+sV/sN7vfDEexXzC138G2W37bfXpaMkTQm8cPkq4TH+dIFbftHyR+uewIn98/JH3JcdXrT7Ff7Bf7EftB7Bf7xX7bptn9Yr/Yb7+Dbde22yLqjbBUR9bPccsnApcU20TWsXXorHITcMTzOsR+sR+x34eA2C/2i/3Chdn9R4+tZvdn/22I/fY72HY7brsVluv47vQSTnH0+DHKEkhLiKc9nI/0Xq+/SzAW+8V+EPtB7Bf7xf620c3sfr8Nsd9+B9uubbde2Ns6Wmf9DLe+SbK02C5szz1vAFZ88bTYL/aL/Yj9IPaL/YKmbdPsfr8Nsd9+B9uubde6/Zaxu3SMsPzRkuJmhu2559Jeo7zoGLFf7AexH7Ff7Bf7hQuz+2cba8/uF/sFU/sdbLvW7e8YrgVl6/ZX2Z6r3PyLp20ci8V+sR/EfhD7xX6x3+z+UmPt2f1iv2Bqv4NtN6c4XmQfWy1JkzUoVzo3r7hu/1bbc5X1+qu+eFrsF/vFfsR+EPvFfkGz/UmU2f3v9tsQ+wVTbLu23fI3wrda5zzrUjEjHvMssfT2iHNV6/Xn+uwQ+8V+EPsR+8V+sV/s91j34mPNNUvFfsHUMRHbbk5xY7jC2GJZmqwvgY3lWlyjmLBRcUmvLd5bhdgv9oPYj9gv9rtoEPvN9Cr3XYv9gqljIlWXTPPUW46x9jrnWW+SRNB143H8EftRn9X4nxtiv9gPYj9iv9gv9ov9Lv5WHWv9/sR+26ljItWOlZ22Xev297mpteZTfxnC4qjDu5dOG9VfPC32i/26HGI/iP2rBak4QbxKpRkWYr/Z/b5vsV/sF0wR+z2NMd5Ye93+rDdIus18zroO/dpPYFQ4L97q3R2I/WI/iP2I/QgYYr+QuupYY3a/2G8b3Te2WH8Yx0qx37r91jfvvS/+xkMfSbs9r/luhQpj7ad7EPvFfhD7EfsRMMR+s/vLfudiv9hvv4PYn1vWl81eHGut2x8RNuOIdzN02x9l/a5ixI0K5xvOM8R+sV/sR+wHsR8Bw0mU2f13jaVn94v9tk/7HcT+3GJWrJm9tWeLd535nPUpjLXer1Bln+34m+cc4Tpdnj4S+xH7QexHwBDdzO4f+nvPHqbFfvsdROPLRqc1oGNWvO+r9rnDWk8+WLc/V8CucC68xpKVIPaD2I/Y/9bvTDtxavlOodjv+7yl2+x+n+PlI37btk37HeZR6SbqkvvN0fz+tN59hRF/x9Kflc8mlxcTv4B6jWNnhfHK9LSN4y+ZPCf2I/aD2I/YL7oJUyN/92K/8Ga/g9ifX4V1+780zV5f8jP6UtInIOK77bpP+mziF1AvfX5SZWJBvJvB8RexH8R+EPsR+zG732c4bOyvMttuN2Jmpf2N2G+fObYKSzAtvT/P+hmNepxbS7yc2D6o5m8+3sng2IvYD2I/iP2I/b7PtrP7l4iuYr/YLzSRPaqJ/TVufi/9nWV9+qH7ud8PPvmptNv0kssvVXiaJ75bx17EfhD7QeyndewX3XrP7o8Q5/MT+33G2G73j3ixp+8v37AcjJnPldbtX2ppqirLBXpyELEfxH4Q+xH7RTez+2e+MBL7RTf7HWy3joWjjKVmsWcNxh1vWlVatz+W2vH+iatHfLeOvYj9IPaD2I/Y7/s0u99nN/xvotJyKGKT/ah9g3Od7N9b1qVgXnnoI/ZPiZesWerlyhXW61/iaVUQ+0HsR+wX+10Auwi2pmvKMefsfrHfDNt9o9va52K/2O87rLe/ieVwzHz2Auoq32GF9fqXeuoBxH4Q+xH7xX6xX7zwmHfr2VBiv9gv9hNiBrGbopZiGmHM/Zk8fe99Zj4nl3nZmrn3RVXW61/qfQYg9oPYj9gv9ov9wqbZ/a0vHsV+sX/f8IJIx8mMY6m130cXy2757mrcyIpzGvum/IF77u+xynr98Z3athH7QewHsR+xX+w3u3/mGX9ivyUHHBepEonF/hpPaMy9X89689XM5xpL18z9hEaF8wtPDCL2g9gPYj9iv9hvdv8lY47Z/WK/fc4hw7rRQlq2EUu3dPwesy5Zs2QINPPZuXyl/VGFfbXrGcR+EPtB7N/opLnSrAux3+z+imOO2WLZ134V+9cZXWdJW+s97+j8XWZ9Ge0S31/WJU8i6Nov1ZmcEE/cOMd1MxaxH8R+EPvFfuFN7De7f5Vtwm/CywT3ja4vOzUbXCy2JFPuG4xZlzxxvlfrfCV+k3P8/XEszj68BwixH8R+EPvFfrHfxZ/Z/Xsums591N9vwgxE+57eqt2c6j4r2rr9+Zc88TRVrfcvzBW4K0xmmevGB9uc216ny9JjYj9iP4j9Yr/YL7iZ3T/8duE3Ifa7OO+t2gulu7/8scIN7zm+w8yfg/1SvRtZc9zAieUbs4+5ljRivCdrutykFPsR+0HsF/vFfrFf7Fhlxtg5s2n8Jiw3IJ6aLVtpxM3e7t9phSjYdckTN1drLjl27vlKlfPa+Dtsy2K/2A9iP4j9Yr/YL7iZ3b/gRaTYL/Y7NrqAtz90/BttnBuOsn4GZj7XfAH1uefwFdbrj5uQtmGxX+wHsR/EfrFf7Bf7ze4/YJwzu1/UW0bWtaKvGjGj0n6l5hq81YYXStcIg+fu37NGYfvaui+gPucpzAo38Dx1JfaL/SD2w2ax/9FpJ97BvgD+0yksd/lbs4xK38laus3uP+Uz6vg3r+GnxZZGiXhon9LvXCDjeG4KDt2/1z8scLP7nHOezyVd7uVvppnP9kvXy7xuf7wM/dS/+28KLM11zt/P9hx7bxH7EftB7Bf7xQyxX/BYbcQsxt+bZo2J/W40LTHiJa72KfW8UewJlBix3/fd1oiD3YJwHDdsuzVv5JxzHK1yLnvKOSpiv9gPYj+I/WK/2E+Lmatzxm+x33Z3yIgobH/iZmjlQOzJtvHGqfEo65NVnqCqfSPr1ONohWW5nEOI/WK/NofYD2K/2C+6if2ziZlEWdfuPXacMrtf7F9GPK5ebZiVZzkMQSmPCvugbsvT2cfWv5F1ynec+T0Fu+HpQLFf7NfmEPtB7Bf7xX6x3zawUhwR+xe6GCj44lPr7VrCZ/QRUcx3+/aN7o7fZ9abHG5U9ZjpfsrTGxUmrHiXitgv9mtziP0g9ov9Qq/Yb3b/GeOYNavF/u0ujLIN60lb99o+wQ2dNUcct4/9m2MGccZh5nOPJciOPY5W2VfbbsV+sV+bQ+wHsV/sF/vFftvBSheTmWPQ6GGv2g2mU8IblsFYc3j6pEb4vjgidna4wWHmc491++Pf3W25NU9cif1iv9iP2A9iv9gv8or9ZvfPMA6d3Z/1RYYZYn/mz1ZMNSu2Qxi2bv/4I2Jnh6WLbK99bmQd8/RlhfX6j/kNI/aL/SD2g9gv9ov9mN1/xTh0dr/YL0aYoWdWf5Xh++29bn/Wtdyd3/W6kXVM/K4wScVNWLFf7Bf7EftB7Bf7BV4Xg2b3rzh7TOxfToXH78+dlYhZ/Y6RnjA6ZxyzfFjWG1lmPve6kXXoDawK6/Vb/k/sF/vFfsR+EPvFfrFfyLA9zDgOmd0v9i94QTBd+HTdrhhThSUhrhpecFr3mHfozOCs67ib+dzrBdSHBvAKEwacL4j9Yr/Yj9gPYr/Y70LX9ml2/8xj3yxssX/bi6Oq2xWWvVh7xBIuvueaNx0PmfmedRa0mc89l8o75AZPhZuz9stiv9gv9iP2g9gv9ov9tk/bxMqzqsT+ZWWdaWq2npucFeOZSJNzHLLsSdZZ0PalPW9gHnL+UmGfbWKA2C/2i/2I/SD2i/3Cru1T+Fr5Ykvst2zKqaPLhZ3le8YfZkdbtz/rNm7mc88bWfuusyo8kRPLLNlGxX6xX+xH7AexX+wX+22ftouVZw6K/V7Se+qIpxbixpn9iX3d6OHMNlB/3f6KN+OpfSOr+m/We1TEfrFf7EfsB7Ff7HeRa/s0u3/BcdVJuNhvveylbiSxvZg13GFk2BdsKet69hfHdev2Z93Pmvnc+xw/liGq+jTOvr8PsV/sB7EfxH6xX+wX+826Xmjmq9hvmYElIxxC/xrDev37Zb+5fd26/Vlf1Grmc+8b6td9/xWGJ//EfrFf7EfsB7Ff7Bf7bZ9eoLrwuOxEXOy3zMAcw7rTbmRuNazX3+O9Ddd9zzFDPuMw87n3jayrnuyo8ESgpdXEfrFf7Efsh6Fi/29PO/EOvn1A7O/yt2YaXbbPNX2t0ezXy37XmUN0/Lbtg8YZ8VuyT9nW704zKV+fllbqNH40RWzf/X4vF7gB9NT0BMdl27xzut5+lPhGVmy/Fc8Zspyfcbh949kp9nf4HJ4V+xH7QewX+4U2F4Y5dJrdf+fJ+KtJlz/IdDH5bPF1+y+OCM32KduIENppX+Ym0/HbR/YRNyyq3LCvdJ7tRta8+68KTwNedmMOsV/sB7EfxH6xX+wX+83uXyEwZP59ZJo51ull0LE0gQv9dWfzZ75pd+74zD3vth002Q9d9hRH1idZzHx2I+uqG+TZR+xnbJdiv9gv9iP2g9gv9ov9tk+z+1ccF0/IxX7LDCz5/Vy2RAHzzmjtdCPpshtLtoPDZV/i6bKImPXY7YaoG1kxYvut9iSgpdXEfrFf7EfsB7Ff7Bf7bZ9m9688Lv6+xX7b19JxTvSffyZ/fKYdl+y5c1y2rAu190MXI3nWGd1mPruRdXFcfDqpwlNa9stiv9gv9iP2g9gv9ov9tk+z+zcYu5NysX8dcTHfeUTcihhjNuvpXnjgA+1evntMJKPHfujiGudZ12o389mNrKu26XhayX4ZsV/sB7EfxH6xv1Hs73Ii5WJx+bH7jYv966lwET/HiJtqMXvR/mz/DP7YJ0Xg77xUz1XDEj49b2pfXOM86/JoXirtRtZlN39in1/h+G57FPvFfrEfsR/EfrFf7Bf7hZCNRgTX+K2L/eutr25cfryJ7zJmrned+R+RJ/bvsY1EzLREj2BquZP9MTHrMPPZ+dvFsVvWKY6B2cdlLxxG7Bf7xX7EfhD7xX6x34mU2f1GydjffSmfY4NeHIdixmN8zyH2fyHjDYHdvz1izu7vib8v8822rYf3QPQ9xsW+NOuLTM18diPrshHHtQrr9ccxzrYo9ov9Yj9iP4j9Yr/YL/abHWa0iP1B3F3uxsBFEU12Uf0yMYN+F+APdd1/LyLTnf8GY7lh9mjvm46xhFPW43Tsm2yHbmRdtk1XWK7NTVixX+wX+xH7QewX+8V+sd8Fo9Eq9tu2DMOx0PtD+g4zn5ddDs3Y9oaF7VDsF/vFfsR+EPvFfrFf4DC732gV+yNGeNmqYQhKW6qwXEjWYeazG1lVh6dWxH6xX+xH7AexX+wX+8X+oVV4UZrYb11hw6g2vJjX8S3rqHRu7UaW4RpF7Bf7xX7EfhD7xX6x34m09dUNsd+Leg3j5OHlppY7cczCjawxh+1P7Bf7xX7EfhD7xX6xX+wf/4Ru+rwN4cSNJMMYY5jVb7kT53C4kTXe+NGjj9n+xH6xX+xH7AexX+wX+10oirJG39jvRpJhHDfM6rfcSeYR72qx3Tlvqzpefugjtj2xX+wX+xH7QewX+8V+sV+UNfrGfkHCMI4bZvU7tmUeZj477688nrr3Ptue2C/2i/2I/SD2i/1O+sV+UdboHfvFNsM4bJjVv028MeYbZj47tlYdnlpxvBD7xX7EfhD7xX6xX+x34WiI/W4kGYZjn/1PmxEvZrfNuZFVcbz+yU/Z5vymxH6xH7Efxo79/2vaiXdwSOzv8rdmmxnWZRsdjSgyZuzPvl0940aSYVw7YvkTxyDnR5lHPJlie1tX7DeMdcZXpyXWbHP17RtxPtvhc3hG7EfsB7Ff7HcxK24WOrkTZf0eRAnDWHXE8hB/MM2IdgxyXMs8Yuaz7W1dMTnGWGfYR4v9Yr/Yj9gPYr/YL/aLm2b3G34PF8SFckRNwzBuH55m2z7gGOeP5x/4gG1tZU9OL4w1lh9v3HjJ9uZYIfaL/Yj9IPaL/WK/uGkWpOH3YDkNw3irzXmIJ4t6j8ff+S7b2gbcRF9+vPrIx21rYr/YL/Yj9oPYL/aLaOKm2f2G38NlYoacYRiW77HcSZ1h5rMbWZWHp1bEfrFf7EfsB7Ff7Bf7xU2z+w2/B8sOGMa1wwsf7Xccp3Aja/zhqRWxX+wX+xH7QexH7HfRaHa/4fdgOR/DuHJ4manlTiqNLgFs1PfhGMsNS62J/WK/2I/YD2I/4pm4aXa/4ffgZpJhXDkseWK5k0ojbqLYvrb1N6+9bkN0DobYL/aD2I/Y72Au9juxZr+YfWr4PSwhHos309boNiLKWRLCcieVRtxEsX05V6s6Ygkw21ivp5qv02V7EPsR+0HsR+wXNz0ebvg9nLyOtuBvdBmxrQtHjmfVRtxEsX1tK97/YSyzz7Z90fLpbrEfsR/EfsR+cdOMMcPvQaQwDKHfcif9hu3ajayqw1MriP1iP2I/iP2I/eKmi0jD70HwNwyh383rFiNuntiuxhDvAjHmHZ5aQewX+xH7QexH7Bc3BRLD78E+zDCEfjcWW4w4N7BdjeHVRz5ug5x5xGQX2xZiv9iP2A9iP0LZDMNjs2b3Gz1vfokVhtCPY1meETdPbFdjeP6BD9ggZxyeWkHsF/sR+0HsR+yfcfz06Wd8p2b3Gw1jv5m3RpURS2qYFWrd/urj8Xe+yzY1iPgujPmGp1YQ+8V+xH4Q+xH7xX4zIg2xX/A3jJtPp4mgblx3uKFle7Juf9URT0rYphD7xX7EfhD7EfvFfpHEEPtnEsufxDIohuH3iuVOxhux7JrtybVA1eGGLWK/2I/YD2I/TvDFfrP7DfFwge3NTEUjw4gbU8/c/37HCcudtBm29wED3fSdGOcPT60g9ov9iP2QMvb/z2knTi3fKhb7fafjes3s/lVH/La7b3N/4sW9xsAjlu15bArIjg95uIl4/rAdjck4f8Q5h22Jzj4v9iP2g9iP2C/29/Jps/vF/g3EjEUv1jRGGrE9xpIwfp9uIHa8wWU7GlOcQxvnjTjfsC0h9ov9iP0g9iP2i/1m9xti/8Ji9rRIZ4wy89Ns/rys23/eeOmhj9iOXA+UHbYjxH6xH7EfxH6c3Iv9ZvcbYv/Ks/zNXjS2Oj7F/s/vMP+NQ+P08cT0AnXb0ZjiuzFOH55aAbEfsR/E/sF99cEP3bwwv0qlNRnFfmxzYn83sY+3tI+x1nHJ0g6WOzFuvYza9jO2+I6M04anVkDsR+wHsT95jKwUlcV+tpgZ6YJS7Bf9DZEf5019RizjZ/sZW8xON04bnloBsR+xH8R+sd9Fq9gvlhhiv+hvFAyaIn/95cCM40fsZ20/Y4vZ6cbxw1MrIPYj9oPYL/aLrmK/2f1m94v9g7580xIdxrEjbhTF782a/H0Yxw+/D+v2V77Ja/uxvNt1ujz5IfYj9oPYL/aL/WbWmN3vClHsH/ZF0vH5me1vXHe8icATN4j8Zqzbb1w/3rjxku0mCce944enVtg3ujzxJ/Yj9oPYL/YLrosMJ5xm9xti/9wzHeOl7AKIIfDjZvVpI/ahtpscYh9nHDc8tYLYL/Yj9oPYL/a7YBX7EUzE/qThPz7XmKVq9JmRHKHSOvxY7uT04QZZrnfYGMcdI2w3iP1iP2I/iP1iv9gq9mN2v9hfYNuNgBUhWPyvF/fju43v2LbOVRy7nJtVXcbOOHx4agWxX+xH7AexX+wX+11QYna/2F9UXMy99NBHbi6D4AbA+COO5fFdxXdm5j7H+tGjj/kRHfg7s71Yt7/q8NQKYr/Yj9gPYr/YL7SK/ZjdL/Y3W+4jLvLi+4iwHMcP2/t6Iz7rXdSP7yC+C+srM4e4SWTsH/E52V6s2191eAIMsV/sR+wHsV/sH3Imavy9VTjhzClmRlXaDkdgpnKeGwERwy7eDPBUwPExP1zc9m3/rLHciWPNfm6u5X0/DdeL9xvYXhD7xX7EfhD7xX4AOPqGwMWbAhdvDOxUeVrgYrwPsR7yxbCy+yzMpgQAxH6xH8R+EPvFfgDavEPgMhHN154BGU/vXPZvEe0BALFf7AexH8R+sR8AAAAQ+8V+EPvhlNj/W9NOvIN9sf8nU+zv8lkAAAAAd9s3Pj/F/g6fg9iP2A9iv9gPAAAAiP1iP4j9IPaL/QAAAIDYL/aD2A9iv9gPAAAAiP1iP4j9iP1iPwAAACD2i/1iP2I/iP1iPwAAACD2i/0g9oPYL/YDAAAAYr/YD2I/Yr/YL/YDAAAAYr/YD2I/Yr/YDwAAAIj9Yr/Yj9gPYr/YDwAAAIj9Yj+I/SD2i/0AAACA2C/2g9iP2C/2i/0AAACA2C/2g9iP2C/2AwAAAGK/2C/2I/aD2C/2AwAAAGK/2A9iP4j9Yj8AAAAg9ov9IPYj9ov9Yj8AAAAg9ov9IPYj9ov9AAAAgNgv9ov9iP0g9ov9AAAAgNgv9oPYD2K/2A8AAACI/WI/iP2I/f84/se0E+/gmwfE/i6fBQAAAHC3fePpKfZ3+ByeFvsR+0HsF/sBAAAAsV/sB7EfxH6xHwAAABD7xX4Q+xH7xX6xHwAAABD7xX4Q+xH7xX4AAABA7Bf7xX7EfhD7xX4AAABA7Bf7QewHsV/sBwAAAMR+sR/EfsR+sV/sBwAAAMR+sR/EfsR+sR8AAAAQ+8V+sR+xH8R+sR8AAAAQ+8V+EPtB7Bf7AQAAALFf7AexH7Ff7Bf7AQAAALFf7AexH7Ff7AcAAADEfrFf7EfsB7Ff7AcAAADEfrEfxH4Q+8V+AAAAQOwX+0HsR+wX+8V+AAAAQOwX+0HsR+wX+wEAAACxX+wX+xH7Qezfwu/f8+6bB+WrfPbe+5zYAAAAgNgv9ov9iP2QM/b/92knDgAAANDdvvG5KfZ3+Bw+J/Yj9oPYDwAAACD2i/0g9oPYDwAAALBN5J5i/nV++53vEvvFfsR+EPsBAAAAEPtB7AexHwAAAACxH8R+xH6xHwAAAACxH8R+xH4AAAAAxH6xH7EfxH4AAAAAxH4Q+0HsBwAAAEDsB7EfsV/sBwAAAEDsB7EfsR8AAAAAsV/sR+wHsR8AAAAAsR/EfhD7AQAAABD7QexH7HcQAwAAAEDsR+wHsR8AAAAAsV+bQ+wHsX+FA9X973/rmx/92JW+/OCHHNABAAAAsV/sR+wHsX9kEfSvGz95+hkHdAAAAEDsF/sR+0HsF/sBAAAAxH4Q+2GD2P/fpp14B984IPZ3+SwAAACAy9vBdX73nne3+ByeEvsR+0HsF/sBAACArPaNeB+g2C/2I/aD2C/2AwAAAGK/2A9iP4j9Yj8AAAAg9ov9IPYj9ov9Yj8AAAAg9ov9IPYj9ov9AAAAgNgv9ov9iP0g9ov9AAAAgNgv9oPYD2K/2A8AAACI/WI/iP2I/WK/2A8AAACI/WI/iP2I/WI/AAAAIPaL/WI/Yj+I/WI/AAAAIPaL/SD2g9gv9gMAAABiv9gPYj9iv9gv9gMAAABiv9iP2A9iv9gPAAAAiP1iP4j9IPaL/QAAAIDYL/aD2A9iv9gPAAAAiP1iP4j9iP1ivxMbAAAAEPvFfrEfsR/EfrEfAAAAEPvFfhD7QewX+wEAAACxX+wHsR+x/7jxX6edeAeHxP4unwUAAABwt33jqSn2d/gcnhT7EftB7Bf7AQAAALFf7AexH8R+sR8AAAAQ+8V+EPsR+8V+sR8AAAAQ+8V+EPsR+8V+AAAAQOwX+8V+xH4Q+8V+AAAAQOwX+0HsB7Ff7AcAAADEfrEfxH7EfrFf7AcAAADEfrEfxH7EfrEfAAAAEPvFfrEfsR/EfrEfAAAAEPvFfhD7QewX+wEAAACxX+wHsR+xX+wX+wEAAACxX+wHsR+xX+wHAAAAxH6xX+xH7AexX+wHAAAAxH6xH8R+EPvFfgAAAEDsF/tB7EfsF/vFfgAAAEDsF/tB7EfsF/sBAAAAsV/sF/sR+0HsF/sBAAAAsV/sB7EfZoz9/2XaiXfwyp7Y/+Mp9nf5LAAAAIC77RtPTrG/w+cg9iP2g9gv9gMAAABiv9gPYj+I/WI/AAAAIPaL/SD2g9gv9gMAAABiv9gPYj9iv9gPAAAAiP1iv9iP2A9iv9gPAAAAiP1iP4j9IPaL/QAAAIDYL/aD2I/YL/aL/QAAAIDYL/aD2I/YL/YDAAAAYr/YL/Yj9oPYL/YDAAAAYr/YD2I/LB/7/1kLT97/vin4/+aVXnjwP7T5LAAAAIC77Y/97+vRUH7134j9iP0g9gMAAACI/WI/iP0g9gMAAACI/WI/iP2I/WI/AAAAwLGuW/43PHbPL4v9Yj9iP4j9AAAAAIj9IPaD2A8AAACA2A9iP2K/2A8AAACA2A9iP2I/AAAAAGK/2I/YD2I/AAAAAGI/iP0wa+z/z9NOHAAAAADCE2I/Yj+I/QAAAACI/SD2g9gPAAAAgNgPYj9iv9gPAAAAgNgPYj9iPwAAAABiv9iP2A9iPwAAAABiP4j9IPYDAAAAIPaD2I/YL/Zf9Dv3/PJbT9z/vit9+t77HNABAAAAsV/sR+wHsX9kr3z0N6/9HH789DMO6AAAAIDYL/Yj9oPYL/YDAAAAiP0g9oPYL/YDAAAA20Tua5b/Db/1zneJ/WI/Yj+I/WI/AAAAMLJ9I4K/2C/2I/aD2C/2AwAAAGK/2A9iP4j9Yj8AAAAg9ov9IPYj9ov9Yj8AAAAg9ov9IPbz/9m7lyC5intf1LO7h2ZyvYfqAWJKD7Y9VQ/EWB2BGKsjxFwdiLkqrOk5V32ls582ViP8wtioJWMeBlvV8gO/MC1swPYGVMK8jl+0JQ/Mmayz/qLbFlI/alVXZeaq9WXEF8cO0PGO7FZV5m9l/pawX9gPAAAACPuF/cJ+hP0g7Bf2AwAAAMJ+YT8I+0HYL+wHAAAAhP3CfhD2I+z/+/hy/SHeBa8MEfZ3ZS4AAACAOw0T9ndhHp4X9iPsB2G/sB8AAAAQ9gv7QdgPwv5sYf//WV+3sAEAAABhv7Bf2I+wH4T9JYsv5N3G07OftbgBAACADopMQNgv7EfYD8L+FliZuWfXuXhp8WELHAAAAOig3RoBYjxx1z8L+4X9CPuh3LD/6Xs/05kv7r8Oru04F39eu2KBAwAAAB0UmcBOIzKFrsyFsB9hP7Q07I8P8K58Wb25/Niu8xE3ACxyAAAAoDuGaQP49dIZYb+wH2E/CPtLsTr/wK7zEdf2LHQAAACgOyLI321EptCV+XjxyFFhP8J+aGPY//NjxzvzZRXdev9nfd21PAAAAODvdssK4p93aT5eOXFS2I+wH9oY9scHeJe+sIap8unS03oAAADoshcXHtw1J4gsoUtz8vqp08J+hP3QxrD/zbPnOvWFNUyVz//uX7bgAQAAgA6IG/67jadnP9upOfng0qqwH2E/tDHsjw9wX+R3jhfm7rPoAQAAgCkWe//dRhfrfv/88pqwH2E/tDHs/+jDDzv3pfXS4sNO9wMAAEDHxd5/txE1P12blxGHsB9hP+QO+2N8/VOf7tSX1jAv6nW6HwAAAKbXMDW/kR1EhtCleXn63s8I+xH2Q5vD/ucPHOzcl/owL+p1uh8AAACm0zAVv6/0TnZuXl48clTYj7Af2hz2v3Kie19eKzP3DDU38aTfIggAAACmR4T4TvVv7fVTp4X9CPuhzWH/785f6OSX+zCn++NJfxe/3AEAAGBaD/8NU+3bxVP94YNLq8J+hP3Q5rD/r1cHnf2CH2b8eumMBREAAABMgWFeytvVU/1hD0PYj7Afxmx+1E/k8/v2V1+qP9S75vU6yB+2zqeL8wMAAABdywDiVH8X5+fbo7+cV9iPsB8mYG7UT+Qf1S9g6eIX2dfrJ/XDXN+Lf+fbs5+1OAIAAIApDvqjzrerc/TzY8eF/Qj7YRrC/jfPnuvul9niw8M/FFl40CIJAAAAWnTIb5jqns3x/Nx9nZ2rt+t3Ou5hzMrlEPbDeM2O+okcvf1d/vJv8sUfL/a1YAIAAIDCa2nqG/pxUn/YEaf/uzxfH3344V7Cfrkcwn6YgJFHV3v7w/n6Zb3D1Plsjj+vXbl5OsDiCQAAAMoTN/Ob7PPjoUCX9/nfOXCw2uOQySHsh5LC/uhm6/pCoMnQ4w8AAADlGbaf3/7+ljk7dXovkdKaPA5hP0xGf9RP5uhm6/qCICp6mi4I9PgDAABAfk37+b2f7x/+/PLaXsL+vjwOYT9MxspePp0f/9SnBf4NA3+9fgAAAJBX037+zQN8q/MPdH7uotZ5j2NJHoewHyajt5dP5x8dOWqRUHuld7Lx3MXpAT3+AAAAkFbTfv7Njn7VvB+LWuc9jp48DmE/TMbCXj6dVfn8Qzzdt1gAAACAcjXt53dYb+wVPjHm5HEI+2EyZvf6Ca3K55PXAP+8dqXxNcDn5+4zfwAAADAho/bzq+Ede4VPjBl5HMJ+mJw9DVU+dy4gfrdycej5i4cDTggAAADA5A7mjdLP70W8d7py4uReY6R1ORzCfpisPd2/+uDSqi+8Ea8GxuLh/Mw95gsAAAAmpGnQr3J3h7m8Othr2N+XwyHsh8la3usndVzj8qV3p91e+qO+BwAAACa/N9fPv3ffOXBwHBU+Xs6LsB9KfklvjLjG5Yuv2XXBny8+bH4AAACgkNv3+vl39ubZc+MI++flcAj7ofCX9MY1Ll9827v9RUBvLj9mXgAAACCh7V7Qq59/d49/6tPVRx9+OI6w/y45HMJ+mLz1PZeuHTrsC3C3p+B1yO+FvAAAAJDnIF7syfXzj1CFdOToOIL+Nfkbwn5IY2Wvn9he1AsAAACULIL9zXfr6ecf3hhezBtjSf6GsB/SWBzHp7YX9QIAAAAlW51/QD9/A2N6Ma++foT9kNDMOD6136hf1vJY/UUAAAAAQPtFk8OYhr5+hP2Q0FjuZH2tfmmLL0MAAACAdnuybnAY0+jL3RD2Q1pL4/j0vnLipC/ECfvRwoM3Xyr0eN0taD4AAACASYgGhzGNRbkbwn5Ia34cn94fffih0/0T9NQtLxP66+Dazf9uXgAAAJh2ceDNobdWnuqPMSt3Q9gP6a073V/2wiYC/ltHBP9x0t/8AAAAMK3Oz9xz84a7W+6tPNU/kLch7Ic8lp3uL1csarYbry+dMUcAAABMne/M3ff3G+4x3l65aF7adap/Sd6GsB9aXOXjdP/4vbn82K5z/kH/shMOAAAATI2fLT68debQkzm05FS/Ch+E/TANVT5O949P1PQMO+L0vx5/AAAA2iwOsu126K0//4C5Kv9UvwofhP0wDVU+Tvenqe/ZasT1RoseAAAA2mizn3+Yva/DbuP39vkL4wz7e3I2hP2Q19y4PtHjdH88EfZlufcTDVHR0/hhi2uNAAAAtMjt/fzD3G5XZzvG+T9wsBrzmJGzIeyH/Abj+lSPnjdfmOMRL+FtOuLao4UPAAAApduun1/Yn84Hl1bHGfSvydcQ9kMZeuP8dI8nw740xyP6+5uccthc/MQ1SPMHAABAibfZd+vn3+5wm/kbnx8eOTruU/0L8jWE/VCGmXF+useTYV+c4xOdhH8dXGvc4x/XIc0fAAAApRi2n//2EbcAzN/4fO1Tn75ZxTzGEacU75KvIeyHcqyM81P+Z8eO+wId88kHCyIAAADaqmk/v4Nsk/P6qdPjPtW/LFdD2A9lmR/np3w8IY4nxb5Ex8tVRwAAANpm1H5+FbUTaA+49zPVBMasXA1hP0zxi3pjvH3+gi/SCYgefy8xAgAAYJoPrdnDTsafX14bd9Dfl6ch7IcyLY77E9/Leif0JL7u8R/l+mP8OfMHAADApKmjLc+VEycncap/Xp6GsB/KdNfGS1XGNm5cHajzKWzhFDcDzB8AAAClHVDTz9+6+p6BLA1hP5StN+5P/qjzOVd/sTB+X6sD/zdGuBIZf8b8AQAAMG4/HLF69sm6n9/8Tc6fxl/fE2NBjoawH8o2M4lP/0uHDvtynaBRXnb0Qf/yzYcF5g8AAIBxGPUwmr3pZL126vQkop71jYYIWRrCfijc8ri/AT768MPqm/v2+5KdoOfq645Nr0n+dXDt5vVK8wcAAMBebp2P2s9v/iacFdTvUpzQ6MnPEPZDh0/3x5UxX7STFcF90wVWPCCIa5bmDwAAgFH2oaP088eBNfM3WV+t36EYhy+d6gdhPyxP4tsgro75wp38iYq3Vy42/tm8vnTG/AEAADA0/fxlm1BPv1P9CPvB6f5/jB8eOepLN4ErvZPNX6ZcPyTQlQgAAMBuRunnt+dMZ0I9/U71I+wHp/vv7O//1r2f8eWbwKX5Bxpfp4xTFnr8AQAA2O42+Sj9/HEgzfwlunFRH7Kc4HCqH2E/tPh0//okvhluXB3c7I7zJZymPzFexNu0PzEeFJg/AAAAbt1fjtLPb3+ZThyunOAYONWPsB/arTepb4jojhP4pzt58UH/cuOf0c8WHzZ/AAAA3Oznd3O8/KB/Qi/k3RwLcjKE/dBud03qdP/Nvr7zF3whJxQv4W06oodRpyIAAIC9pH7+csVhygkH/WsyMoT9MB0WJvlt8cbZc76YW3Aa48mZe8wfAACAW+L6+QsM+qM9YcJjTj6GsB+mx5rAX8/ic3P3mT8AAICO7Bu9/03QvzFW5GII+2G6zE36m0Pgn/6ERpzYbzriZoD5AwAAcCNcP38ngv74RZiRiyHsh+mzLPCfPtHJP0qPv7kDAACYPvr52yFexnvj6qBKMHryMIT9JgEv693TS3vj6bQv77SnNpqOOLVhMQcAADA9t7/187cn6J/wy3i9lBeE/XTEYopvk7iGJvBP38fY9Jpm9DeaOwAAgPbvB/Xzt+Sw3pGjVcLhpbwg7KcD+im+UeIpdTyt9mWezpMz9zTq8dfHCAAA0P6b3qMc/LIfTO+1U6dTBv1L8i8Q9tMNMynqfP7+Qtj6qbUv9bRXN4fp8feiXgAAgPaLGp4mI6p+VLqmFc0HH1xaTRn0DzaqnGVgIOxHnc9kXtz7aP0FRzo/XXx425/Ha/ULm8wRAADAdIgX7A4z7AXTu5juRbzqe0DYjzqfdGOzx9+XfTrPzd1XfXTbdc44xWFuAAAApsdX65P6O1W6xr7wB/XtbnOV1g/qpoNEL+K9dfTkXSDsp5vuSlnnEyOeZsdTbV/66Xyr7mHcXPRFL2MsAs0LAADA9O39Ptqiuz/2gfHPzFFaifv5N8earAuE/XTbfOpvnniqHU+3ffmnPeURPf4WeAAAANPre/MP3HGz24GvxPvvutHg/bT9/JtjfeMdjbIuEPbTcUs5voXiKbeFAAAAAIzP2sYLe/Xzp5epn39zLMi3QNgPm9ZyfBPF0249/gAAADA+8f4285BWpn7+zbEk1wJhP2Tt77/1xb16/AEAAIBW3qY4cbLKOPT0g7AftjSb65spnn5/79Bhi4QW+ObMPeYBAACAzoumgrfPX8gZ9K9vHN6UaYGwH7a0kPVxdP003IKh7KD/o/X1my/79ZInAAAAuioaCqKpIHPQPyvHAmE/7GY557fVG2fP6fEv8cRCHe7/ee3K339O8Z+d8gcAABiPb81+9ubLdc1F+aKZIGM//+aYl1+BsB9aEfjH0/Fv7NtvEVGQOM1/R/1Sfco/FqTmBwAAYA/h8fwDN/dXN2+8C/yLlrmff3MsyK1A2A9NX9ib9T5aPCV/9sBBi4kC/HTx4R1/Vj9YeNA8AQAAjBIe9+4MjyP8NzeF3XbP38+/OZZkViDsh1YG/jF+euy4hUXmEyZD1S/VJ//NFwAAwPBVqVvdoHaLujwF9PNvjmVZFQj7ofWBf/T4W2Dk6YzcvEo6zIgefy/uBQAA2Fm8/+zWd6LZXxV8AK6Mfn5BPwj7YboC/3iK7sW9ZYf9TqAAAADs7Lm5+4beZ729ctGc5axYKqOfX9APwn6YzsA/nqbH9TmLjrJOnGwV+OvxBwAA+KTd3oe2ZbVt/WfMXeKKpXL6+QX9IOyH6Q78b74Q9shRC5BCuiR3Gq8tnTF/AACAPdWIeyrvRut0P3+MRVkUCPth0oH/cgnfeHr823EK5YP+ZT2TAACA29JND7m5LZ3cswcOltLPH2NBBgXCfkhlqYRvvvcvrerxT+x78w807vH/6+CaHn8AAEA/v/eglXu47djxUkL++IWZlTuBsB9SWyjhW/DG1cHNa3bL9ZczaVysF55/GqHHPx4UmD8AAKALRrkZHfusr9Q3o81fOl+pDxD+d90cUMiI/qAZeRMI+yGX2Y2nztlf3Pv9usffQiXhgqhegL69crH5yqV30vwBAABTvVcatZ9f0J/WN/btL6mff3mjOlnWBMJ+yN7j3y/hm/HVU6ctWBKLl/A2HfGQwCIWAACYuvC47uf/0wj9/HELwPyl9Yx+fhD2A+X3+F87f+HmNTyLl3TixVFNeyhjARwLYfMHAABMg2dH7OePP2f+0vqJfn4Q9gND9/hnr/WJa3h6/NP3+N+oX8RrYQsAAHTxANQo/fwOQHW+n19tDwj7oRU9/oMSevy/e+iwBU3ibsoP+pddWQUAADpDP79+/hHGkuwIhP2gx3+EEdfzLGwsdgEAAMZ92Ek/v37+EWp79PODsB/0+O9lxDU9Pf7tuMYq8AcAANpQY6qfXz9/wzHQzw/CftDjP8Ye/7i2Z7FT/gI4/pz5AwAA9PMzJf38ff38IOwHPf4T6PGP63sWPuVfbY0FtPkDAABUljJK0F9QP39PJgTCftDjP8Hx/SNHLYBasig2dwAAgH5+hr5hfu9nSurnn5cFgbAfpl2vlB5/C6G0YqGrxx8AANDPzyTEwb5Cxpp+fhD2Q5fMl9Lj78W9acWCt+lC+cbgmh5/AACgNf389i/pFdTPv6KfH4T90NUe/+wlenG9L675WRylEy+manoFNh4Q6PEHAABKriJ9e+Wim8nd7udflPWAsB+63uO/ose/m52XoyyeX1s6Y/4AAIDi+vnXeifNX7f7+edkPCDsBwrq8X/11GkLpsRiQdx0fNC/7LQMAABQTD//9+YfMH/d7uefkeuAsB8osMf//UurevwTi4Vx0wW1HkwAAGDc/fz2Jfr5G45l/fwg7AcK7/G/cXWgxz/DCZpRevydoAEAAPYq6kL18+vnbzgWZDgg7Ada0uMfvX96/NN3Y0ZFj25MAADAHoSC+/lnZTcg7Ada2OP/8gmLuDacqomX/TpVAwAANLldfGNwze1i/fxN+/nV9oCwH2hzj/+18xeqL9fXBc/WiwzS+P4IfZnfrRfd5g4AAJjEfiNqRy/UDwjMX1oF9fMvyWhA2A/s3UwJPf7RC3ihvjZosZXOhQYnbV6ur9GaMwAAYDdxSKjxAbC6n//L9U1i85dOHLh7/9JqKbU9+vlB2A+Mucd/uYQe/2cOHLTwSrnAqxfUu72497/rCh9zBQAAjGuP4WBR5oNf9UG7G1cHJQT9A/38IOwHJmexhG/7nxw7bgGW+upmHehvd5XWCRsAAKCJJ2bu2bXGJ/551P2Yr8QVS3U/fyEv4u3r5wdhPzB5cyX0+EdvoB7/9L2aty++Y5FubgAAgKaembtv2/1e1Inq50/v1VOnS+nn78leQNgPdLDH/4l9+y3KEvf4b57AicW5OQEAAEb1k8WH79jnvd+/7PZwt/v552UuIOwHOtzj78W96Ts246Va5gIAABhnZeirS2fMSXf7+df084OwH9Djf3NEr6CFGgAAQPsOE8Vpfv38ne7nX9HPD8J+QI//HT3+FmwAAADQmn7+RZkKCPsBPf7b9vh7cS8AAAAU388/J0sBYT9QNj3+6P4HAADQz79TP/+M/ASE/UA7LJQQ+OvxL1v0cnoJFwAAtPsAj3nQz99wLOvnB2E/0D6zJfT4Rw+hhV2B/ZB1wH/ruLZy0UYBAABaJG7pfrS+7sW6LfDyiZOl9PMvyEpA2A+0110l9PhHH6Ee/4JOlNSbgS3ft7B2pbow+1lzBAAApYfHvX+ExxH4W8eX289/7fyFUvr5Z2UkIOwH9PiPZUQvoR7/Ajoi601AbAa2rV+q/5kefwAAKLe2J27l3rHfGlxzU7fAfv4/vbxWQtDfV9sDwn5Aj/9Eevy/e+iwhV/GjUFsAoYZcVLInAEAQFkHd+I27rY3qut3cpmnQiqW6n1vIf38S7IQwCSAHv+JjugrtABMb6eNwVbjv5cfczoIAAAK6uff9Z1p9bu5zJd+/o19v35+QNgPevzTjOgt1OOfvqt/mA3C7T3+T8zcY/4AACCTnyw+3GgN74W9ne/nH+jnB4T9oMc/+Yj+wif27bcwLKizf7se/2fm7jN/AACQuIYzbts2HU73d7qff0U/PyDsh273+Get9Ykew6cPHKy+WC+QSONL9aahaaXP5gkh8wcAAJP39fp2rTV7O7xQTj9/T8YBCPuB2Y1rflnHj48dt1BMbJRTQvFnzB0AAEzO0/Wt2lFu467Ut3jNX1q/KKeff162AQj7gVt7/Pu5Vyi/PXuu+lLdc2jRmE6c/Glcv1SfMIrbAeYPAADGq2k/v/V5ptvS5fTzr+nnB4T9wHaWSujxF/intTJij7+TQwAAML6qTTdvW7J/Kqeff1k/PyDsB1rR4x8LKAtJnaAAAGAtbi1eTMVS/b65Qvr5F2UXgLAfaFWP/+UjRy0oW3Ca6NWlM+YPAAD080+1eM9cIf38czILQNgPtLbH38Ky/J7Q9/uX9YQCAIB+/qns5499aSH9/DOyCkDYD+jxZ+InjG4MrjlhBAAAE+znF/Qnrljat7+kfn75BCDsB6ajx//G1YEe/9QvnqqD+6bdofGAQHcoAACMt58/bgGYv8728y/IJABhPzCJHv+sRxpioaXHP/2po2srFxv/rF7unTR/AABw22GaUfr549at+etsP/+sLAIQ9gOT7PFfyb3i+dWp0xagiUV433TEQwLXjAEA4J9u3n4dpZ8/bgKYv0728/c39t9yCEDYD0xcL/fK5/1Lq3r8M2xQmp5Eig2KHn8AALpMP79+/oZjSeYACPuB1OZz9/jHQkyPf/qrx/Ei3qZXj1+Yf8D8AQDQuUpM/fz6+RvW9ujnB4T9QLd7/F84dNgCNfGm5f3+ZZsWAADQz6+ffzxjoJ8fEPYDevw3xi9OeCFsaq8unXEdGQAA9PO3ViH9/Cv6+QFhP6DH/7YRCzU9/jYyAACgn58dbyvX+8ZC+vl7sgRA2A/o8d+hxz9erGQBW/4VZS/uBQBAP7+qy+T7l/q9b4X088/LEABhP6DHf4ge/3jBkoVs+ZubuBlg/gAA6OLhlxfmHzB/iV0+crSE0/xr+vkBYT/Qth7/5dwrqHjR0iP1go50fjvCteX4M+YOAIA2ujxireX5+gGB+Uu8Vymjn39ZPz8g7AfaarGEHn8L23ZseB6rbweYPwAApvmgy7WVi9a9iT1WTj//oowAEPYDbTdXQo9/LPAsdNN5eu6+ka4yO+EEAEDx4fGIFZa/6J00f4mdL6eff042AAj7gWkxU0KPfyz0LHjTeXzmnsaboAj842aA+QMAoMjwuD6ccmNwbaR+fvOX+MZxOf38MzIBQNgP6PGfwIgFn4Vv2lNPo1xv/tXSGfMHAEBxdZVNb6/q5+98P78sABD2A3r89fhPlx8vPtzsZ+SlvQAAFCQOo+jn18/fYCzY+wPCfkCPf6Lx3qVVPf6JxdXlYU5Cxekn8wUAQEn1lE1P9Ovn73Q//6w9PyDsB/T4Jx43rg70+GfoON2pxz82UU4/AQBQmqfn7tPPr59/t9HfqK+13weE/YAe/xwjTn7o8U/f4x9XmrfaGOkzBQCg5M5+/fwFViydOl1C0L9kfw8I+wEK6fGPBaKFct7e09g8mRcAAEoW75bSz19OP3/UsxZQ26OfHxD2A9xmNneP/+D8BT3+GU5HxYn+CP7NBwAAbXB7LaW1bJ5+/qhlzTwG+vkBYT/AzrU+WXv8//Tymh7/DC88Mw8AALSpljIOrAS3U/P08xfwIt4V/fyAsB9gONl7/J8/dNhCGgAA2Ppked3Nr5+/s/38PXt2QNgP0MxC7hXcj48dt6AGAADQz7/Zzz9vrw4I+wFa2uP/27Pn9PgDAAB0u59/TT8/IOwHmJIe/8f37bfQLv1Kb/1iNFepAQBAP/+Yx7J+fkDYDzBlPf7fPnDQgrtQP158+O8/Ky9JAwBgOy/MP+CAiH7+JmPRXhwQ9gNMaY9/nCyx8C7L03P33Vm/tPyYuQEA4BN+0Tv58UGe9fXqsbv+2Zzo59+tn3/OHhwQ9gNMvsc/a2Fj9Ph/oV6Ekt/XZu65uVnbsn5p7Up1rt7EmScAgG6LNeFg5eIda0VzU54ny+nnn7H3BoT9AOl6/Ps5V39/rHv8z9UnTizI827aYpO207gxuHbzmrb5AgDoplgLbrdmjNug5qgczx86XEo/vz03IOwHyGApd49/nDyxMM8jNmdD/Zzqk/+rdY+/OQMA6Fh4XPfzb3cLdHNYJ5bhpRMnS+jnX7DHBoT9APl7/NdzrghX6x5/C/S0YlPWdPxq6Yy5AwDoiM1+/mGGm6AZb+vWt6UH5y+U0M8/a28NCPsB9Ph/HCSfOm2xXvAGbnO837+sxx8AoGP9/MPcBDV3efr5ox418+hv1MTaVwPCfgA9/v8Y711a1eNf4NXs20d0tjq9BQDQrX5+VT76+bcYS/bRgLAfQI//tuPG1YEe/xZs6uIBQTwoMH8AAN09BBL/vkMgneznX9fPDwj7AfT4D7dpqE+o6PFPf107KnqajqgCMn8AAO324uLDjdeBcVhEvWMn+/kH+vkBYT+AHv/GI06sWNSnFS/hbbzarztdbfQAANp54OO3y481Xv/FnzF/neznX9HPDwj7AfT4j35spD65osc/rehcHaXH/2sz95g/AICWiLWbfn79/A1Gz/4YEPYDTIdezlVlnGDR45++x//G4FrjztZvz91n/gAAChdrNv38+vkb9PPP2xMDwn6A6TKfu8c/TrRY8Ke91j3Kaa/ofDV/AAD6+Wl9P/+afn4AYT8w3T3+WYsiXzx23OI/MT2uAAD6+UlYsbRvfwn9/Mv6+QGE/UA3evxXcq46f3v2nB7/DD3+ToABAOjnZ7KeOnCwhH7+RfteAGE/oMc/aY9/nHixIUjb46/bFQBAPz8TqliqbzEX0M8/Z68LIOwH9Phn6fH34t529Pg7FQYA0J5+/rgJYP7S9vPH7eUC+vnV9gAI+wE9/nl7/FePHLVJ0PcKAMAY1mtqGDvbz29vCyDsByinx99mofyTYu/3L9tAAgAU2M8fazvz18l+/gX7WQBhP0CRPf5e3Ft+B+yNwTUdsAAABb1jKdZ05q9z/fyDjVva9rEAwn6Abc3l7vH/Zt3j//l6AU0ao5wei01l9PibPwCA8Yi11aj9/OYvnUfrw0m/yd/P39fPDyDsBxjWTM4e/wj8+3WPv81Ewk1LXc0zWLnY+Gf1y6Uz5g8AYI9G7eePNZz5S+erZfTzL9mvAgj7AUbp8V/OuYr95anTNhWJvdQ72fz+cP2QwEYTAGC0Axej9vObv7QK6Odf188PIOwH2KvFnCva9y6t3rwqa4ORznfmH2jcFRub1CfrjlnzBwAwnCdH7Od/qu7nN39pFdDPv6afH0DYDzAVPf7Xrw70+GfYfMaLeJtuPuNBgfkDANDPPy0K6Odf0c8PIOwHmLoe/+8cOmzDkfha+Xv9y41/VlEFZP4AAPTzt/1FvAX08/fsQwGE/QBT2+P/0glBcmrxEl4bUgAA/fxdEbeKC+jnn7f/BBD2A0x9j//g/AU9/hmumo/S4++qOQDA6P38KhLT6x85WkI//4w9J4CwH6AzPf5xpVaPv5fIAQBMaz9/rL3MX+f6+Zf18wMI+wFy1vpk7fF/6sBBG5MWXD93Kg0A0M8/5C3WlYvqELvZz79ofwkg7AcoQdYe/xePHbdJKXjjGg8HbFgBgK55r3+58br2pZ73U3W0n3/OnhJA2A9QkoWcK+S4cqvHv7wr6VHj4wo6AGCtpJ9fP/+2/fxqewCE/QBFms3d4y/wL6vH36YVAHAbUj+/fv5t+/ntIQGE/QB6/Hfq8ffi3rS+NnPPlj3+rqEDAPzTju870s/f2X7+BftGAGE/gB7/IUdcybWZSfvi3ltPrsV/Ni8AAB+vk7a6CelgRCf7+Qcbt6HtFwGE/QB6/Jv2+NvUpPXi4sNeyAsAsEX1oX7+zvfz9/XzAwj7AfT46/EHAGAKXtirnz+PX546nTvoX7IvBBD2A+jxH8O4fnWgxx8AADrYz//epdWcIf+6fn4AYT/AtFrKtcqObs64uvtf9aIfAACYbnHYJw79ZBxr+vkBhP0AXejxz1brE1d4bX4AAGB6xSGfzC/iXdHPDyDsB+hSj3+2YzZxlXe5vtJrI1SueGndH+tO22/WnbbmAwCAYRXQz9+z3wMQ9gN0sce/n2sFHi/ujau9NkQFXrmuA/6P1j++/BH/bwT/5gUAyOWl3smbhxDMRdmWy+jnn7fPAxD2A+jxz9Tj/9yhwzZHJW3S7vrn6sbg2h0/qx8tPmx+AIDk65LBysW/r0d+s/yYedHPv1M//4y9HYCwH4DMPf4/P3HSJqkQ7/Uvb/tzig12bLrNEwCQ4qZhnOa/ffQXHjQ/+vlvH8v6+QGE/QAU1ON/9fwFPf65+1WXzuxev1Rvur86c4/5AgAm+u6gzUrBrYZ3Cunnv2Us2scBCPsBKLTH/yv79ts45TiRVZ+SG7p+qd5822QDAJPq5x9mLeLwgX7+2pz9G4CwH4DCe/y/deCgTVRB9T3bDdfoAYBJ9fMPc9tQvWC+fv44pJO5n19tD4CwH4AG5nP2+P/o2HGbqcSik7/p8KI8AGBS/fy7ne7/1tx95i+x5w4dLqGf314NQNgPwAhmN07OZBm/OXvOpqrgOh8n6wCASffzqxQsx89PnKwyjwX7MwBhPwB77/FfybWijyvCXtybVpySs+kGAEro53fIoIx+/qvnL+QM+Qcbh5DszQCE/QCMSS/X6j6uCkc3qM1WOvHSu1Gu0+vxBwDG3c+vPrDT/fz9Sj8/gLAfgOnr8e8fOWrTlXgjPkqP/y+Xzpg/AGBs/fw314EOFHSxn3/J/gtA2A+AHn/G6EeLDzf+Ob3Xv+yKPQCgKlA//ygjfkn08wMI+wFIJGuP/3uXVvX4t+DleTcG12zOAYCRDw/o5+9kP/9apZ8fQNgPQLd6/K9fHejxb8G1+3hAEA8KzB8AqAVsdJtTP38X+/lXKv38AMJ+ALrZ4x8donr82/FCvZd6J80fAHTMV2fu0c+vn3/Y0bOvAhD2A1CGmSpjj/8vT522SUsswvumIx4SuIoPAPr5d7oRqAKwk/388/ZTAMJ+AMrr8V/OtUuIbtGzdcfof9YbFtK4VJ+6a7qJj9N936g38eYPAKbXqP38Z+tDAeYvnVg7/+bsuZxB/9rGoSF7KQBhPwCFWsy1W4iO0W/UXaM2b+lEcB8v4m16ai9O+5k/AJiy8HgP/fzmL60v79ufu59/udLPDyDsB6AV5qqMPf7ROWoTl3Zj/17/cuOfVZz6M38AMB2+MmI/f9wUNH9pXTxwMHc//6L9EoCwHwA9/kOP6B61mUtr1JN8ruwDQLuN2s/vpl96Pzx2PGfIv75xKMheCUDYD0ALZe3xjw5SPf7pe/wb1y/p6AWAzvXzx00A89e5fn61PQDCfgCmQNYe/+gktclL2+M/yuk+L+4FgG7083vI38l+fnsiAGE/AFMka49/dJPa7KUNAPT2AoDv+VuH9/V0sp9/wT4IAJMAoMd/7OPSkaM2fS3p8Td3ADBdN/j083eun39Qm7X/AUDYD6DHf2Ijukpt/trR5euKPwBMx7t59PN3rp+/X+nnB0DYD9ApC7l2H9FZ6sW9acVpvqanAG8MrunxB4CW39bz8L5z/fxL9jkACPsBuimu9mbr8f/GvZ+xKUwoTvU17feNBwR6/AFAPz/F9/OvV/r5ARD2A6j1qfT4dyowGOVk4C+Xzpg/ANDPz3YVS/WaNuNYq/TzAyDsB+AW2Xr8Xzl12iYxsZ/3Tjb+Ob3Xv6wKAAD083N7xVLefv6VSj8/AMJ+AKqCevzfvbSqxz+x5+YfaHxaMEIEPf4AoJ+fj1/Em7mfv2f/AoCwH4Aie/yvXx3o8c9QD9C0Bzhe3GvuAKCcfv64sWf+Eq+h6jVr5n7+OfsWAIT9ABTd4x+bJj3+6YOFqysXh/4ZOdkPAJMR78hptG6qb+jFTT1z17l+/hn7FQCE/QC0psf/5yecUCsxYIj+YHMFAJMT78hRraeff5uxXOnnB0DYD8AeLOSq9bl6/oIe/wwvA9yuxz+6gM0RAEz+xl1U5u24Rqpv5Onn71w//6J9CQDCfgDG1eM/yLGriU3VE3Un6n/UmyzSeKI+JXj9tpAhTg+aGwBI91283cP36Oc3R4l/Hvn7+WftRwAQ9gMw7h7/fo4dTmyunj102GYzoS/e8oLACP7jv5sXAEgnbtt9Yj1Uh//P1v385iat7+Xv51fbA4CwH4CJWcq12/nhseM2nYm9Uvf4x+lCcwEAeb6HN2/Y+T5O79f5+/ntPQAQ9gMwvT3+sen6Yt2ZagMKAHTBDxcfdsMu9Q3HvP386xtrbXsOAIT9AHSjx//L+/bbjAIAME39/INKPz8Awn4AMsna4+/FvQAAjLOfP2PQ36/08wMg7AegANl6/GNTZnNavi/P3GMeAIBy349w6nSVcSzZTwAg7AdAj3/1cY+/TWrBvbd1z/BH6+vVe/3LOocB6IxLCw+ah5b08797aTVXyB9r53n7CACE/QDo8b9lRI+/F/eW6Y9rV/7+c7o+uFY9MftZ8wLAVD/kjgfcMeLluuak7H7+61ezLF1jrFX6+QEQ9gNQuOgaXcmxY9LjX57fLD9258+pPuXvtCMAUxke1w+048H2rePi3H3mRj//7WOl0s8PgLAfgBbp5Qr89fiXIU4z7jReWTpjngCYqtqeeKC91UNu767Rz3/L6NknACDsB6CN5qtMPf6xibOZzSdOMQ4zrq5c1OMPQOv9vHdy57rButLO951+/tqc/QEAwn4A2t7jv5ZjRxWbOT3+6cXpxa1ONu4UgOjxB6Ct/fzx4HqYEdV25qzT/fwz9gUACPsB0OO/hxGbOj3+6fuKb30p71D1S/XDgWfnHzB/AEz1950X9nayn3+50s8PgLAfgCmUrcf/2UOHbXYTn3R8r3+58c8qahDMHwCliwfUTW6x3TyAUL+41022zvXzL1r/AyDsB0CP/wTGz04IkpNvsOuX8DYdUXOg1xiAtvbzbzXiAbjvts71889a9wMg7AdAj/8Ex9XzF/T4J3Zp4cHGpx+jFiG6/80fAG3s5791xINv85e+n/+PL2dZalYba1y1PQAI+wHQ459ixOZPj3/6XuOmgX/8+xfn7jN/ALT2fTTxwNv8Ja5YqqsbM/fzW+cDIOwHoLMWc+zE/lZvAi8cOFj9e70pJI04Edk0KInxvTooMX8A5DJKP3/8+/GAwPylFZWNGWt7FqzrARD2A0BVzVWZevx/cOy4zXFiv647+ZuO+DPmDoDk4fEI/fzxYDsecJu/dB6pKxrfqqsaM41BpZ8fAGE/AHzCTJWpx//XZ8/d3CTaLKcTp/WFJwCUfBttlH5+D6fT+3pdzfiHfP38/Uo/PwDCfgDYtsd/OcdOLTaJAv+0Ru3xV4sAwCR9qX5BvNq5dnim7uf/W75+/iVrdwCE/QBQcI9/nA6zeRaoANBNF+oXw3sQrZ9/lxG/IPPW6wAI+wGgBT3+3zty1CY6cVXCKD3+ryydMX8AjM0PFx9WMaeff7cRfUH6+QEQ9gPACLL2+NtQlx+yvNu/LGQBIMtDZ/38nevnX6n08wMg7AcAPf5Mrj7h+uCa+gQA1Mnp55/k6FmTAyDsB4CW9/hfvzrQ45/hxb1Ng5d4QCB4AUA/v37+MY/1jWpJa3EAhP0AMGazVYYe/zhFpsc/faXC1ZWLjX9WP+udNH8A6Oefon7+qFbMNNY2KiWtwQEQ9gPABGt9spS1Xjl12sY79Um+XvOTfPGQQBgDgH7+llcs7dufs59/udLPD4CwHwCSydLj/+6lVT3+iT07/0DjmoU4falmAQD9/C2tWDpwMGc//6J1NgDCfgBIbyHHDjBOmenxT9/jHy/ibTLiAUE8KDB/AIzazx9/zvyl9YNjx3OF/OsblZHW2AAI+wEgk2w9/s8cOmxTnrh64d3+5cY/q+hlNn8A+vmb3hCLmwDmr1P9/Gp7ABD2A0ABsvX4/+yEF8Km9srSmcY/p+ha1uMP0D2j9vP7zuhcP7/1NADCfgAoTJYe/7fOX9Djn1j0JzulCcBOt8FG6ed3G6xT/fzrG5WQ1tAACPsBoFDZevzjVJpNe9oef/3LAPh+0M8/whhU+vkBEPYDgB7/7UacSovTaTbv5Z/cjJsB5g/AzS83vzrZz9+v9PMDIOwHgNb1+Pdz7CDjlJqNfDs6mc0dgO8C/fyd6udfskYGQNgPAO21lGMn+Xp9Wu3f6g0t6Yx6mvOROuQxfwDt9ciIt7x+UPfzm7+0VvL2889bFwMg7AeA6ejxT17rE6fWvlBfU7e5Txgi1H3LTXuan5l/wNwBtNRjdf3OKP388X1h/tL67pGjuU7zr1X6+QEQ9psEAKaux3+QencZp9cev/czNvmJg59hT3j+rHfSnAG0/FT/9cG1Rje64nvC3KX1er5+/pVKPz8ACPsB0OM/zhGn2Wz204Y/u3U3v7Vy0VwBTIGvz352qNP98bmvui2tuOGYsZ+/Z+0LAMJ+APT4T2To8U8v+pi3O9kp8AGYHlHJ5iZXWeJmY8Z+/jnrXQAQ9gOgx3+i491Lq3r8MwRAt574jP8cp0DNDcB0iUD/9hGf+d7N0rl+/hnrXAAQ9gOgxz/JuH51oMc/Q8XDZo+/0AdgekVVz623uDzc7VQ//3Klnx8AhP0A6PFPvRuNa+16/NP3+Av6Aab/sz5Cfv38nevnX7SmBQBhPwBs6uXYmV45dVpAAABj9NjMPeahW/38s9axACDsB4DbzVcZevzfOn9Bjz8AoJ+/2VhT2wMAwn4A2K3HP/kd9Lj2rscfANDPP9RYtmYFAGE/AAzb47+Setca19+fOXRYeNCCPujvLTxoLgDQz5+ntmfBWhUAhP0A0Ioe/5+eOClIKFi89DHGr5cf8/JHgDE+SH23f9mL1FvSz3/96iDHEmlQ6ecHAGE/AOxBlh7/uBavx788P+ud/MTP6Y9rV7wIEmCPvj772er64NrNz9WP1tdv/nfzUm4/f6YX8fYr/fwAIOwHgDHI1uP/2L79woVCxGnTrYZgCmB0UYsWn6O3P0h1c6o8V06drjKNnrUoAAj7AWAqevxXDhwUMhRw6vT2MOr2occfoGF4vHRm28/UqEwzR+X08797aTVHyL++ccPSOhQAhP0AMD09/j84dlzgkLFHerNeYrcRPf7mDGC4fv7dRlSnma/O9vOvVfr5AUDYDwAJZOvxFzykN0wgpX4CoHk//zDDC3s72c+/UunnBwBhPwAkNFNl6vH/fH2d/l/rTThprMzdt2uFz+0jgqzH60DL/AH8w9N1cN/08/QP9QNUc5feWr5+/kVrTAAQ9gNArh7/5dS74DhlF9fqhRHpnJu552bg1GREoPXdusff/AH8U/XTupKn6YibVV+ob0qZv3TiQME7+fr556wtAUDYDwC5LebYFb9QX68XTKQTgVN08jcd8QJK8wd0+bMzXrbrs7N8mfv5Z6wnAUDYDwClmKsy9PjHNXsBhdOpAEWGx3WdmVtR7fBCvn7+5Uo/PwAI+wGgQFl6/OO6vR7/dvRO6/EHfE5uP7zvpHP9/AvWjgAg7AcAPf63ByT1tXs9/u04sRoBmPkD3IByA6qEfv63zl/IEfLHU6BZa0YAEPYDgB7/bUZcv9fj344u6gjCzB/gM/HjoZ8/Tz//H15Ofhmx2rgBqbYHAIT9AKDHf6gg+YQgObUIqpqOCMScYgW6fNsphn7+DBVLhw7n6udfsjYEAGE/AOjxbxok19fyP/+p/7fe1P8/JBKB1Sg9/udm9ps/oNWenj/c+PMv/v3HZz9j/hL76YnP5art0c8PAMJ+AJgayXv843r+4/f+i3AjoQiu4gWTTQOvlbmD5g9oZ3g8Qj9/POj8wl2fNn8JxQGATP38g0o/PwAI+wFgCi2k3mHHNf2nD90v6EgoAqxRqix+sHjc/AGt+qwbpZ//18vnzF/qB9H1g/9M/fz9Sj8/AAj7AWCKzVYZevy/f+whgUdiEWiNEoI57QqULurHRu/nN39JK5bqB/6Z+vl71nwAIOwHgC6IU27Jj9i9fvZRPf4ZevzVWwDTJGrH9PPr599hxC/HvLUeAAj7AUCP/4RHXOM/t+9uIUjiHn/BGDANom7MA0z9/DuMtUo/PwAI+wGgw7L0+J8/4IWwbejxV3kBlPIZNmo1mfnrTD//SqWfHwCE/QBAnh7/F44cFYwIywD08+vn3+tYtJYDAGE/AFBAj7+ApPwajHf7q2owAP38bOv7xx7KEfLHL8ecNRwACPsBgK0tpd6px3V/L+4tP0C7PrgmQAP083NHP388uM8w4oDCjHUbAAj7AYDde/yT1vrEtf+v1T2//6sODkjj0RGqMeIBwQt1NYb5Aybl83VY//oIlWPxZ8xf4u+RfXfn6udfrvTzA4CwHwBo1OM/SB34R4+/ACVtqPbWysXmxymXzpg/oIiHkDG+X98CMH9pPXngYK5+/gVrNAAQ9gMAo/X495Pfyz91WpCS2E97Jxv/nOIhQTwsMH/AOJwfsZ8//pz5SytjP/+stRkACPsBgJb1+L9zabX6r7oHWKiSztPzhxsHbXEC92t1j7/5A/YUHo/Yzx83AcxfOv+Vt59fbQ8ACPsBgDFJ3uN//epAj39iEdyP0uMfDwrMHzCKUfv53SzqTD//kjUYAAj7AYAp6fH/9qH7BS2Je/zf7a82/llFFZD5A5p81ujn18+/S22Pfn4AEPYDABOUpcf/Jyc+J3BJLF7CO8ppW3MHDHOLSD+/fv4dxqDSzw8Awn4AYHp7/N88f0GPf2IvLDzYKJAT9gPDGOX9IPr5O9PP36/08wOAsB8AmP4e/+gL1uNf5gncCON0aAPDvhC8yUNEny2d6efvWVsBgLAfAMjb4580EYje4OgPFsiU060dDwOEcUAT8Z6P3YZ+/gwPeOsH6pn6+eetqQBA2A8AlNHjv5I6GYgeYcFMWnHCdqsRp//ND9DUWysXt32AqJ8/Q3XbkaM5TvOvVfr5AUDYDwAUp5c6IYg+YT3+6Xv8bx3x380LMK5bQ/r5Mz3MzdPPv1Lp5wcAYT8AUKz5KkOPf/QLC2vS9/h7IS8wzveCxEl/lWDpX8SbqZ9/0ZoJAIT9AIAe/ztG9At7cW/iFzg6eQuM8YW90eFvLjrTzz9nrQQAwn4AQI//jiP6hgU4AFBsP/+MNRIACPsBAD3+Q43oHRbkAEBR/fzLlX5+ABD2AwB6/JuO6B/24l4AKKKff8FaCACE/QCAHv+Rx/WrAz3+LbC2dKZ6YeFBcwEtFC/T9f4O/fw7jPWN73/rIAAQ9psEAJgyd21c4082ItjQ419wZ3Qd8m8OL+eEloXHs5+prg+uVX9Yu3Iz9Dcn+vlvG2tqewAAYT8ATL/F5InDqdPVmTrwoBxfrYPC28dbKxer/6pDQ/MDZYsHdR+tr3/i7655KdNrefr5l6x1AABhPwB0x1yVuMf/nUur1X/WfcXCn/wi0L81KLx1xCnheBBgnqBMUb211fhJfTvH/JTjP/P088cHu35+AEDYDwAdNFMl7vGP4OOrdW+xIChv0B+B/k4jHgR8e/6w+YLC/u6+01/d8e9unPg3VwXcnKq/5/5Sv7cm8Yj/Qf38AICwHwA6LEuP/1OH7hcIZfL68rmhf1aXF4+bMyikdiv6+Xcb8aDOzZy8nq/7+TO8iLdf6ecHAIT9AMCG5D3+PznxOcFQAT39u414OKDHH8rp599txEMBf2czVSzV76fJMHrWMACAsB8AuN1clbjH/83zF/T4Fx4c3qxfqmt/Hp3Zb/6gkH7+nUZU/Qj70/fzx3tpEo/4IJ+3dgEAhP0AwHZmqgw9/sv77hYYJT7h3zTwj3//ybmD5g8K6effasTDAfPXiX7++J7Wzw8ACPsBgF1l6fF/8oAgubQX9W41vAAUJv8wrunfzXgY5+9mZ/r5Vyr9/ACAsB8AaCh5j//lYw8JkAp+Ye/miD9j7mD8vj1/uPGtm+jo91LezvTzL1qbAADCfgBgVFETkLTH/7Wzj+rxz9Dj33TEyWO94DA+P+mdbPz3UD9/p/r556xJAABhPwAwjlqf5D3+Av+0oo9/lB5/J4ph75Vab61cbPw5qZ+/U/38M9YiAICwHwAYp+WU6Ub0IEewImBK59GZ/brCQT8/5fTzL1f6+QEAYT8AMCELqZOOCFgETWlPGY/S4++UMejn188/1rFgzQEACPsBgEnL0uMvcErr8uLxxj8n/eGgn3/a+vnfPH8hdci/vvE9a70BAAj7AYAkkvf4xwsR9fg7eQxd7OeP2zbmL30/f7w/JvHoV2p7AABhPwCQyXLKFCRejKjHvx2d4vGgwPzB3v4uxdDPn95Th+7P0c+/ZE0BAAj7AYDcFlKmIRHA6PFvx2nkqCoxfzDaLZn4992SyVCxdOJzqUP+9Uo/PwAg7AcAChL9woOU6Ui8MFEwVX7PeDwk0DOOvzfNRtwA8PemE/38g0o/PwAg7AcAChQ9w/2UKUkEM/9RBzSn66CGNJ6vK0WanlCO4DJOKJs/uuQ/67D+tbprv+mIP2P+0vpKXQ/3+/T9/CuVfn4AQNgPABRuKWVaEgFNBDUCq3QiuI8X8TatJPnm3EHzRycsz+wfqZ8/HqaZv7Qy9fP3rBUAAGE/ANAWC9XHPcRJRgQ1EdgIrtKeWn6nv9r4Z3V58bj5Y6rFQ61R+/nNX1o/ztPPP2+NAAAI+wGAtkne4x/BjQArrbWlMyPVlMTDAvPHtImHWU1H3ADw9yGt/8jTz79W6ecHAIT9AECLJe/xf+3so3r8M/T4jxJwRtWJ+UM/v/nrQD//cqWfHwAQ9gMAUyJ5j//ZfXcLthL3+KsuQT//8EM/f2f6+RetAQAAYT8AMG0WqsQ9/t884IWwqU83Cz3Rz+8hV4lWjz2UOuSPX4w53/0AgLAfAJhWyXv8I+ARdKWlzgT9/FsP/fx5+vmj3i3xiJ6gGd/5AICwHwCYdtFbvJIydYmgR+glCIXc/fx+v9OKOrdM/fy+6wEAYT8A0Cm9lOlLBD5e3Ft+xcn1wTUVJ0xdP388/DJ/iT9/6hq3DP38C77bAQBhPwDQVfNV4h7/r9z7L4KwwsPReECgx59p6eePP2f+OtHPP+s7HQAQ9gMAXRcBSdKeheePHBWItaD2ROBPKeJ3semIh1zxsMv8TX0/f7/6uJ7O9zkAIOwHAKgy9Pi/fOq0cCyxn/RODv3ziTof/ea09R0U+vk708+/5PsbABD2AwBsrZcypXnn0qoe/8Semj+8axVK/HO9/ZRm2Nsp+vk70c8fH2ILvrMBAGE/AMDOkvb4/+XqQI9/YhHk79Tjr76HUuuodvq91c/fmX7+QaWfHwAQ9gMADC1pj3+cCNXjnz44fXPl4h0/i6j6MT+U/MLprW6m6OfvTD9/1M3p5wcAhP0AAA0l7/H/8YnPCdESW1s68/f5j/DfnFB8ZUx9ev/WoZ8/T9CfoZ+/53sZABD2AwDsTS9lmvPm+Qt6/BOL2p53+qsCU1r3wl79/OlF7VqGfv5538UAgLAfAGA85qqEPf5xYlSPP7DbuyfMQ+IHg3XdWuIR1wf08wMAwn4AgDGbqRL3+H/r0P3V/18HTADklaGff7nSzw8ACPsBACbmro0AJtlYPfaQoA0gk3/P08+/6PsWABD2AwCksZgy9YkTpRE4Cd4A0vlynn7+Od+xAICwHwAgrbkqcY//F/fdLYAr2FPzh6uP1terr9Rd6uaDrcTvxmvL58xFC3wnTz//jO9WAEDYDwCQx0yVuMf/GwcOCuIKDXEj6N8c31l40LzwyfC4/p3Y/B15eemMOdHPf+tY9n0KAAj7AQDyS97jHydOBXLl+I+7Pl39Ye3KnfVLTnCzIcL9O/4eeyCkn//jseB7FAAQ9gMAlCV5j79wrgxvrlzc9uf0Tn/15sMA89TdB0HxO7DVUPmkn78267sTABD2AwCUaa5K3OPvxb15/bh3ctef0/XBNaFuR6ud4me/2++Gh0Gd7Ofvb9wK870JAAj7AQAKFgFO0h7/OJEqsMvTwT7siFPcalu62c+/24iT/+asU/38S74nAQBhPwBAuyynDPz1+JfRw77b8GJWvxdbDQ+C8vTz/+7SasqQP57+LPhuBACE/QAA7bSQMkl6+dRpIV6BNT63j+j4V93SrX7+nUb8Dpm/9P38f7k6SPnxHP9j+vkBAGE/AEDLzVYJe/zjpKoe/7Semj88dGXL5vjD2hU9/h3r5799qHbK18+f+EW8K5V+fgBA2G8SAICpkbTHP06s6vFPH/ZGgN807I0HBeavO/38m8NLmzNVLNW3nxKPnu8/AABhPwAwnZZTJUxxcvVbh+4X8KlxobB+/vgdUePUiX7+ed95AADCfgBgui2kTJx+fOJzwr4WBMCvLZ8TAHfgwY4XNHeinz9ucennBwAQ9gMAHZG0x/+N8xf0+Leg2iVqgM7O7Dd/U1rZpJ+/E/38cXtLPz8AgLAfAOiYpD3+v395TY9/S17a+s25g+Zvil7GrJ+/M/38i77XAACE/QBAty2lSqLihOs3DgiSU9e9ND0FHmN18bj5K0y8W6Hp0M/fmX7+Od9lAADCfgCAsFAlrPXpH3uoWqpDMdKJTv6mI/6Mucvv3+uw/s2Vi41/ftHPb/7S+lKefv4Z32EAAMJ+AIBbRY9/spTq1bOP3jwBKyBMJzrbm464FRBhs/nL48sj9PP/baOf3/yl9Vyefn7fXQAAwn4AgC1Fj38/VVIVPf6P7LtbUJg4PP5bw873+Pfjz5m/tL5V9/P/bYR+fj+r9F488bkq8VjwfQUAIOwHABhG0h7/qL4QGKbzxZn9I/X4Oy2ezqj9/G5hJK5Yqm8nvXH+QsqQf33jFpbvKQAAYT8AwNAWqoQ9/lGBITxM2wOvx396+vn9XPL088ftpISjv3H7yvcTAICwHwCgseQ9/kLEtFYXjztB3uJ+fjcu8rh46P7U/fxLvo8AAIT9AAB7lbzH34t70/rG3EHd8C3s5/cuhU70869X+vkBAIT9AABjlqzH/y9XB3r8W3CqPMJmp8rz3K6In5XbFVPfzz+o9PMDAAj7AQAmZL5K1OMfFRl6/NvRFx8vkzV/3pugn3+sY6XSzw8AIOwHAJiwOGmaLPX6xanTwsbEIrxvOuIhgZPmw/vizH79/Pr5txs93zMAAMJ+AIBU7to4eZpk/O7Sqh7/FnTIR3itQ34y70jQz9+Zfv553y8AAMJ+AIAceqlSsKjQ0OOfvsc/XsTbNJSOBwXmTz+/fv5GY63Szw8AIOwHAMgsaY9/VGoII9P2yr/TX238s4pQ2/zp59fPP9RYrvTzAwAI+wEACpG0xz+qNYSSab28dGakoNqJdP38bfLEgYOp+/kXfX8AAAj7AQBKk7THPyo29PinFeHzKD3+EXbr529wg0U/fxb9Yw+lDPnjl2LO9wYAgLAfAKBkvVRpWVRtPLLvbkFl4h7/UcLrCL3183s4Umo//6tnH00Z9K9VansAAIT9AAAtkbTHP6o3hJZp++eb1tJE4N+1WxBNh9qj9OJhYYZ+ft8RAADCfgCAVpmpEvb4RwWH8DKtJi+c7drJ/qYPRLzQuBP9/Au+FwAAhP0AAG1118ZJ1iQjqjj+ra7kOFUHeaTx3BAn2Pt1kN3Fufm3OvDfrfIo/vkT9YMQv0tpJe7nH1Qfv8TcdwIAgLAfAKD1FlOlalHJIfBP64kdXkL7an36v8tz86X6HQfb/q7WJ/8fqfv5/Q4lfACTvp+/X+nnBwAQ9gMATJm5KmGP/5fu/RfhZkIRWv/+ttqa+O/mZuvbD/EQJE7+m5+Ev6Pp+/mXfO4DAAj7AQCm1UyVsMf/uSNHhZyJa2te3ejxj5P+wux/ePWW9xt0tdYo6+2TtP388VBzwec9AICwHwBg2iXv8Rd2Ju5Dr8PsqK8xF5/0xspF/fzT388fDzP18wMACPsBADolWY//7y6t6vEH/fyTHiuVfn4AAGE/AEBHzVWJevz/cnWgxx86FPQn7ufv+TwHABD2AwB03UyVqMc/Orv1+MN0i4d6ifv5532OAwAI+wEA+FjSHv9fnDotFG2BR2b2F/GS3/i/w8+jHeJhXsKxtvGw0mc4AICwHwCA2yykSuneOH9Bj3/JNSx1yP+XwbXq92tXsr7s97mFB2/+vsRLh/1cypa4n3+50s8PACDsBwBgR7NVoh7/6PTW41+mCPk3x9/W16sn5g6mD4+Xz33i9yXH/w0U2c+/6HMaAEDYDwDA8LU+yXr8Lx66X2ha0gnt20L2zZHqdH3cKrj1YcOtDx1U+nS+n3/O5zMAgLAfAIDmllOleC+e+JzwtITO9Y3anO1GPAiYZI9/VAZFqL/tbZD6IUAJ7xEgSz+/2h4AAGE/AAB7sJAqzYvObz3+GU9p10H7MCMC90mcsI8HDTsF/bc+cPDz6lw/v89iAABhPwAAY5C0x/+RfXcLVDO8kHeYoH1zxL87zhf3/mLpTLObIL2Tfm7d6Odf8PkLACDsBwBgvJL2+D9xwMtYU4f9W/Xk7zbiNP5e/3d/119t/L+b6v0BZOvnH2w8ZPTZCwAg7AcAYEKWU6V9/WMPCVkLeTnvTmPUWp24GfCXwbVmD4LqGwUX5w/7WU13P3+/0s8PACDsBwAgiajWSFLrE93gwta04tR809H0xbnD9vPf/r8xzuogiuznX/L5CgAg7AcAIK2o2BikSP+iI9yLe9N6Yu5g4zA+TukPE8Y37eeP8cbKxUYPExhPP//vLq1WicZ6pZ8fAEDYDwBANlG10U+RBEZX+GN1Z/j/V4eQpPGFmf2Ne/zjAUGc2t/q/79/HbGfP17G6+eRVvxd+8vVJM/yYqxV+vkBAIT9AAAUYSlVKvhs3R0ujE0nAvpRevzj9P4nwuMR+/m3e3DA5MTfsYQv4l2p9PMDAAj7AQAoSlRwJOnx/1XdIS6UTStO1zcdcYo/HhaM0s8fDwbiAYG5T+ulU6erhKPncxMAQNgPAECZkvX4R5f4v9ad4gLadC7MHx4ptB/1IYE5T3iDI30//7zPSwAAYT8AAGVL1uMfneJ6/BN3uden7Zv2+DcZt9f/MJX9/DM+JwEAhP0AALRHkh7/6BbX45++x/+NlYvj/Tnq5+9CP/9ypZ8fAEDYDwBAKy1UiXr8f3Tic8LbxOIU/lhuaOjn70I//6LPQwAAYT8AAO2WrMf/jfMX9PgnNsrLd28d+vk70c8/53MQAEDYDwDAdIjqjpUUyeLvX17T45+hx3+UF/Hq5+9EP7/aHgAAhP0AAFOolyJhjA7yC4fuF+4m7vGPU/pD/Xz082cRfycS9/P7zAMAQNgPADDF5qtEPf6Xjj0k5E3s1eVzO/5M9PPnEe+0SDgWfM4BACDsBwDohujxX0uROv7q7KN6/DP0+G819PPn6eePd1kkGoONv9s+4wAAEPYDAHRI0h7/L+y7W/ibuMf/1hf3xol/85K+nz9+9xONfqWfHwAAYT8AQKf1UiSR0VX+9QMHhcCJe/x/v3ZFP//09/Mv+RwDAEDYDwBASNbj/+yRo8Jg9POPZ8Tf2QWfXwAACPsBALhV0h5/oTD6+fc01ir9/AAACPsBANhG0h5/L+5FP/9IY6XSzw8AgLAfAIAhLKZILKPTPEJSYTH6+YcePZ9PAAAI+wEAaGKuStTj/0zd4/8/69AU2iZxP/+8zyUAAIT9AACMYqZK1OP/0qnTwmNa43/VFVT/nbaff8bnEQAAwn4AAPYiusGXUySab19avRmiCpMp2ef33Z2yn3+50s8PAICwHwCAMUrS4/+Xq4PqXN3jL1SmRI8fOJiyn3/R5w4AAMJ+AAAmYa5K0OMfYepK/dJT4TIluXTsoVQh//rG3zWfOQAACPsBAJiYmSpRj3+8/FTITAn9/L86+2iqoD/+bqntAQBA2A8AQBLJevzjJah6/OlQP7/PFwAAhP0AACSXpMc/wlY9/kx5P/+CzxMAAIT9AADkNFsl6vGP8FUIzZT18w82/g75LAEAQNgPAEARtT5Juk4ihBVGMyX9/P1KPz8AAMJ+AAAKtJwiIY0wVo8/Le/nX/J5AQCAsB8AgJItpEhKI5SNcFZITcv6+dcr/fwAAAj7AQBoiWQ9/l7cS4v6+dcq/fwAAAj7AQBomWQ9/s8cOSq0ZiQJ+/lXKv38AAAI+wEAaLHlFElqhLbCa5q8iDdhP3/P5wAAAMJ+AACmwUKKRDXCWy/uZTdR/ZSwn3/O338AAIT9AABMEz3+ZBeVT4lGXBuY8fceAABhPwAA0yg6y/spAn89/mTs51+u9PMDACDsBwCgA5ZSJK4/P3W6+h91yEu3namrnf53un7+RX+/AQAQ9gMA0CUL/7e9e8eJI4vCALwFdkAH5NPB5HRA7pa8gGnJCwCxAVpswC2HJDQZmdvRZDwCMgcEZA7cYgV4Bdc+VjFixmPEo+t0Pb4jfZGFA7iV/HXuXyWh1uf2/PJn2Cv07qeT3H7+oecaAABhPwAAfRTh6LLuFDa2uiP0FX73S3I/v9oeAACE/QAA9Fpaj//izVsheE8k9/N7jgEAEPYDAEAlpcf/6uBQGK6ffxUTtT0Tzy0AAMJ+AAD41aQk9Ph/+fhJj79+/tdMVE/p5wcAQNgPAACPSOvxP9rcEpLr53/uROWUfn4AAIT9AADwBGk9/qfbO8Lylvv8/kNW0D/zbAIAIOwHAIDnm2YkuGe7+0Lzlvbz355fZhyRqJYaex4BABD2AwDAy41LQo//zfGJHv+W9fN/+7rMCPrja7/6+QEAEPYDAMAKDKvQtdaJHn+Bfzv6+ZM+xLso+vkBABD2AwDASm1U4WutEyFybI0L1Xvfzz/1zAEAIOwHAID6TDOS3tgeF673tp9/5DkDAEDYDwAA9Uvr8Re0966ff+D5AgBA2A8AAHn0+OvnX+XMi35+AACE/QAAsBYpPf6xVa7Hv9P9/HueJQAAhP0AALB+07rT4Ngu1+PfyX7+oecHAABhPwAANMeoJPT4x7a5QL4z/fxqewAAEPYDAEADDUpCj/+Xj5/0+Ndg8eZtZj+/5wUAAGE/AAA02EYV5tY68eFePf6rc3VwmBHyx82PiWcEAABhPwAAtMde3clxbKHHNrqw/nX9/HFTImGWRT8/AADCfgAAaKVRSejxj610wf3L+vnjhkTCXBT9/AAACPsBAKDVBiWhx//m+ESPfzP7+WeeAQAAhP1+CQAAdENaj//R5pYwvzn9/GNnHwAAhP0AAHRPSo//6faOUH+9/fxxk0M/PwAACPsBAOiwUUno8T/b3Rfwr6eff1H08wMAgLAfAIBeGJSkHn9Bf2o//9TZBgAAYT8AAP0zrzt9jm32Pn+4N7Gff+Q8AwCAsB8AgP6a1J1Ex1Z71Njo569lrqubGs4yAAAI+wEA6LlhSejx//uvd/r5VztxM0M/PwAACPsBAOAfGyWpx7/LtT6J/fx7ziwAAAj7AQDgd+Z1p9Tfvi7L6faO2p6XzV11E8NZBQAAYT8AADxqkpFaRzh+tLnV+qD/bHc/a5v/uqjtAQAAYT8AADxDSo9/zNXBYSurfeJ2QtxSSJq5MwkAAMJ+AAB4iZQe/5jYjP/8/kMrNv3jQ8NJH+At1QuXibMIAADCfgAAeK1ZSZyo94kP3TYp4I+XEHEDIXGTP2ZZ9PMDAICwHwAAVmhSkmp9Hm773xyfrC34j4A/+vgTt/gfzkXRzw8AAMJ+AACowbDaNk+fCP5j4z/C9+jKryvcj4qeqBNK3uD/78ycNQAAEPYDAECdNqqt87VPbNzHC4Co17l/CRBO/vjztx/UvRehfvxc3By4Pb8sDZm4OTF2xgAAQNgPAABZUnv8ezDXRT8/AAAI+wEAYA0mJbnHv6OzKPr5AQBA2A8AAGu0th7/jszUGQIAAGE/AAA0QWN6/Fs0cSNi5OwAAICwHwAAmkaP/9Mm+vkHzgsAAAj7AQCgqcZFj/9jM3NGAABA2A8AAG2g1ufXuatehDgfAAAg7AcAgFaZ2PL/OfPqBYgzAQAAwn4AAGjtln9fu/yjm3/kDAAAgLAfAAC6YlD6U+2zrG41+LsDAICwHwAAOik23RdCfgAAQNgPAADd2PSfl250+l8I+QEAQNgPAAB9tlEF5dctC/jjJUV8i2DobwgAAMJ+AADg39v+ew0O/u+q2whjfysAABD2AwAATwv+J1W4vlxjwH/xw9QGPwAACPsBAIDVhP/jKni/qOEFwF31/86q2wUjv3MAABD2AwAAeS8BRg9eBDw0qwL8+f/8232gL9QHAICO+w7IolPZLvCfXwAAAABJRU5ErkJggg==\" alt=\"\" width=\"730\" height=\"743\" /></p>\r\n<p>&nbsp;</p>\r\n<p>huuhohohh hih hhooih&nbsp; huuhohohh hih hhooih huuhohohh hih hhooih huuhohohh hih hhooih huuhohohh hih hhooih huuhohohh hih hhooih huuhohohh hih hhooih huuhohohh hih hhooih huuhohohh hih hhooih huuhohohh hih hhooih huuhohohh hih hhooih huuhohohh hih hhooih huuhohohh hih hhooih huuhohohh hih hhooih huuhohohh hih hhooih huuhohohh hih hhooih&nbsp;</p>\r\n<p>&nbsp;</p>\r\n<p>&nbsp;</p>\r\n<p>&nbsp; &nbsp; &nbsp; &nbsp; &nbsp; &nbsp; &nbsp; &nbsp; &nbsp; &nbsp; &nbsp; &nbsp; &nbsp; &nbsp; &nbsp; &nbsp; &nbsp; &nbsp; &nbsp; &nbsp; &nbsp; &nbsp; &nbsp; &nbsp; &nbsp; &nbsp; &nbsp; &nbsp; &nbsp; &nbsp; &nbsp; &nbsp; &nbsp; &nbsp; &nbsp; &nbsp; &nbsp; &nbsp; &nbsp;huuhohohh hih hhooih&nbsp; &nbsp;</p>\r\n<p>&nbsp;</p>\r\n<p>&nbsp;</p>', '2018-02-01 18:30:00', '2019-04-09 01:17:43');

-- --------------------------------------------------------

--
-- Table structure for table `adventures`
--

CREATE TABLE `adventures` (
  `id` int(10) UNSIGNED NOT NULL,
  `title` text COLLATE utf8mb4_unicode_ci NOT NULL,
  `description` text COLLATE utf8mb4_unicode_ci NOT NULL,
  `image1` text COLLATE utf8mb4_unicode_ci NOT NULL,
  `created_at` timestamp NULL DEFAULT NULL,
  `updated_at` timestamp NULL DEFAULT NULL,
  `image2` text COLLATE utf8mb4_unicode_ci,
  `image3` text COLLATE utf8mb4_unicode_ci
) ENGINE=InnoDB DEFAULT CHARSET=utf8mb4 COLLATE=utf8mb4_unicode_ci;

--
-- Dumping data for table `adventures`
--

INSERT INTO `adventures` (`id`, `title`, `description`, `image1`, `created_at`, `updated_at`, `image2`, `image3`) VALUES
(1, 'j', 'descripton', '1556422109pexels-photo-540006.jpeg', '2019-04-27 08:43:58', '2019-04-27 22:01:41', '1556422167pexels-photo-931007.jpeg', '1556422182March Email Pop Up 1.jpg');

-- --------------------------------------------------------

--
-- Table structure for table `categories`
--

CREATE TABLE `categories` (
  `id` int(10) UNSIGNED NOT NULL,
  `parent_id` int(10) UNSIGNED DEFAULT NULL,
  `order` int(11) NOT NULL DEFAULT '1',
  `name` varchar(255) COLLATE utf8mb4_unicode_ci NOT NULL,
  `slug` varchar(255) COLLATE utf8mb4_unicode_ci NOT NULL,
  `created_at` timestamp NULL DEFAULT NULL,
  `updated_at` timestamp NULL DEFAULT NULL
) ENGINE=InnoDB DEFAULT CHARSET=utf8mb4 COLLATE=utf8mb4_unicode_ci;

--
-- Dumping data for table `categories`
--

INSERT INTO `categories` (`id`, `parent_id`, `order`, `name`, `slug`, `created_at`, `updated_at`) VALUES
(1, NULL, 1, 'Category 1', 'category-1', '2019-02-07 11:50:13', '2019-02-07 11:50:13'),
(2, NULL, 1, 'Category 2', 'category-2', '2019-02-07 11:50:14', '2019-02-07 11:50:14');

-- --------------------------------------------------------

--
-- Table structure for table `contacts`
--

CREATE TABLE `contacts` (
  `id` int(10) UNSIGNED NOT NULL,
  `title` text COLLATE utf8mb4_unicode_ci,
  `description` text COLLATE utf8mb4_unicode_ci,
  `image` text COLLATE utf8mb4_unicode_ci,
  `bank_deposit_title` text COLLATE utf8mb4_unicode_ci,
  `bank_deposit1` text COLLATE utf8mb4_unicode_ci,
  `bank_deposit2` text COLLATE utf8mb4_unicode_ci,
  `created_at` timestamp NULL DEFAULT NULL,
  `updated_at` timestamp NULL DEFAULT NULL
) ENGINE=InnoDB DEFAULT CHARSET=utf8mb4 COLLATE=utf8mb4_unicode_ci;

--
-- Dumping data for table `contacts`
--

INSERT INTO `contacts` (`id`, `title`, `description`, `image`, `bank_deposit_title`, `bank_deposit1`, `bank_deposit2`, `created_at`, `updated_at`) VALUES
(1, 'Get In Touch With Us', 'Aliquam sit amet sapien felis. Proin vel dolor sed risus maximus gravida. Ut suscipit orci sem, eget lobortis sem dictum eu. Etiam congue ex sed volutpat fringilla.', 'contacts/April2019/OHZMVpXHWhqWYcKTmbEK.jpg', 'Bank Deposits', '1. Commercial Bank of Sri Lanka \r\nNeluwa.\r\n\r\nName: A.P. Senanayaka\r\nAccount Number: 8125000859\r\nSwift Code: CCEYLKLX', '2. Sampath Bank of Sri Lanka \r\nNeluwa.\r\n\r\nName: A.P. Senanayaka\r\nAccount Number: 105454093433\r\nSwift Code: BSAMLKLX', '2019-04-06 23:33:00', '2019-04-07 06:13:23');

-- --------------------------------------------------------

--
-- Table structure for table `customers`
--

CREATE TABLE `customers` (
  `id` int(10) UNSIGNED NOT NULL,
  `name` text COLLATE utf8mb4_unicode_ci,
  `country` text COLLATE utf8mb4_unicode_ci,
  `says` text COLLATE utf8mb4_unicode_ci,
  `image` text COLLATE utf8mb4_unicode_ci,
  `created_at` timestamp NULL DEFAULT NULL,
  `updated_at` timestamp NULL DEFAULT NULL
) ENGINE=InnoDB DEFAULT CHARSET=utf8mb4 COLLATE=utf8mb4_unicode_ci;

--
-- Dumping data for table `customers`
--

INSERT INTO `customers` (`id`, `name`, `country`, `says`, `image`, `created_at`, `updated_at`) VALUES
(9, 'gallery_info fffffffffffffffffff', 'sri lanaka', 'gyfuyfutt fuyytfufufuf uufuf', '1556848025cruise_ship_516246.jpg', '2019-03-17 20:39:03', '2019-05-02 20:17:16'),
(10, 'gallery_info', 'sri lanaka', 'sample', '1556848190pexels-photo-540006.jpeg', '2019-03-17 20:40:19', '2019-05-02 20:20:00'),
(13, 'gallery_inforestdryftgy', 'huygtf', 'hugutfy', '1556848727pexels-photo-931007.jpeg', '2019-03-17 20:49:29', '2019-05-02 20:28:47'),
(14, 'abc123', 'abc123', 'esrdyuyunk', '15568474003a890069-edfb-4ceb-ab29-9a1b6fb206cf.jpg', '2019-05-02 20:06:40', '2019-05-02 20:06:40');

-- --------------------------------------------------------

--
-- Table structure for table `customer_says`
--

CREATE TABLE `customer_says` (
  `id` int(10) UNSIGNED NOT NULL,
  `title` text COLLATE utf8mb4_unicode_ci,
  `description` text COLLATE utf8mb4_unicode_ci,
  `created_at` timestamp NULL DEFAULT NULL,
  `updated_at` timestamp NULL DEFAULT NULL
) ENGINE=InnoDB DEFAULT CHARSET=utf8mb4 COLLATE=utf8mb4_unicode_ci;

--
-- Dumping data for table `customer_says`
--

INSERT INTO `customer_says` (`id`, `title`, `description`, `created_at`, `updated_at`) VALUES
(1, 'What Our Customer Says', 'Aliquam sit amet sapien felis. Proin vel dolor sed risus maximus gravida. Ut suscipit orci sem, eget lobortis sem dictum eu. Etiam congue ex sed volutpat fringilla.', '2019-03-17 05:28:49', '2019-05-02 09:45:05');

-- --------------------------------------------------------

--
-- Table structure for table `data_rows`
--

CREATE TABLE `data_rows` (
  `id` int(10) UNSIGNED NOT NULL,
  `data_type_id` int(10) UNSIGNED NOT NULL,
  `field` varchar(255) COLLATE utf8mb4_unicode_ci NOT NULL,
  `type` varchar(255) COLLATE utf8mb4_unicode_ci NOT NULL,
  `display_name` varchar(255) COLLATE utf8mb4_unicode_ci NOT NULL,
  `required` tinyint(1) NOT NULL DEFAULT '0',
  `browse` tinyint(1) NOT NULL DEFAULT '1',
  `read` tinyint(1) NOT NULL DEFAULT '1',
  `edit` tinyint(1) NOT NULL DEFAULT '1',
  `add` tinyint(1) NOT NULL DEFAULT '1',
  `delete` tinyint(1) NOT NULL DEFAULT '1',
  `details` text COLLATE utf8mb4_unicode_ci,
  `order` int(11) NOT NULL DEFAULT '1'
) ENGINE=InnoDB DEFAULT CHARSET=utf8mb4 COLLATE=utf8mb4_unicode_ci;

--
-- Dumping data for table `data_rows`
--

INSERT INTO `data_rows` (`id`, `data_type_id`, `field`, `type`, `display_name`, `required`, `browse`, `read`, `edit`, `add`, `delete`, `details`, `order`) VALUES
(1, 1, 'id', 'number', 'ID', 1, 0, 0, 0, 0, 0, NULL, 1),
(2, 1, 'name', 'text', 'Name', 1, 1, 1, 1, 1, 1, NULL, 2),
(3, 1, 'email', 'text', 'Email', 1, 1, 1, 1, 1, 1, NULL, 3),
(4, 1, 'password', 'password', 'Password', 1, 0, 0, 1, 1, 0, NULL, 4),
(5, 1, 'remember_token', 'text', 'Remember Token', 0, 0, 0, 0, 0, 0, NULL, 5),
(6, 1, 'created_at', 'timestamp', 'Created At', 0, 1, 1, 0, 0, 0, NULL, 6),
(7, 1, 'updated_at', 'timestamp', 'Updated At', 0, 0, 0, 0, 0, 0, NULL, 7),
(8, 1, 'avatar', 'image', 'Avatar', 0, 1, 1, 1, 1, 1, NULL, 8),
(9, 1, 'user_belongsto_role_relationship', 'relationship', 'Role', 0, 1, 1, 1, 1, 0, '{\"model\":\"TCG\\\\Voyager\\\\Models\\\\Role\",\"table\":\"roles\",\"type\":\"belongsTo\",\"column\":\"role_id\",\"key\":\"id\",\"label\":\"display_name\",\"pivot_table\":\"roles\",\"pivot\":0}', 10),
(10, 1, 'user_belongstomany_role_relationship', 'relationship', 'Roles', 0, 1, 1, 1, 1, 0, '{\"model\":\"TCG\\\\Voyager\\\\Models\\\\Role\",\"table\":\"roles\",\"type\":\"belongsToMany\",\"column\":\"id\",\"key\":\"id\",\"label\":\"display_name\",\"pivot_table\":\"user_roles\",\"pivot\":\"1\",\"taggable\":\"0\"}', 11),
(11, 1, 'locale', 'text', 'Locale', 0, 1, 1, 1, 1, 0, NULL, 12),
(12, 1, 'settings', 'hidden', 'Settings', 0, 0, 0, 0, 0, 0, NULL, 12),
(13, 2, 'id', 'number', 'ID', 1, 0, 0, 0, 0, 0, NULL, 1),
(14, 2, 'name', 'text', 'Name', 1, 1, 1, 1, 1, 1, NULL, 2),
(15, 2, 'created_at', 'timestamp', 'Created At', 0, 0, 0, 0, 0, 0, NULL, 3),
(16, 2, 'updated_at', 'timestamp', 'Updated At', 0, 0, 0, 0, 0, 0, NULL, 4),
(17, 3, 'id', 'number', 'ID', 1, 0, 0, 0, 0, 0, NULL, 1),
(18, 3, 'name', 'text', 'Name', 1, 1, 1, 1, 1, 1, NULL, 2),
(19, 3, 'created_at', 'timestamp', 'Created At', 0, 0, 0, 0, 0, 0, NULL, 3),
(20, 3, 'updated_at', 'timestamp', 'Updated At', 0, 0, 0, 0, 0, 0, NULL, 4),
(21, 3, 'display_name', 'text', 'Display Name', 1, 1, 1, 1, 1, 1, NULL, 5),
(22, 1, 'role_id', 'text', 'Role', 1, 1, 1, 1, 1, 1, NULL, 9),
(23, 4, 'id', 'number', 'ID', 1, 0, 0, 0, 0, 0, NULL, 1),
(24, 4, 'parent_id', 'select_dropdown', 'Parent', 0, 0, 1, 1, 1, 1, '{\"default\":\"\",\"null\":\"\",\"options\":{\"\":\"-- None --\"},\"relationship\":{\"key\":\"id\",\"label\":\"name\"}}', 2),
(25, 4, 'order', 'text', 'Order', 1, 1, 1, 1, 1, 1, '{\"default\":1}', 3),
(26, 4, 'name', 'text', 'Name', 1, 1, 1, 1, 1, 1, NULL, 4),
(27, 4, 'slug', 'text', 'Slug', 1, 1, 1, 1, 1, 1, '{\"slugify\":{\"origin\":\"name\"}}', 5),
(28, 4, 'created_at', 'timestamp', 'Created At', 0, 0, 1, 0, 0, 0, NULL, 6),
(29, 4, 'updated_at', 'timestamp', 'Updated At', 0, 0, 0, 0, 0, 0, NULL, 7),
(30, 5, 'id', 'number', 'ID', 1, 0, 0, 0, 0, 0, NULL, 1),
(31, 5, 'author_id', 'text', 'Author', 1, 0, 1, 1, 0, 1, NULL, 2),
(32, 5, 'category_id', 'text', 'Category', 1, 0, 1, 1, 1, 0, NULL, 3),
(33, 5, 'title', 'text', 'Title', 1, 1, 1, 1, 1, 1, NULL, 4),
(34, 5, 'excerpt', 'text_area', 'Excerpt', 1, 0, 1, 1, 1, 1, NULL, 5),
(35, 5, 'body', 'rich_text_box', 'Body', 1, 0, 1, 1, 1, 1, NULL, 6),
(36, 5, 'image', 'image', 'Post Image', 0, 1, 1, 1, 1, 1, '{\"resize\":{\"width\":\"1000\",\"height\":\"null\"},\"quality\":\"70%\",\"upsize\":true,\"thumbnails\":[{\"name\":\"medium\",\"scale\":\"50%\"},{\"name\":\"small\",\"scale\":\"25%\"},{\"name\":\"cropped\",\"crop\":{\"width\":\"300\",\"height\":\"250\"}}]}', 7),
(37, 5, 'slug', 'text', 'Slug', 1, 0, 1, 1, 1, 1, '{\"slugify\":{\"origin\":\"title\",\"forceUpdate\":true},\"validation\":{\"rule\":\"unique:posts,slug\"}}', 8),
(38, 5, 'meta_description', 'text_area', 'Meta Description', 1, 0, 1, 1, 1, 1, NULL, 9),
(39, 5, 'meta_keywords', 'text_area', 'Meta Keywords', 1, 0, 1, 1, 1, 1, NULL, 10),
(40, 5, 'status', 'select_dropdown', 'Status', 1, 1, 1, 1, 1, 1, '{\"default\":\"DRAFT\",\"options\":{\"PUBLISHED\":\"published\",\"DRAFT\":\"draft\",\"PENDING\":\"pending\"}}', 11),
(41, 5, 'created_at', 'timestamp', 'Created At', 0, 1, 1, 0, 0, 0, NULL, 12),
(42, 5, 'updated_at', 'timestamp', 'Updated At', 0, 0, 0, 0, 0, 0, NULL, 13),
(43, 5, 'seo_title', 'text', 'SEO Title', 0, 1, 1, 1, 1, 1, NULL, 14),
(44, 5, 'featured', 'checkbox', 'Featured', 1, 1, 1, 1, 1, 1, NULL, 15),
(45, 6, 'id', 'number', 'ID', 1, 0, 0, 0, 0, 0, NULL, 1),
(46, 6, 'author_id', 'text', 'Author', 1, 0, 0, 0, 0, 0, NULL, 2),
(47, 6, 'title', 'text', 'Title', 1, 1, 1, 1, 1, 1, NULL, 3),
(48, 6, 'excerpt', 'text_area', 'Excerpt', 1, 0, 1, 1, 1, 1, NULL, 4),
(49, 6, 'body', 'rich_text_box', 'Body', 1, 0, 1, 1, 1, 1, NULL, 5),
(50, 6, 'slug', 'text', 'Slug', 1, 0, 1, 1, 1, 1, '{\"slugify\":{\"origin\":\"title\"},\"validation\":{\"rule\":\"unique:pages,slug\"}}', 6),
(51, 6, 'meta_description', 'text', 'Meta Description', 1, 0, 1, 1, 1, 1, NULL, 7),
(52, 6, 'meta_keywords', 'text', 'Meta Keywords', 1, 0, 1, 1, 1, 1, NULL, 8),
(53, 6, 'status', 'select_dropdown', 'Status', 1, 1, 1, 1, 1, 1, '{\"default\":\"INACTIVE\",\"options\":{\"INACTIVE\":\"INACTIVE\",\"ACTIVE\":\"ACTIVE\"}}', 9),
(54, 6, 'created_at', 'timestamp', 'Created At', 1, 1, 1, 0, 0, 0, NULL, 10),
(55, 6, 'updated_at', 'timestamp', 'Updated At', 1, 0, 0, 0, 0, 0, NULL, 11),
(56, 6, 'image', 'image', 'Page Image', 0, 1, 1, 1, 1, 1, NULL, 12),
(57, 9, 'id', 'hidden', 'Id', 1, 0, 0, 0, 0, 0, '{}', 1),
(59, 9, 'logo_image', 'image', 'Logo Image', 0, 1, 1, 1, 1, 1, '{\"validation\":{\"rule\":\"required\"}}', 3),
(60, 9, 'banner_header', 'text', 'Banner Header', 0, 1, 1, 1, 1, 1, '{\"validation\":{\"rule\":\"required|max:35\"}}', 4),
(61, 9, 'banner_info1', 'text', 'Banner Info1', 0, 1, 1, 1, 1, 1, '{\"validation\":{\"rule\":\"required|max:35\"}}', 5),
(62, 9, 'banner_info2', 'text', 'Banner Info2', 0, 1, 1, 1, 1, 1, '{\"validation\":{\"rule\":\"required|max:35\"}}', 6),
(63, 9, 'banner_info3', 'text', 'Banner Info3', 0, 1, 1, 1, 1, 1, '{\"validation\":{\"rule\":\"required|max:35\"}}', 7),
(65, 9, 'created_at', 'timestamp', 'Created At', 0, 1, 1, 1, 0, 1, '{}', 9),
(66, 9, 'updated_at', 'timestamp', 'Updated At', 0, 0, 0, 0, 0, 0, '{}', 10),
(68, 9, 'back_image1', 'image', 'Slider Image1', 0, 1, 1, 1, 1, 1, '{\"validation\":{\"rule\":\"required\"}}', 2),
(69, 9, 'back_image2', 'image', 'Slider Image2', 0, 1, 1, 1, 1, 1, '{\"validation\":{\"rule\":\"required\"}}', 12),
(70, 9, 'back_image3', 'image', 'Slider Image3', 0, 1, 1, 1, 1, 1, '{\"validation\":{\"rule\":\"required\"}}', 13),
(71, 14, 'id', 'hidden', 'Id', 1, 0, 0, 0, 0, 0, '{}', 1),
(72, 14, 'title', 'text', 'Title', 1, 1, 1, 1, 1, 1, '{\"validation\":{\"rule\":\"required\"}}', 2),
(73, 14, 'description', 'text_area', 'Description', 1, 1, 1, 1, 1, 1, '{\"validation\":{\"rule\":\"required\"}}', 3),
(75, 14, 'created_at', 'timestamp', 'Created At', 0, 1, 1, 1, 0, 1, '{}', 5),
(76, 14, 'updated_at', 'timestamp', 'Updated At', 0, 0, 0, 0, 0, 0, '{}', 6),
(77, 14, 'image1', 'image', 'Image1', 1, 1, 1, 1, 1, 1, '{\"validation\":{\"rule\":\"required\"},\"resize\":{\"width\":600,\"height\":700},\"quality\":\"100%\",\"upsize\":true}', 4),
(78, 14, 'image2', 'image', 'Image2', 0, 1, 1, 1, 1, 1, '{\"validation\":{\"rule\":\"required\"},\"resize\":{\"width\":600,\"height\":700},\"quality\":\"100%\",\"upsize\":true}', 7),
(79, 14, 'image3', 'image', 'Image3', 0, 1, 1, 1, 1, 1, '{\"validation\":{\"rule\":\"required\"},\"resize\":{\"width\":600,\"height\":700},\"quality\":\"100%\",\"upsize\":true}', 8),
(80, 15, 'id', 'hidden', 'Id', 1, 0, 0, 0, 0, 0, '{}', 1),
(81, 15, 'title', 'text', 'Title', 0, 1, 1, 1, 1, 1, '{}', 2),
(82, 15, 'description', 'text_area', 'Description', 0, 1, 1, 1, 1, 1, '{}', 3),
(92, 15, 'created_at', 'timestamp', 'Created At', 0, 1, 1, 1, 0, 1, '{}', 13),
(93, 15, 'updated_at', 'timestamp', 'Updated At', 0, 0, 0, 0, 0, 0, '{}', 14),
(94, 16, 'id', 'hidden', 'Id', 1, 0, 0, 0, 0, 0, '{}', 1),
(95, 16, 'title', 'text', 'Title', 0, 1, 1, 1, 1, 1, '{\"validation\":{\"rule\":\"required\"}}', 2),
(96, 16, 'description', 'text_area', 'Description', 0, 1, 1, 1, 1, 1, '{\"validation\":{\"rule\":\"required\"}}', 3),
(97, 16, 'image', 'image', 'Background Image', 0, 1, 1, 1, 1, 1, '{\"validation\":{\"rule\":\"required\"}}', 4),
(98, 16, 'created_at', 'timestamp', 'Created At', 0, 1, 1, 1, 0, 1, '{}', 5),
(99, 16, 'updated_at', 'timestamp', 'Updated At', 0, 0, 0, 0, 0, 0, '{}', 6),
(100, 18, 'id', 'hidden', 'Id', 1, 0, 0, 0, 0, 0, '{}', 1),
(101, 18, 'description', 'text_area', 'Description', 0, 1, 1, 1, 1, 1, '{\"validation\":{\"rule\":\"required\"}}', 2),
(102, 18, 'created_at', 'timestamp', 'Created At', 0, 1, 1, 1, 0, 1, '{}', 3),
(103, 18, 'updated_at', 'timestamp', 'Updated At', 0, 0, 0, 0, 0, 0, '{}', 4),
(104, 20, 'id', 'hidden', 'Id', 1, 0, 0, 0, 0, 0, '{}', 1),
(105, 20, 'title', 'text', 'Title', 0, 1, 1, 1, 1, 1, '{\"validation\":{\"rule\":\"required\"}}', 2),
(106, 20, 'description', 'text_area', 'Description', 0, 1, 1, 1, 1, 1, '{\"validation\":{\"rule\":\"required\"}}', 3),
(107, 20, 'created_at', 'timestamp', 'Created At', 0, 1, 1, 1, 0, 1, '{}', 4),
(108, 20, 'updated_at', 'timestamp', 'Updated At', 0, 0, 0, 0, 0, 0, '{}', 5),
(109, 21, 'id', 'hidden', 'Id', 1, 0, 0, 0, 0, 0, '{}', 1),
(110, 21, 'name', 'text', 'Name', 0, 1, 1, 1, 1, 1, '{\"validation\":{\"rule\":\"required\"}}', 2),
(111, 21, 'country', 'text', 'Country', 0, 1, 1, 1, 1, 1, '{\"validation\":{\"rule\":\"required\"}}', 3),
(112, 21, 'says', 'text_area', 'Says', 0, 1, 1, 1, 1, 1, '{\"validation\":{\"rule\":\"required|max:450\"}}', 4),
(113, 21, 'image', 'image', 'Image', 0, 1, 1, 1, 1, 1, '{\"validation\":{\"rule\":\"required|max:450\"},\"resize\":{\"width\":200,\"height\":200},\"quality\":\"100%\",\"upsize\":true}', 5),
(114, 21, 'created_at', 'timestamp', 'Created At', 0, 1, 1, 1, 0, 1, '{}', 6),
(115, 21, 'updated_at', 'timestamp', 'Updated At', 0, 0, 0, 0, 0, 0, '{}', 7),
(116, 9, 'banner_info_title', 'text', 'Banner Info Title', 0, 1, 1, 1, 1, 1, '{\"validation\":{\"rule\":\"required|max:40\"}}', 7),
(117, 9, 'link_for_facebook', 'text', 'Link For Facebook', 0, 1, 1, 1, 1, 1, '{\"validation\":{\"rule\":\"required|url\"}}', 13),
(118, 9, 'link_for_booking', 'text', 'Link For Booking', 0, 1, 1, 1, 1, 1, '{\"validation\":{\"rule\":\"required|url\"}}', 14),
(119, 9, 'link_for_tripadvisor', 'text', 'Link For Tripadvisor', 0, 1, 1, 1, 1, 1, '{\"validation\":{\"rule\":\"required|url\"}}', 15),
(120, 9, 'link_for_agoda', 'text', 'Link For Agoda', 0, 1, 1, 1, 1, 1, '{\"validation\":{\"rule\":\"required|url\"}}', 16),
(121, 9, 'link_for_book_now', 'text', 'Link For Book Now', 0, 1, 1, 1, 1, 1, '{\"validation\":{\"rule\":\"required|url\"}}', 17),
(122, 9, 'contact_number1', 'text', 'Contact Number1', 0, 1, 1, 1, 1, 1, '{\"validation\":{\"rule\":\"required|max:15\"}}', 18),
(123, 9, 'contact_number2', 'text', 'Contact Number2', 0, 1, 1, 1, 1, 1, '{\"validation\":{\"rule\":\"required|max:15\"}}', 19),
(124, 9, 'email', 'text', 'Email', 0, 1, 1, 1, 1, 1, '{\"validation\":{\"rule\":\"required|max:30\"}}', 20),
(125, 23, 'id', 'hidden', 'Id', 1, 0, 0, 0, 0, 0, '{}', 1),
(126, 23, 'abou_as', 'text_area', 'Abou As', 0, 1, 1, 1, 1, 1, '{\"validation\":{\"rule\":\"required\"}}', 2),
(127, 23, 'contact_info_address', 'text', 'Contact Info Address', 0, 1, 1, 1, 1, 1, '{\"validation\":{\"rule\":\"required\"}}', 3),
(128, 23, 'contact_info_email', 'text', 'Contact Info Email', 0, 1, 1, 1, 1, 1, '{\"validation\":{\"rule\":\"required\"}}', 4),
(129, 23, 'contact_info_phone', 'text', 'Contact Info Phone', 0, 1, 1, 1, 1, 1, '{\"validation\":{\"rule\":\"required\"}}', 5),
(130, 23, 'created_at', 'timestamp', 'Created At', 0, 1, 1, 1, 0, 1, '{}', 6),
(131, 23, 'updated_at', 'timestamp', 'Updated At', 0, 0, 0, 0, 0, 0, '{}', 7),
(132, 24, 'id', 'hidden', 'Id', 1, 0, 0, 0, 0, 0, '{}', 1),
(133, 24, 'image', 'image', 'Image', 0, 1, 1, 1, 1, 1, '{}', 2),
(134, 24, 'description', 'text_area', 'Description', 0, 1, 1, 1, 1, 1, '{}', 3),
(135, 24, 'created_at', 'timestamp', 'Created At', 0, 1, 1, 1, 0, 1, '{}', 4),
(136, 24, 'updated_at', 'timestamp', 'Updated At', 0, 0, 0, 0, 0, 0, '{}', 5),
(137, 27, 'id', 'hidden', 'Id', 1, 0, 0, 0, 0, 0, '{}', 1),
(138, 27, 'image', 'text', 'Image', 0, 1, 1, 1, 1, 1, '{}', 2),
(139, 27, 'description', 'text', 'Description', 0, 1, 1, 1, 1, 1, '{}', 3),
(140, 27, 'created_at', 'timestamp', 'Created At', 0, 1, 1, 1, 0, 1, '{}', 4),
(141, 27, 'updated_at', 'timestamp', 'Updated At', 0, 0, 0, 0, 0, 0, '{}', 5),
(142, 28, 'id', 'hidden', 'Id', 1, 0, 0, 0, 0, 0, '{}', 1),
(143, 28, 'image', 'image', 'Image', 0, 1, 1, 1, 1, 1, '{}', 2),
(144, 28, 'description', 'text_area', 'Description', 0, 1, 1, 1, 1, 1, '{}', 3),
(145, 28, 'created_at', 'timestamp', 'Created At', 0, 1, 1, 1, 0, 1, '{}', 4),
(146, 28, 'updated_at', 'timestamp', 'Updated At', 0, 0, 0, 0, 0, 0, '{}', 5),
(147, 29, 'id', 'hidden', 'Id', 1, 0, 0, 0, 0, 0, '{}', 1),
(148, 29, 'image', 'image', 'Image', 0, 1, 1, 1, 1, 1, '{}', 2),
(149, 29, 'description', 'text_area', 'Description', 0, 1, 1, 1, 1, 1, '{}', 3),
(150, 29, 'created_at', 'timestamp', 'Created At', 0, 1, 1, 1, 0, 1, '{}', 4),
(151, 29, 'updated_at', 'timestamp', 'Updated At', 0, 0, 0, 0, 0, 0, '{}', 5),
(152, 30, 'id', 'hidden', 'Id', 1, 0, 0, 0, 0, 0, '{}', 1),
(153, 30, 'image', 'image', 'Image', 0, 1, 1, 1, 1, 1, '{}', 2),
(154, 30, 'description', 'text_area', 'Description', 0, 1, 1, 1, 1, 1, '{}', 3),
(155, 30, 'created_at', 'timestamp', 'Created At', 0, 1, 1, 1, 0, 1, '{}', 4),
(156, 30, 'updated_at', 'timestamp', 'Updated At', 0, 0, 0, 0, 0, 0, '{}', 5),
(157, 31, 'id', 'hidden', 'Id', 1, 0, 0, 0, 0, 0, '{}', 1),
(158, 31, 'image', 'image', 'Image', 0, 1, 1, 1, 1, 1, '{}', 2),
(159, 31, 'description', 'text_area', 'Description', 0, 1, 1, 1, 1, 1, '{}', 3),
(160, 31, 'created_at', 'timestamp', 'Created At', 0, 1, 1, 1, 0, 1, '{}', 4),
(161, 31, 'updated_at', 'timestamp', 'Updated At', 0, 0, 0, 0, 0, 0, '{}', 5),
(162, 35, 'id', 'hidden', 'Id', 1, 0, 0, 0, 0, 0, '{}', 1),
(164, 35, 'title', 'text', 'Title', 0, 1, 1, 1, 1, 1, '{\"validation\":{\"rule\":\"required\"}}', 3),
(165, 35, 'description', 'text_area', 'Description', 0, 1, 1, 1, 1, 1, '{\"validation\":{\"rule\":\"required\"}}', 4),
(166, 35, 'image', 'image', 'Image', 0, 1, 1, 1, 1, 1, '{\"validation\":{\"rule\":\"required\"}}', 5),
(167, 35, 'created_at', 'timestamp', 'Created At', 0, 1, 1, 1, 0, 1, '{}', 6),
(168, 35, 'updated_at', 'timestamp', 'Updated At', 0, 0, 0, 0, 0, 0, '{}', 7),
(169, 36, 'id', 'hidden', 'Id', 1, 0, 0, 0, 0, 0, '{}', 1),
(171, 36, 'title', 'text', 'Title', 0, 1, 1, 1, 1, 1, '{\"validation\":{\"rule\":\"required\"}}', 3),
(172, 36, 'description', 'text', 'Description', 0, 1, 1, 1, 1, 1, '{\"validation\":{\"rule\":\"required\"}}', 4),
(173, 36, 'image', 'image', 'Image', 0, 1, 1, 1, 1, 1, '{\"validation\":{\"rule\":\"required\"}}', 5),
(174, 36, 'created_at', 'timestamp', 'Created At', 0, 1, 1, 1, 0, 1, '{}', 6),
(175, 36, 'updated_at', 'timestamp', 'Updated At', 0, 0, 0, 0, 0, 0, '{}', 7),
(182, 38, 'id', 'hidden', 'Id', 1, 0, 0, 0, 0, 0, '{}', 1),
(183, 38, 'image', 'image', 'Image', 0, 1, 1, 1, 1, 1, '{\"validation\":{\"rule\":\"required\"}}', 2),
(184, 38, 'name', 'text', 'Name', 0, 1, 1, 1, 1, 1, '{\"validation\":{\"rule\":\"required\"}}', 3),
(185, 38, 'fb', 'text', 'Face Book', 0, 1, 1, 1, 1, 1, '{\"validation\":{\"rule\":\"required\"}}', 4),
(186, 38, 'twitter', 'text', 'Twitter', 0, 1, 1, 1, 1, 1, '{\"validation\":{\"rule\":\"required\"}}', 5),
(187, 38, 'g_plus', 'text', 'G Plus', 0, 1, 1, 1, 1, 1, '{\"validation\":{\"rule\":\"required\"}}', 6),
(188, 38, 'created_at', 'timestamp', 'Created At', 0, 1, 1, 1, 0, 1, '{}', 7),
(189, 38, 'updated_at', 'timestamp', 'Updated At', 0, 0, 0, 0, 0, 0, '{}', 8),
(190, 42, 'id', 'text', 'Id', 1, 0, 0, 0, 0, 0, '{}', 1),
(191, 42, 'description', 'text', 'Description', 0, 1, 1, 1, 1, 1, '{}', 2),
(192, 42, 'created_at', 'timestamp', 'Created At', 0, 1, 1, 1, 0, 1, '{}', 3),
(193, 42, 'updated_at', 'timestamp', 'Updated At', 0, 0, 0, 0, 0, 0, '{}', 4),
(194, 43, 'id', 'hidden', 'Id', 1, 0, 0, 0, 0, 0, '{}', 1),
(195, 43, 'title', 'text', 'Title', 0, 1, 1, 1, 1, 1, '{\"validation\":{\"rule\":\"required\"}}', 2),
(196, 43, 'description', 'text_area', 'Description', 0, 1, 1, 1, 1, 1, '{\"validation\":{\"rule\":\"required\"}}', 3),
(197, 43, 'image', 'image', 'Image', 0, 1, 1, 1, 1, 1, '{\"validation\":{\"rule\":\"required\"}}', 4),
(198, 43, 'bank_deposit_title', 'text', 'Bank Deposit Title', 0, 1, 1, 1, 1, 1, '{\"validation\":{\"rule\":\"required\"}}', 5),
(199, 43, 'bank_deposit1', 'text_area', 'Bank Deposit1', 0, 1, 1, 1, 1, 1, '{\"validation\":{\"rule\":\"required\"}}', 6),
(200, 43, 'bank_deposit2', 'text_area', 'Bank Deposit2', 0, 1, 1, 1, 1, 1, '{\"validation\":{\"rule\":\"required\"}}', 7),
(201, 43, 'created_at', 'timestamp', 'Created At', 0, 1, 1, 1, 0, 1, '{}', 8),
(202, 43, 'updated_at', 'timestamp', 'Updated At', 0, 0, 0, 0, 0, 0, '{}', 9),
(203, 9, 'address', 'text', 'Address', 0, 1, 1, 1, 1, 1, '{\"validation\":{\"rule\":\"required\"}}', 21);

-- --------------------------------------------------------

--
-- Table structure for table `data_types`
--

CREATE TABLE `data_types` (
  `id` int(10) UNSIGNED NOT NULL,
  `name` varchar(255) COLLATE utf8mb4_unicode_ci NOT NULL,
  `slug` varchar(255) COLLATE utf8mb4_unicode_ci NOT NULL,
  `display_name_singular` varchar(255) COLLATE utf8mb4_unicode_ci NOT NULL,
  `display_name_plural` varchar(255) COLLATE utf8mb4_unicode_ci NOT NULL,
  `icon` varchar(255) COLLATE utf8mb4_unicode_ci DEFAULT NULL,
  `model_name` varchar(255) COLLATE utf8mb4_unicode_ci DEFAULT NULL,
  `policy_name` varchar(255) COLLATE utf8mb4_unicode_ci DEFAULT NULL,
  `controller` varchar(255) COLLATE utf8mb4_unicode_ci DEFAULT NULL,
  `description` varchar(255) COLLATE utf8mb4_unicode_ci DEFAULT NULL,
  `generate_permissions` tinyint(1) NOT NULL DEFAULT '0',
  `server_side` tinyint(4) NOT NULL DEFAULT '0',
  `details` text COLLATE utf8mb4_unicode_ci,
  `created_at` timestamp NULL DEFAULT NULL,
  `updated_at` timestamp NULL DEFAULT NULL
) ENGINE=InnoDB DEFAULT CHARSET=utf8mb4 COLLATE=utf8mb4_unicode_ci;

--
-- Dumping data for table `data_types`
--

INSERT INTO `data_types` (`id`, `name`, `slug`, `display_name_singular`, `display_name_plural`, `icon`, `model_name`, `policy_name`, `controller`, `description`, `generate_permissions`, `server_side`, `details`, `created_at`, `updated_at`) VALUES
(1, 'users', 'users', 'User', 'Users', 'voyager-person', 'TCG\\Voyager\\Models\\User', 'TCG\\Voyager\\Policies\\UserPolicy', '', '', 1, 0, NULL, '2019-02-07 11:49:42', '2019-02-07 11:49:42'),
(2, 'menus', 'menus', 'Menu', 'Menus', 'voyager-list', 'TCG\\Voyager\\Models\\Menu', NULL, '', '', 1, 0, NULL, '2019-02-07 11:49:42', '2019-02-07 11:49:42'),
(3, 'roles', 'roles', 'Role', 'Roles', 'voyager-lock', 'TCG\\Voyager\\Models\\Role', NULL, '', '', 1, 0, NULL, '2019-02-07 11:49:42', '2019-02-07 11:49:42'),
(4, 'categories', 'categories', 'Category', 'Categories', 'voyager-categories', 'TCG\\Voyager\\Models\\Category', NULL, '', '', 1, 0, NULL, '2019-02-07 11:50:13', '2019-02-07 11:50:13'),
(5, 'posts', 'posts', 'Post', 'Posts', 'voyager-news', 'TCG\\Voyager\\Models\\Post', 'TCG\\Voyager\\Policies\\PostPolicy', '', '', 1, 0, NULL, '2019-02-07 11:50:14', '2019-02-07 11:50:14'),
(6, 'pages', 'pages', 'Page', 'Pages', 'voyager-file-text', 'TCG\\Voyager\\Models\\Page', NULL, '', '', 1, 0, NULL, '2019-02-07 11:50:16', '2019-02-07 11:50:16'),
(8, 'slider', 'slider', 'Slider', 'Sliders', NULL, 'App\\Slider', NULL, NULL, NULL, 1, 0, '{\"order_column\":null,\"order_display_column\":null,\"order_direction\":\"asc\",\"default_search_key\":null}', '2019-03-05 11:10:47', '2019-03-05 19:48:56'),
(9, 'sliders', 'sliders', 'sliders', 'Sliders', NULL, 'App\\Slider', NULL, NULL, NULL, 1, 1, '{\"order_column\":null,\"order_display_column\":null,\"order_direction\":\"asc\",\"default_search_key\":null}', '2019-03-05 19:56:40', '2019-04-09 05:34:10'),
(13, 'latest_adventures', 'latest-adventures', 'Latest Adventure', 'Latest Adventures', NULL, 'App\\Latest_Adventure', NULL, NULL, NULL, 1, 0, '{\"order_column\":null,\"order_display_column\":null,\"order_direction\":\"asc\",\"default_search_key\":null}', '2019-03-10 06:47:39', '2019-03-10 06:54:11'),
(14, 'adventures', 'adventures', 'Adventure', 'Adventures', NULL, 'App\\Adventure', NULL, NULL, NULL, 1, 0, '{\"order_column\":null,\"order_display_column\":null,\"order_direction\":\"asc\",\"default_search_key\":null}', '2019-03-10 07:02:28', '2019-03-20 09:36:29'),
(15, 'best_adventures', 'best-adventures', 'Best Adventure', 'Best Adventures', NULL, 'App\\BestAdventure', NULL, NULL, NULL, 1, 0, '{\"order_column\":null,\"order_display_column\":null,\"order_direction\":\"asc\",\"default_search_key\":null}', '2019-03-14 10:55:37', '2019-04-27 22:34:51'),
(16, 'home_page_events', 'home-page-events', 'Home Page Event', 'Home Page Events', NULL, 'App\\HomePageEvent', NULL, NULL, NULL, 1, 0, '{\"order_column\":null,\"order_display_column\":null,\"order_direction\":\"asc\",\"default_search_key\":null}', '2019-03-15 05:24:53', '2019-03-20 09:40:37'),
(18, 'gallery_infos', 'gallery-infos', 'Gallery Info', 'Gallery Infos', NULL, 'App\\GalleryInfo', NULL, NULL, NULL, 1, 0, '{\"order_column\":null,\"order_display_column\":null,\"order_direction\":\"asc\",\"default_search_key\":null}', '2019-03-16 21:35:36', '2019-03-20 09:41:12'),
(20, 'customer_says', 'customer-says', 'Customer Say', 'Customer Says', NULL, 'App\\CustomerSay', NULL, NULL, NULL, 1, 0, '{\"order_column\":null,\"order_display_column\":null,\"order_direction\":\"asc\",\"default_search_key\":null}', '2019-03-17 05:27:35', '2019-03-20 09:41:37'),
(21, 'customers', 'customers', 'Customer', 'Customer', NULL, 'App\\Customer', NULL, NULL, NULL, 1, 0, '{\"order_column\":null,\"order_display_column\":null,\"order_direction\":\"asc\",\"default_search_key\":null}', '2019-03-17 05:46:00', '2019-03-20 09:42:16'),
(22, 'footer', 'footer', 'Footer', 'Footers', NULL, 'App\\Footer', NULL, NULL, NULL, 1, 0, '{\"order_column\":null,\"order_display_column\":null,\"order_direction\":\"asc\",\"default_search_key\":null}', '2019-03-20 09:26:56', '2019-03-20 09:26:56'),
(23, 'footers', 'footers', 'Footer', 'Footers', NULL, 'App\\Footer', NULL, NULL, NULL, 1, 0, '{\"order_column\":null,\"order_display_column\":null,\"order_direction\":\"asc\",\"default_search_key\":null}', '2019-03-20 09:29:30', '2019-03-20 09:29:30'),
(24, 'gallery_event_activities', 'gallery-event-activities', 'Gallery Event Activity', 'Gallery Event Activities', NULL, 'App\\GalleryEventActivity', NULL, NULL, NULL, 1, 0, '{\"order_column\":null,\"order_display_column\":null,\"order_direction\":\"asc\",\"default_search_key\":null}', '2019-03-20 21:01:50', '2019-03-20 21:01:50'),
(27, 'gallery_waterfalls', 'gallery-waterfalls', 'Gallery Waterfall', 'Gallery Waterfalls', NULL, 'App\\GalleryWaterfall', NULL, NULL, NULL, 1, 0, '{\"order_column\":null,\"order_display_column\":null,\"order_direction\":\"asc\",\"default_search_key\":null}', '2019-03-26 20:40:35', '2019-03-26 20:40:35'),
(28, 'gallery_foods', 'gallery-foods', 'Gallery Food', 'Gallery Foods', NULL, 'App\\GalleryFood', NULL, NULL, NULL, 1, 0, '{\"order_column\":null,\"order_display_column\":null,\"order_direction\":\"asc\",\"default_search_key\":null}', '2019-03-26 21:09:46', '2019-03-26 21:09:46'),
(29, 'gallery_accommodations', 'gallery-accommodations', 'Gallery Accommodation', 'Gallery Accommodations', NULL, 'App\\GalleryAccommodation', NULL, NULL, NULL, 1, 0, '{\"order_column\":null,\"order_display_column\":null,\"order_direction\":\"asc\",\"default_search_key\":null}', '2019-03-28 10:33:53', '2019-03-28 10:33:53'),
(30, 'gallery_trekkings', 'gallery-trekkings', 'Gallery Trekking', 'Gallery Trekkings', NULL, 'App\\GalleryTrekking', NULL, NULL, NULL, 1, 0, '{\"order_column\":null,\"order_display_column\":null,\"order_direction\":\"asc\",\"default_search_key\":null}', '2019-03-28 20:46:10', '2019-03-28 20:46:10'),
(31, 'gallery_campings', 'gallery-campings', 'Gallery Camping', 'Gallery Campings', NULL, 'App\\GalleryCamping', NULL, NULL, NULL, 1, 0, '{\"order_column\":null,\"order_display_column\":null,\"order_direction\":\"asc\",\"default_search_key\":null}', '2019-03-28 20:50:31', '2019-03-28 20:50:31'),
(33, 'about_us', 'about-us', 'About U', 'About Us', NULL, 'App\\AboutUs', NULL, NULL, NULL, 1, 0, '{\"order_column\":null,\"order_display_column\":null,\"order_direction\":\"asc\",\"default_search_key\":null}', '2019-03-29 10:24:04', '2019-03-29 10:24:04'),
(34, 'about_uses', 'about-uses', 'About Use', 'About Uses', NULL, 'App\\AboutUs', NULL, NULL, NULL, 1, 0, '{\"order_column\":null,\"order_display_column\":null,\"order_direction\":\"asc\",\"default_search_key\":null}', '2019-03-29 10:27:39', '2019-03-29 10:27:39'),
(35, 'abouts', 'abouts', 'About', 'Abouts', NULL, 'App\\About', NULL, NULL, NULL, 1, 0, '{\"order_column\":null,\"order_display_column\":null,\"order_direction\":\"asc\",\"default_search_key\":null}', '2019-03-29 10:32:28', '2019-03-29 10:41:23'),
(36, 'subscribes', 'subscribes', 'Subscribe', 'Subscribes', NULL, 'App\\Subscribe', NULL, NULL, NULL, 1, 0, '{\"order_column\":null,\"order_display_column\":null,\"order_direction\":\"asc\",\"default_search_key\":null}', '2019-03-29 10:49:26', '2019-03-29 10:56:45'),
(38, 'our_agents', 'our-agents', 'Our Agent', 'Our Agents', NULL, 'App\\OurAgent', NULL, NULL, NULL, 1, 0, '{\"order_column\":null,\"order_display_column\":null,\"order_direction\":\"asc\",\"default_search_key\":null}', '2019-03-31 20:30:59', '2019-03-31 20:30:59'),
(40, 'about_sinharaja', 'about-sinharaja', 'About Sinharaja', 'About Sinharajas', NULL, 'App\\AboutSinharaja', NULL, NULL, NULL, 1, 0, '{\"order_column\":null,\"order_display_column\":null,\"order_direction\":\"asc\",\"default_search_key\":null}', '2019-04-06 05:10:38', '2019-04-06 05:12:49'),
(42, 'about_forests', 'about-forests', 'About Forest', 'About Forests', NULL, 'App\\AboutForest', NULL, NULL, NULL, 1, 0, '{\"order_column\":null,\"order_display_column\":null,\"order_direction\":\"asc\",\"default_search_key\":null}', '2019-04-06 05:22:03', '2019-04-06 05:22:03'),
(43, 'contacts', 'contacts', 'Contact', 'Contacts', NULL, 'App\\Contact', NULL, NULL, NULL, 1, 0, '{\"order_column\":null,\"order_display_column\":null,\"order_direction\":\"asc\",\"default_search_key\":null}', '2019-04-06 23:32:23', '2019-04-06 23:32:23');

-- --------------------------------------------------------

--
-- Table structure for table `gallery_accommodations`
--

CREATE TABLE `gallery_accommodations` (
  `id` int(10) UNSIGNED NOT NULL,
  `image` text COLLATE utf8mb4_unicode_ci,
  `description` text COLLATE utf8mb4_unicode_ci,
  `created_at` timestamp NULL DEFAULT NULL,
  `updated_at` timestamp NULL DEFAULT NULL
) ENGINE=InnoDB DEFAULT CHARSET=utf8mb4 COLLATE=utf8mb4_unicode_ci;

--
-- Dumping data for table `gallery_accommodations`
--

INSERT INTO `gallery_accommodations` (`id`, `image`, `description`, `created_at`, `updated_at`) VALUES
(2, '1556946832images.jpeg', 'test', '2019-05-03 23:43:52', '2019-05-03 23:43:52'),
(3, '1556946844images (1).jpeg', 'test 2', '2019-05-03 23:44:04', '2019-05-03 23:44:04');

-- --------------------------------------------------------

--
-- Table structure for table `gallery_campings`
--

CREATE TABLE `gallery_campings` (
  `id` int(10) UNSIGNED NOT NULL,
  `image` text COLLATE utf8mb4_unicode_ci,
  `description` text COLLATE utf8mb4_unicode_ci,
  `created_at` timestamp NULL DEFAULT NULL,
  `updated_at` timestamp NULL DEFAULT NULL
) ENGINE=InnoDB DEFAULT CHARSET=utf8mb4 COLLATE=utf8mb4_unicode_ci;

--
-- Dumping data for table `gallery_campings`
--

INSERT INTO `gallery_campings` (`id`, `image`, `description`, `created_at`, `updated_at`) VALUES
(2, '1556947886european_turtle_dove_streptopelia_turtur_websitec_revital_salomon.jpg', 'tttttttttttttttt', '2019-05-04 00:01:26', '2019-05-04 00:01:26'),
(3, '1556947895pexels-photo-931007.jpeg', 'iyuytdsds', '2019-05-04 00:01:35', '2019-05-04 00:01:35');

-- --------------------------------------------------------

--
-- Table structure for table `gallery_event_activities`
--

CREATE TABLE `gallery_event_activities` (
  `id` int(10) UNSIGNED NOT NULL,
  `image` text COLLATE utf8mb4_unicode_ci,
  `description` text COLLATE utf8mb4_unicode_ci,
  `created_at` timestamp NULL DEFAULT NULL,
  `updated_at` timestamp NULL DEFAULT NULL
) ENGINE=InnoDB DEFAULT CHARSET=utf8mb4 COLLATE=utf8mb4_unicode_ci;

--
-- Dumping data for table `gallery_event_activities`
--

INSERT INTO `gallery_event_activities` (`id`, `image`, `description`, `created_at`, `updated_at`) VALUES
(1, '1556945956cruise_ship_516246.jpg', 'ddddddddddfgr', '2019-03-20 21:02:14', '2019-05-03 23:29:16'),
(19, '15569430543a890069-edfb-4ceb-ab29-9a1b6fb206cf.jpg', 'jjhh', '2019-05-03 22:27:33', '2019-05-03 22:40:54'),
(22, '1556943113european_turtle_dove_streptopelia_turtur_websitec_revital_salomon.jpg', 'nj', '2019-05-03 22:29:08', '2019-05-03 22:41:53');

-- --------------------------------------------------------

--
-- Table structure for table `gallery_foods`
--

CREATE TABLE `gallery_foods` (
  `id` int(10) UNSIGNED NOT NULL,
  `image` text COLLATE utf8mb4_unicode_ci,
  `description` text COLLATE utf8mb4_unicode_ci,
  `created_at` timestamp NULL DEFAULT NULL,
  `updated_at` timestamp NULL DEFAULT NULL
) ENGINE=InnoDB DEFAULT CHARSET=utf8mb4 COLLATE=utf8mb4_unicode_ci;

--
-- Dumping data for table `gallery_foods`
--

INSERT INTO `gallery_foods` (`id`, `image`, `description`, `created_at`, `updated_at`) VALUES
(1, '1556946122pexels-photo-931007.jpeg', 'aaa', '2019-03-28 10:21:52', '2019-05-03 23:32:02'),
(3, '1556946168cruise-114152__340.jpg', 'ssdvbb', '2019-05-03 23:32:48', '2019-05-03 23:32:48');

-- --------------------------------------------------------

--
-- Table structure for table `gallery_infos`
--

CREATE TABLE `gallery_infos` (
  `id` int(10) UNSIGNED NOT NULL,
  `description` text COLLATE utf8mb4_unicode_ci,
  `created_at` timestamp NULL DEFAULT NULL,
  `updated_at` timestamp NULL DEFAULT NULL
) ENGINE=InnoDB DEFAULT CHARSET=utf8mb4 COLLATE=utf8mb4_unicode_ci;

--
-- Dumping data for table `gallery_infos`
--

INSERT INTO `gallery_infos` (`id`, `description`, `created_at`, `updated_at`) VALUES
(1, 'Waterfalls around the hotel There are very beautiful water falls and unlimited water ways at lankagama entrance to sinharaja rain forest.', '2019-03-16 21:36:00', '2019-04-28 00:11:32');

-- --------------------------------------------------------

--
-- Table structure for table `gallery_trekkings`
--

CREATE TABLE `gallery_trekkings` (
  `id` int(10) UNSIGNED NOT NULL,
  `image` text COLLATE utf8mb4_unicode_ci,
  `description` text COLLATE utf8mb4_unicode_ci,
  `created_at` timestamp NULL DEFAULT NULL,
  `updated_at` timestamp NULL DEFAULT NULL
) ENGINE=InnoDB DEFAULT CHARSET=utf8mb4 COLLATE=utf8mb4_unicode_ci;

--
-- Dumping data for table `gallery_trekkings`
--

INSERT INTO `gallery_trekkings` (`id`, `image`, `description`, `created_at`, `updated_at`) VALUES
(2, '1556947376images.jpeg', 'uhuihu huih uihiuhi uh hiuuihgggggggggggggggggggggg', '2019-03-28 20:49:42', '2019-05-03 23:52:56'),
(5, '1556947398images (1).jpeg', 'hdfsdas', '2019-05-03 23:53:18', '2019-05-03 23:53:18');

-- --------------------------------------------------------

--
-- Table structure for table `gallery_waterfalls`
--

CREATE TABLE `gallery_waterfalls` (
  `id` int(10) UNSIGNED NOT NULL,
  `image` text COLLATE utf8mb4_unicode_ci,
  `description` text COLLATE utf8mb4_unicode_ci,
  `created_at` timestamp NULL DEFAULT NULL,
  `updated_at` timestamp NULL DEFAULT NULL
) ENGINE=InnoDB DEFAULT CHARSET=utf8mb4 COLLATE=utf8mb4_unicode_ci;

--
-- Dumping data for table `gallery_waterfalls`
--

INSERT INTO `gallery_waterfalls` (`id`, `image`, `description`, `created_at`, `updated_at`) VALUES
(1, '1556944691images (1).jpeg', 'hliuhhiuh iuhiuhiu hiuhuihui  hliuhhiuh iuhiuhiu hiuhuihui  hliuhhiuh iuhiuhiu hiuhuihui  hliuhhiuh iuhiuhiu hiuhuihui  hliuhhiuh iuhiuhiu hiuhuihui  hliuhhiuh iuhiuhiu hiuhuihui  hliuhhiuh iuhiuhiu hiuhuihui  hliuhhiuh iuhiuhiu hiuhuihui  hliuhhiuh iuhiuhiu hiuhuihui  hliuhhiuh iuhiuhiu hiuhuihui  hliuhhiuh iuhiuhiu hiuhuihui  hliuhhiuh iuhiuhiu hiuhuihui', '2019-03-26 20:45:14', '2019-05-03 23:08:11'),
(2, '1556944720admin_home.png', 'qqqqqqqqqqq qqqqqqqqqqqqqq', '2019-03-26 21:10:08', '2019-05-03 23:08:40'),
(5, '1556944667cruise_ship_516246.jpg', 'test lkj', '2019-05-03 23:07:47', '2019-05-03 23:17:33');

-- --------------------------------------------------------

--
-- Table structure for table `home_page_events`
--

CREATE TABLE `home_page_events` (
  `id` int(10) UNSIGNED NOT NULL,
  `title` text COLLATE utf8mb4_unicode_ci,
  `description` text COLLATE utf8mb4_unicode_ci,
  `image` text COLLATE utf8mb4_unicode_ci,
  `created_at` timestamp NULL DEFAULT NULL,
  `updated_at` timestamp NULL DEFAULT NULL
) ENGINE=InnoDB DEFAULT CHARSET=utf8mb4 COLLATE=utf8mb4_unicode_ci;

--
-- Dumping data for table `home_page_events`
--

INSERT INTO `home_page_events` (`id`, `title`, `description`, `image`, `created_at`, `updated_at`) VALUES
(1, 'Bird Watching', 'Bird watching in sinharaja rain forest is considered as a main interest of a nature lover. Sinharaja hosts a variety of birds. Over 147 species have been recorded. This variety of species is possible because of the availability of Bird watching in sinharaja Bird watching in sinharaja rain forest is considered as a main interest of a nature lover. Sinharaja hosts a variety of birds. Over 147 species have been recorded. This variety of species is possible because of the availability of Bird watching in sinharaja rain forest is considered as a main interest of a nature lover. Sinharaja hosts a variety of birds. Over 147 species have been recorded. This variety of species is possible because of the availability of specific rain forest is considered as a main interest of a nature lover. Sinharaja hosts a variety of birds. Over 147 species have been recorded. This variety of species is possible because of the availability of specific', '1556429468pexels-photo-963044.jpeg', '2019-03-15 05:25:29', '2019-04-28 00:11:56');

-- --------------------------------------------------------

--
-- Table structure for table `menus`
--

CREATE TABLE `menus` (
  `id` int(10) UNSIGNED NOT NULL,
  `name` varchar(255) COLLATE utf8mb4_unicode_ci NOT NULL,
  `created_at` timestamp NULL DEFAULT NULL,
  `updated_at` timestamp NULL DEFAULT NULL
) ENGINE=InnoDB DEFAULT CHARSET=utf8mb4 COLLATE=utf8mb4_unicode_ci;

--
-- Dumping data for table `menus`
--

INSERT INTO `menus` (`id`, `name`, `created_at`, `updated_at`) VALUES
(1, 'admin', '2019-02-07 11:49:43', '2019-02-07 11:49:43');

-- --------------------------------------------------------

--
-- Table structure for table `menu_items`
--

CREATE TABLE `menu_items` (
  `id` int(10) UNSIGNED NOT NULL,
  `menu_id` int(10) UNSIGNED DEFAULT NULL,
  `title` varchar(255) COLLATE utf8mb4_unicode_ci NOT NULL,
  `url` varchar(255) COLLATE utf8mb4_unicode_ci NOT NULL,
  `target` varchar(255) COLLATE utf8mb4_unicode_ci NOT NULL DEFAULT '_self',
  `icon_class` varchar(255) COLLATE utf8mb4_unicode_ci DEFAULT NULL,
  `color` varchar(255) COLLATE utf8mb4_unicode_ci DEFAULT NULL,
  `parent_id` int(11) DEFAULT NULL,
  `order` int(11) NOT NULL,
  `created_at` timestamp NULL DEFAULT NULL,
  `updated_at` timestamp NULL DEFAULT NULL,
  `route` varchar(255) COLLATE utf8mb4_unicode_ci DEFAULT NULL,
  `parameters` text COLLATE utf8mb4_unicode_ci
) ENGINE=InnoDB DEFAULT CHARSET=utf8mb4 COLLATE=utf8mb4_unicode_ci;

--
-- Dumping data for table `menu_items`
--

INSERT INTO `menu_items` (`id`, `menu_id`, `title`, `url`, `target`, `icon_class`, `color`, `parent_id`, `order`, `created_at`, `updated_at`, `route`, `parameters`) VALUES
(1, 1, 'Dashboard', '', '_self', 'voyager-boat', NULL, NULL, 1, '2019-02-07 11:49:43', '2019-02-07 11:49:43', 'voyager.dashboard', NULL),
(2, 1, 'Media', '', '_self', 'voyager-images', NULL, NULL, 4, '2019-02-07 11:49:43', '2019-04-26 12:02:02', 'voyager.media.index', NULL),
(3, 1, 'Users', '', '_self', 'voyager-person', NULL, NULL, 3, '2019-02-07 11:49:43', '2019-04-26 12:02:02', 'voyager.users.index', NULL),
(4, 1, 'Roles', '', '_self', 'voyager-lock', NULL, NULL, 2, '2019-02-07 11:49:44', '2019-04-26 12:02:02', 'voyager.roles.index', NULL),
(5, 1, 'Tools', '', '_self', 'voyager-tools', NULL, NULL, 8, '2019-02-07 11:49:44', '2019-04-26 12:02:02', NULL, NULL),
(6, 1, 'Menu Builder', '', '_self', 'voyager-list', NULL, 5, 1, '2019-02-07 11:49:44', '2019-03-05 10:18:59', 'voyager.menus.index', NULL),
(7, 1, 'Database', '', '_self', 'voyager-data', NULL, 5, 2, '2019-02-07 11:49:44', '2019-03-05 10:18:59', 'voyager.database.index', NULL),
(8, 1, 'Compass', '', '_self', 'voyager-compass', NULL, 5, 3, '2019-02-07 11:49:44', '2019-03-05 10:18:59', 'voyager.compass.index', NULL),
(9, 1, 'BREAD', '', '_self', 'voyager-bread', NULL, 5, 4, '2019-02-07 11:49:44', '2019-03-05 10:18:59', 'voyager.bread.index', NULL),
(10, 1, 'Settings', '', '_self', 'voyager-settings', NULL, NULL, 9, '2019-02-07 11:49:44', '2019-04-26 12:02:02', 'voyager.settings.index', NULL),
(11, 1, 'Hooks', '', '_self', 'voyager-hook', NULL, 5, 5, '2019-02-07 11:49:48', '2019-03-05 10:18:59', 'voyager.hooks', NULL),
(12, 1, 'Categories', '', '_self', 'voyager-categories', NULL, NULL, 7, '2019-02-07 11:50:13', '2019-04-26 12:02:02', 'voyager.categories.index', NULL),
(13, 1, 'Posts', '', '_self', 'voyager-news', NULL, NULL, 5, '2019-02-07 11:50:15', '2019-04-26 12:02:02', 'voyager.posts.index', NULL),
(14, 1, 'Pages', '', '_self', 'voyager-file-text', NULL, NULL, 6, '2019-02-07 11:50:16', '2019-04-26 12:02:02', 'voyager.pages.index', NULL),
(17, 1, 'Sliders', '', '_self', NULL, '#000000', NULL, 10, '2019-03-05 19:56:40', '2019-04-26 13:40:55', 'voyager.sliders.create', 'null'),
(19, 1, 'Adventures', '', '_self', NULL, '#000000', NULL, 11, '2019-03-10 07:02:29', '2019-04-27 08:53:33', 'voyager.adventures.create', 'null'),
(21, 1, 'Home Page Events', '', '_self', NULL, '#000000', NULL, 13, '2019-03-15 05:24:53', '2019-04-27 23:28:24', 'voyager.home-page-events.create', 'null'),
(23, 1, 'Gallery Infos', '', '_self', NULL, '#000000', NULL, 14, '2019-03-16 21:35:36', '2019-04-28 00:10:24', 'voyager.gallery-infos.create', 'null'),
(25, 1, 'Customer Says', '', '_self', NULL, '#000000', NULL, 15, '2019-03-17 05:27:36', '2019-05-02 09:37:39', 'voyager.customer-says.create', 'null'),
(26, 1, 'What Customer Says', '', '_self', NULL, '#000000', NULL, 16, '2019-03-17 05:46:01', '2019-05-02 09:51:21', 'voyager.customer.index', 'null'),
(27, 1, 'Footers', '', '_self', NULL, NULL, NULL, 17, '2019-03-20 09:26:56', '2019-04-26 12:37:45', 'voyager.footer.index', NULL),
(28, 1, 'Footers', '', '_self', NULL, NULL, NULL, 18, '2019-03-20 09:29:31', '2019-04-26 12:37:45', 'voyager.footers.index', NULL),
(29, 1, 'Gallery Event Activities', '', '_self', NULL, '#000000', NULL, 19, '2019-03-20 21:01:50', '2019-05-02 20:58:28', 'voyager.gallery-event.index', 'null'),
(30, 1, 'Gallery Waterfalls', '', '_self', NULL, '#000000', NULL, 20, '2019-03-26 20:40:35', '2019-05-03 23:03:09', 'voyager.gallery-waterfall.index', 'null'),
(31, 1, 'Gallery Foods', '', '_self', NULL, '#000000', NULL, 21, '2019-03-26 21:09:46', '2019-05-03 23:28:49', 'voyager.gallery-food.index', 'null'),
(32, 1, 'Gallery Accommodations', '', '_self', NULL, '#000000', NULL, 22, '2019-03-28 10:33:53', '2019-05-03 23:43:24', 'voyager.gallery-accommodation.index', 'null'),
(33, 1, 'Gallery Trekkings', '', '_self', NULL, '#000000', NULL, 23, '2019-03-28 20:46:10', '2019-05-03 23:47:13', 'voyager.gallery-trekking.index', 'null'),
(34, 1, 'Gallery Campings', '', '_self', NULL, '#000000', NULL, 24, '2019-03-28 20:50:31', '2019-05-03 23:58:41', 'voyager.gallery-camping.index', 'null'),
(37, 1, 'Abouts', '', '_self', NULL, '#000000', NULL, 25, '2019-03-29 10:32:28', '2019-05-04 00:28:02', 'voyager.about.create', 'null'),
(38, 1, 'Subscribes', '', '_self', NULL, NULL, NULL, 26, '2019-03-29 10:49:26', '2019-04-26 12:37:45', 'voyager.subscribes.index', NULL),
(40, 1, 'Our Agents', '', '_self', NULL, '#000000', NULL, 27, '2019-03-31 20:30:59', '2019-05-04 02:11:16', 'voyager.our-agent.index', 'null'),
(41, 1, 'About Sinharajas', '', '_self', NULL, NULL, NULL, 28, '2019-04-06 05:10:39', '2019-04-26 12:37:46', 'voyager.about-sinharaja.index', NULL),
(42, 1, 'About Forests', '', '_self', NULL, NULL, NULL, 29, '2019-04-06 05:22:03', '2019-04-26 12:37:46', 'voyager.about-forests.index', NULL),
(43, 1, 'Contacts', '', '_self', NULL, NULL, NULL, 30, '2019-04-06 23:32:24', '2019-04-26 12:37:46', 'voyager.contacts.index', NULL);

-- --------------------------------------------------------

--
-- Table structure for table `migrations`
--

CREATE TABLE `migrations` (
  `id` int(10) UNSIGNED NOT NULL,
  `migration` varchar(255) COLLATE utf8mb4_unicode_ci NOT NULL,
  `batch` int(11) NOT NULL
) ENGINE=InnoDB DEFAULT CHARSET=utf8mb4 COLLATE=utf8mb4_unicode_ci;

--
-- Dumping data for table `migrations`
--

INSERT INTO `migrations` (`id`, `migration`, `batch`) VALUES
(1, '2014_10_12_000000_create_users_table', 1),
(2, '2014_10_12_100000_create_password_resets_table', 1),
(3, '2016_01_01_000000_add_voyager_user_fields', 1),
(4, '2016_01_01_000000_create_data_types_table', 1),
(5, '2016_05_19_173453_create_menu_table', 1),
(6, '2016_10_21_190000_create_roles_table', 1),
(7, '2016_10_21_190000_create_settings_table', 1),
(8, '2016_11_30_135954_create_permission_table', 1),
(9, '2016_11_30_141208_create_permission_role_table', 1),
(10, '2016_12_26_201236_data_types__add__server_side', 1),
(11, '2017_01_13_000000_add_route_to_menu_items_table', 1),
(12, '2017_01_14_005015_create_translations_table', 1),
(13, '2017_01_15_000000_make_table_name_nullable_in_permissions_table', 1),
(14, '2017_03_06_000000_add_controller_to_data_types_table', 1),
(15, '2017_04_21_000000_add_order_to_data_rows_table', 1),
(16, '2017_07_05_210000_add_policyname_to_data_types_table', 1),
(17, '2017_08_05_000000_add_group_to_settings_table', 1),
(18, '2017_11_26_013050_add_user_role_relationship', 1),
(19, '2017_11_26_015000_create_user_roles_table', 1),
(20, '2018_03_11_000000_add_user_settings', 1),
(21, '2018_03_14_000000_add_details_to_data_types_table', 1),
(22, '2018_03_16_000000_make_settings_value_nullable', 1),
(23, '2019_02_07_171900_create_homes_table', 1),
(24, '2016_01_01_000000_create_pages_table', 2),
(25, '2016_01_01_000000_create_posts_table', 2),
(26, '2016_02_15_204651_create_categories_table', 2),
(27, '2017_04_11_000000_alter_post_nullable_fields_table', 2);

-- --------------------------------------------------------

--
-- Table structure for table `newsletters`
--

CREATE TABLE `newsletters` (
  `id` int(11) NOT NULL,
  `name` varchar(100) NOT NULL,
  `email` varchar(100) NOT NULL,
  `updated_at` timestamp NULL DEFAULT NULL,
  `created_at` timestamp NULL DEFAULT NULL
) ENGINE=InnoDB DEFAULT CHARSET=latin1;

--
-- Dumping data for table `newsletters`
--

INSERT INTO `newsletters` (`id`, `name`, `email`, `updated_at`, `created_at`) VALUES
(17, 'ishan', 'ishans@insharptechnologies.com', '2019-03-29 22:44:26', '2019-03-29 22:44:26'),
(18, 'ytre', 'admin@example.com', '2019-05-04 02:06:59', '2019-05-04 02:06:59');

-- --------------------------------------------------------

--
-- Table structure for table `our_agents`
--

CREATE TABLE `our_agents` (
  `id` int(10) UNSIGNED NOT NULL,
  `image` text COLLATE utf8mb4_unicode_ci,
  `name` text COLLATE utf8mb4_unicode_ci,
  `fb` text COLLATE utf8mb4_unicode_ci,
  `twitter` text COLLATE utf8mb4_unicode_ci,
  `g_plus` text COLLATE utf8mb4_unicode_ci,
  `created_at` timestamp NULL DEFAULT NULL,
  `updated_at` timestamp NULL DEFAULT NULL
) ENGINE=InnoDB DEFAULT CHARSET=utf8mb4 COLLATE=utf8mb4_unicode_ci;

--
-- Dumping data for table `our_agents`
--

INSERT INTO `our_agents` (`id`, `image`, `name`, `fb`, `twitter`, `g_plus`, `created_at`, `updated_at`) VALUES
(2, '15569571033a890069-edfb-4ceb-ab29-9a1b6fb206cf.jpg', 'ishan pradeep kumara', 'http://sinharajaecolodge.test/admin/our-agents/create', 'http://sinharajaecolodge.test/admin/our-agents/create', 'http://sinharajaecolodge.test/admin/our-agents/create', '2019-04-01 20:42:43', '2019-05-04 02:35:25'),
(3, '1556959867images.jpeg', 'pradeep fffffffffffffff', 'http://sinharajaecolodge.test/admin/our-agents/create', 'http://sinharajaecolodge.test/admin/our-agents/create', 'http://sinharajaecolodge.test/admin/our-agents/create', '2019-04-01 20:43:14', '2019-05-04 03:21:07'),
(6, '1556959474cruise_ship_516246.jpg', 'gallery_info fffffffffffffffffff', 'http://sinharajaecolodge.test/admin/our-agent/create', 'http://sinharajaecolodge.test/admin/our-agent/create', 'http://sinharajaecolodge.test/admin/our-agent/create', '2019-05-04 03:14:34', '2019-05-04 03:14:34'),
(7, '1556959602cruise_ship_516246.jpg', 'gallery_info fffffffffffffffffff', 'http://sinharajaecolodge.test/admin/our-agent/create', 'http://sinharajaecolodge.test/admin/our-agent/create', 'http://sinharajaecolodge.test/admin/our-agent/create', '2019-05-04 03:16:42', '2019-05-04 03:16:42'),
(8, '1556959661cruise_ship_516246.jpg', 'gallery_info fffffffffffffffffff', 'http://sinharajaecolodge.test/admin/our-agent/create', 'http://sinharajaecolodge.test/admin/our-agent/create', 'http://sinharajaecolodge.test/admin/our-agent/create', '2019-05-04 03:17:41', '2019-05-04 03:17:41'),
(9, '1556959717cruise_ship_516246.jpg', 'gallery_info fffffffffffffffffff', 'http://sinharajaecolodge.test/admin/our-agent/create', 'http://sinharajaecolodge.test/admin/our-agent/create', 'http://sinharajaecolodge.test/admin/our-agent/create', '2019-05-04 03:18:37', '2019-05-04 03:18:37'),
(10, '1556959795cruise_ship_516246.jpg', 'gallery_info fffffffffffffffffff', 'http://sinharajaecolodge.test/admin/our-agent/create', 'http://sinharajaecolodge.test/admin/our-agent/create', 'http://sinharajaecolodge.test/admin/our-agent/create', '2019-05-04 03:19:55', '2019-05-04 03:19:55');

-- --------------------------------------------------------

--
-- Table structure for table `pages`
--

CREATE TABLE `pages` (
  `id` int(10) UNSIGNED NOT NULL,
  `author_id` int(11) NOT NULL,
  `title` varchar(255) COLLATE utf8mb4_unicode_ci NOT NULL,
  `excerpt` text COLLATE utf8mb4_unicode_ci,
  `body` text COLLATE utf8mb4_unicode_ci,
  `image` varchar(255) COLLATE utf8mb4_unicode_ci DEFAULT NULL,
  `slug` varchar(255) COLLATE utf8mb4_unicode_ci NOT NULL,
  `meta_description` text COLLATE utf8mb4_unicode_ci,
  `meta_keywords` text COLLATE utf8mb4_unicode_ci,
  `status` enum('ACTIVE','INACTIVE') COLLATE utf8mb4_unicode_ci NOT NULL DEFAULT 'INACTIVE',
  `created_at` timestamp NULL DEFAULT NULL,
  `updated_at` timestamp NULL DEFAULT NULL
) ENGINE=InnoDB DEFAULT CHARSET=utf8mb4 COLLATE=utf8mb4_unicode_ci;

--
-- Dumping data for table `pages`
--

INSERT INTO `pages` (`id`, `author_id`, `title`, `excerpt`, `body`, `image`, `slug`, `meta_description`, `meta_keywords`, `status`, `created_at`, `updated_at`) VALUES
(1, 0, 'Hello World', 'Hang the jib grog grog blossom grapple dance the hempen jig gangway pressgang bilge rat to go on account lugger. Nelsons folly gabion line draught scallywag fire ship gaff fluke fathom case shot. Sea Legs bilge rat sloop matey gabion long clothes run a shot across the bow Gold Road cog league.', '<p>Hello World. Scallywag grog swab Cat o\'nine tails scuttle rigging hardtack cable nipper Yellow Jack. Handsomely spirits knave lad killick landlubber or just lubber deadlights chantey pinnace crack Jennys tea cup. Provost long clothes black spot Yellow Jack bilged on her anchor league lateen sail case shot lee tackle.</p>\n<p>Ballast spirits fluke topmast me quarterdeck schooner landlubber or just lubber gabion belaying pin. Pinnace stern galleon starboard warp carouser to go on account dance the hempen jig jolly boat measured fer yer chains. Man-of-war fire in the hole nipperkin handsomely doubloon barkadeer Brethren of the Coast gibbet driver squiffy.</p>', 'pages/page1.jpg', 'hello-world', 'Yar Meta Description', 'Keyword1, Keyword2', 'ACTIVE', '2019-02-07 11:50:16', '2019-02-07 11:50:16');

-- --------------------------------------------------------

--
-- Table structure for table `password_resets`
--

CREATE TABLE `password_resets` (
  `email` varchar(255) COLLATE utf8mb4_unicode_ci NOT NULL,
  `token` varchar(255) COLLATE utf8mb4_unicode_ci NOT NULL,
  `created_at` timestamp NULL DEFAULT NULL
) ENGINE=InnoDB DEFAULT CHARSET=utf8mb4 COLLATE=utf8mb4_unicode_ci;

-- --------------------------------------------------------

--
-- Table structure for table `permissions`
--

CREATE TABLE `permissions` (
  `id` int(10) UNSIGNED NOT NULL,
  `key` varchar(255) COLLATE utf8mb4_unicode_ci NOT NULL,
  `table_name` varchar(255) COLLATE utf8mb4_unicode_ci DEFAULT NULL,
  `created_at` timestamp NULL DEFAULT NULL,
  `updated_at` timestamp NULL DEFAULT NULL
) ENGINE=InnoDB DEFAULT CHARSET=utf8mb4 COLLATE=utf8mb4_unicode_ci;

--
-- Dumping data for table `permissions`
--

INSERT INTO `permissions` (`id`, `key`, `table_name`, `created_at`, `updated_at`) VALUES
(1, 'browse_admin', 'admin', '2019-02-07 11:49:44', '2019-02-07 11:49:44'),
(2, 'browse_bread', 'admin', '2019-02-07 11:49:44', '2019-02-07 11:49:44'),
(3, 'browse_database', 'admin', '2019-02-07 11:49:44', '2019-02-07 11:49:44'),
(4, 'browse_media', 'admin', '2019-02-07 11:49:44', '2019-02-07 11:49:44'),
(5, 'browse_compass', 'admin', '2019-02-07 11:49:44', '2019-02-07 11:49:44'),
(6, 'browse_menus', 'menus', '2019-02-07 11:49:44', '2019-02-07 11:49:44'),
(7, 'read_menus', 'menus', '2019-02-07 11:49:44', '2019-02-07 11:49:44'),
(8, 'edit_menus', 'menus', '2019-02-07 11:49:44', '2019-02-07 11:49:44'),
(9, 'add_menus', 'menus', '2019-02-07 11:49:45', '2019-02-07 11:49:45'),
(10, 'delete_menus', 'menus', '2019-02-07 11:49:45', '2019-02-07 11:49:45'),
(11, 'browse_roles', 'roles', '2019-02-07 11:49:45', '2019-02-07 11:49:45'),
(12, 'read_roles', 'roles', '2019-02-07 11:49:45', '2019-02-07 11:49:45'),
(13, 'edit_roles', 'roles', '2019-02-07 11:49:45', '2019-02-07 11:49:45'),
(14, 'add_roles', 'roles', '2019-02-07 11:49:45', '2019-02-07 11:49:45'),
(15, 'delete_roles', 'roles', '2019-02-07 11:49:45', '2019-02-07 11:49:45'),
(16, 'browse_users', 'users', '2019-02-07 11:49:45', '2019-02-07 11:49:45'),
(17, 'read_users', 'users', '2019-02-07 11:49:45', '2019-02-07 11:49:45'),
(18, 'edit_users', 'users', '2019-02-07 11:49:45', '2019-02-07 11:49:45'),
(19, 'add_users', 'users', '2019-02-07 11:49:45', '2019-02-07 11:49:45'),
(20, 'delete_users', 'users', '2019-02-07 11:49:45', '2019-02-07 11:49:45'),
(21, 'browse_settings', 'settings', '2019-02-07 11:49:45', '2019-02-07 11:49:45'),
(22, 'read_settings', 'settings', '2019-02-07 11:49:45', '2019-02-07 11:49:45'),
(23, 'edit_settings', 'settings', '2019-02-07 11:49:45', '2019-02-07 11:49:45'),
(24, 'add_settings', 'settings', '2019-02-07 11:49:45', '2019-02-07 11:49:45'),
(25, 'delete_settings', 'settings', '2019-02-07 11:49:45', '2019-02-07 11:49:45'),
(26, 'browse_hooks', NULL, '2019-02-07 11:49:48', '2019-02-07 11:49:48'),
(27, 'browse_categories', 'categories', '2019-02-07 11:50:13', '2019-02-07 11:50:13'),
(28, 'read_categories', 'categories', '2019-02-07 11:50:13', '2019-02-07 11:50:13'),
(29, 'edit_categories', 'categories', '2019-02-07 11:50:13', '2019-02-07 11:50:13'),
(30, 'add_categories', 'categories', '2019-02-07 11:50:13', '2019-02-07 11:50:13'),
(31, 'delete_categories', 'categories', '2019-02-07 11:50:13', '2019-02-07 11:50:13'),
(32, 'browse_posts', 'posts', '2019-02-07 11:50:15', '2019-02-07 11:50:15'),
(33, 'read_posts', 'posts', '2019-02-07 11:50:15', '2019-02-07 11:50:15'),
(34, 'edit_posts', 'posts', '2019-02-07 11:50:15', '2019-02-07 11:50:15'),
(35, 'add_posts', 'posts', '2019-02-07 11:50:15', '2019-02-07 11:50:15'),
(36, 'delete_posts', 'posts', '2019-02-07 11:50:15', '2019-02-07 11:50:15'),
(37, 'browse_pages', 'pages', '2019-02-07 11:50:16', '2019-02-07 11:50:16'),
(38, 'read_pages', 'pages', '2019-02-07 11:50:16', '2019-02-07 11:50:16'),
(39, 'edit_pages', 'pages', '2019-02-07 11:50:16', '2019-02-07 11:50:16'),
(40, 'add_pages', 'pages', '2019-02-07 11:50:16', '2019-02-07 11:50:16'),
(41, 'delete_pages', 'pages', '2019-02-07 11:50:16', '2019-02-07 11:50:16'),
(42, 'browse_slider', 'slider', '2019-03-05 11:10:47', '2019-03-05 11:10:47'),
(43, 'read_slider', 'slider', '2019-03-05 11:10:47', '2019-03-05 11:10:47'),
(44, 'edit_slider', 'slider', '2019-03-05 11:10:47', '2019-03-05 11:10:47'),
(45, 'add_slider', 'slider', '2019-03-05 11:10:47', '2019-03-05 11:10:47'),
(46, 'delete_slider', 'slider', '2019-03-05 11:10:47', '2019-03-05 11:10:47'),
(47, 'browse_sliders', 'sliders', '2019-03-05 19:56:40', '2019-03-05 19:56:40'),
(48, 'read_sliders', 'sliders', '2019-03-05 19:56:40', '2019-03-05 19:56:40'),
(49, 'edit_sliders', 'sliders', '2019-03-05 19:56:40', '2019-03-05 19:56:40'),
(50, 'add_sliders', 'sliders', '2019-03-05 19:56:40', '2019-03-05 19:56:40'),
(51, 'delete_sliders', 'sliders', '2019-03-05 19:56:40', '2019-03-05 19:56:40'),
(52, 'browse_latest_adventures', 'latest_adventures', '2019-03-10 06:47:39', '2019-03-10 06:47:39'),
(53, 'read_latest_adventures', 'latest_adventures', '2019-03-10 06:47:39', '2019-03-10 06:47:39'),
(54, 'edit_latest_adventures', 'latest_adventures', '2019-03-10 06:47:39', '2019-03-10 06:47:39'),
(55, 'add_latest_adventures', 'latest_adventures', '2019-03-10 06:47:39', '2019-03-10 06:47:39'),
(56, 'delete_latest_adventures', 'latest_adventures', '2019-03-10 06:47:39', '2019-03-10 06:47:39'),
(57, 'browse_adventures', 'adventures', '2019-03-10 07:02:29', '2019-03-10 07:02:29'),
(58, 'read_adventures', 'adventures', '2019-03-10 07:02:29', '2019-03-10 07:02:29'),
(59, 'edit_adventures', 'adventures', '2019-03-10 07:02:29', '2019-03-10 07:02:29'),
(60, 'add_adventures', 'adventures', '2019-03-10 07:02:29', '2019-03-10 07:02:29'),
(61, 'delete_adventures', 'adventures', '2019-03-10 07:02:29', '2019-03-10 07:02:29'),
(62, 'browse_best_adventures', 'best_adventures', '2019-03-14 10:55:37', '2019-03-14 10:55:37'),
(63, 'read_best_adventures', 'best_adventures', '2019-03-14 10:55:37', '2019-03-14 10:55:37'),
(64, 'edit_best_adventures', 'best_adventures', '2019-03-14 10:55:37', '2019-03-14 10:55:37'),
(65, 'add_best_adventures', 'best_adventures', '2019-03-14 10:55:37', '2019-03-14 10:55:37'),
(66, 'delete_best_adventures', 'best_adventures', '2019-03-14 10:55:37', '2019-03-14 10:55:37'),
(67, 'browse_home_page_events', 'home_page_events', '2019-03-15 05:24:53', '2019-03-15 05:24:53'),
(68, 'read_home_page_events', 'home_page_events', '2019-03-15 05:24:53', '2019-03-15 05:24:53'),
(69, 'edit_home_page_events', 'home_page_events', '2019-03-15 05:24:53', '2019-03-15 05:24:53'),
(70, 'add_home_page_events', 'home_page_events', '2019-03-15 05:24:53', '2019-03-15 05:24:53'),
(71, 'delete_home_page_events', 'home_page_events', '2019-03-15 05:24:53', '2019-03-15 05:24:53'),
(77, 'browse_gallery_infos', 'gallery_infos', '2019-03-16 21:35:36', '2019-03-16 21:35:36'),
(78, 'read_gallery_infos', 'gallery_infos', '2019-03-16 21:35:36', '2019-03-16 21:35:36'),
(79, 'edit_gallery_infos', 'gallery_infos', '2019-03-16 21:35:36', '2019-03-16 21:35:36'),
(80, 'add_gallery_infos', 'gallery_infos', '2019-03-16 21:35:36', '2019-03-16 21:35:36'),
(81, 'delete_gallery_infos', 'gallery_infos', '2019-03-16 21:35:36', '2019-03-16 21:35:36'),
(87, 'browse_customer_says', 'customer_says', '2019-03-17 05:27:35', '2019-03-17 05:27:35'),
(88, 'read_customer_says', 'customer_says', '2019-03-17 05:27:35', '2019-03-17 05:27:35'),
(89, 'edit_customer_says', 'customer_says', '2019-03-17 05:27:35', '2019-03-17 05:27:35'),
(90, 'add_customer_says', 'customer_says', '2019-03-17 05:27:35', '2019-03-17 05:27:35'),
(91, 'delete_customer_says', 'customer_says', '2019-03-17 05:27:35', '2019-03-17 05:27:35'),
(92, 'browse_customers', 'customers', '2019-03-17 05:46:01', '2019-03-17 05:46:01'),
(93, 'read_customers', 'customers', '2019-03-17 05:46:01', '2019-03-17 05:46:01'),
(94, 'edit_customers', 'customers', '2019-03-17 05:46:01', '2019-03-17 05:46:01'),
(95, 'add_customers', 'customers', '2019-03-17 05:46:01', '2019-03-17 05:46:01'),
(96, 'delete_customers', 'customers', '2019-03-17 05:46:01', '2019-03-17 05:46:01'),
(97, 'browse_footer', 'footer', '2019-03-20 09:26:56', '2019-03-20 09:26:56'),
(98, 'read_footer', 'footer', '2019-03-20 09:26:56', '2019-03-20 09:26:56'),
(99, 'edit_footer', 'footer', '2019-03-20 09:26:56', '2019-03-20 09:26:56'),
(100, 'add_footer', 'footer', '2019-03-20 09:26:56', '2019-03-20 09:26:56'),
(101, 'delete_footer', 'footer', '2019-03-20 09:26:56', '2019-03-20 09:26:56'),
(102, 'browse_footers', 'footers', '2019-03-20 09:29:31', '2019-03-20 09:29:31'),
(103, 'read_footers', 'footers', '2019-03-20 09:29:31', '2019-03-20 09:29:31'),
(104, 'edit_footers', 'footers', '2019-03-20 09:29:31', '2019-03-20 09:29:31'),
(105, 'add_footers', 'footers', '2019-03-20 09:29:31', '2019-03-20 09:29:31'),
(106, 'delete_footers', 'footers', '2019-03-20 09:29:31', '2019-03-20 09:29:31'),
(107, 'browse_gallery_event_activities', 'gallery_event_activities', '2019-03-20 21:01:50', '2019-03-20 21:01:50'),
(108, 'read_gallery_event_activities', 'gallery_event_activities', '2019-03-20 21:01:50', '2019-03-20 21:01:50'),
(109, 'edit_gallery_event_activities', 'gallery_event_activities', '2019-03-20 21:01:50', '2019-03-20 21:01:50'),
(110, 'add_gallery_event_activities', 'gallery_event_activities', '2019-03-20 21:01:50', '2019-03-20 21:01:50'),
(111, 'delete_gallery_event_activities', 'gallery_event_activities', '2019-03-20 21:01:50', '2019-03-20 21:01:50'),
(112, 'browse_gallery_waterfalls', 'gallery_waterfalls', '2019-03-26 20:40:35', '2019-03-26 20:40:35'),
(113, 'read_gallery_waterfalls', 'gallery_waterfalls', '2019-03-26 20:40:35', '2019-03-26 20:40:35'),
(114, 'edit_gallery_waterfalls', 'gallery_waterfalls', '2019-03-26 20:40:35', '2019-03-26 20:40:35'),
(115, 'add_gallery_waterfalls', 'gallery_waterfalls', '2019-03-26 20:40:35', '2019-03-26 20:40:35'),
(116, 'delete_gallery_waterfalls', 'gallery_waterfalls', '2019-03-26 20:40:35', '2019-03-26 20:40:35'),
(117, 'browse_gallery_foods', 'gallery_foods', '2019-03-26 21:09:46', '2019-03-26 21:09:46'),
(118, 'read_gallery_foods', 'gallery_foods', '2019-03-26 21:09:46', '2019-03-26 21:09:46'),
(119, 'edit_gallery_foods', 'gallery_foods', '2019-03-26 21:09:46', '2019-03-26 21:09:46'),
(120, 'add_gallery_foods', 'gallery_foods', '2019-03-26 21:09:46', '2019-03-26 21:09:46'),
(121, 'delete_gallery_foods', 'gallery_foods', '2019-03-26 21:09:46', '2019-03-26 21:09:46'),
(122, 'browse_gallery_accommodations', 'gallery_accommodations', '2019-03-28 10:33:53', '2019-03-28 10:33:53'),
(123, 'read_gallery_accommodations', 'gallery_accommodations', '2019-03-28 10:33:53', '2019-03-28 10:33:53'),
(124, 'edit_gallery_accommodations', 'gallery_accommodations', '2019-03-28 10:33:53', '2019-03-28 10:33:53'),
(125, 'add_gallery_accommodations', 'gallery_accommodations', '2019-03-28 10:33:53', '2019-03-28 10:33:53'),
(126, 'delete_gallery_accommodations', 'gallery_accommodations', '2019-03-28 10:33:53', '2019-03-28 10:33:53'),
(127, 'browse_gallery_trekkings', 'gallery_trekkings', '2019-03-28 20:46:10', '2019-03-28 20:46:10'),
(128, 'read_gallery_trekkings', 'gallery_trekkings', '2019-03-28 20:46:10', '2019-03-28 20:46:10'),
(129, 'edit_gallery_trekkings', 'gallery_trekkings', '2019-03-28 20:46:10', '2019-03-28 20:46:10'),
(130, 'add_gallery_trekkings', 'gallery_trekkings', '2019-03-28 20:46:10', '2019-03-28 20:46:10'),
(131, 'delete_gallery_trekkings', 'gallery_trekkings', '2019-03-28 20:46:10', '2019-03-28 20:46:10'),
(132, 'browse_gallery_campings', 'gallery_campings', '2019-03-28 20:50:31', '2019-03-28 20:50:31'),
(133, 'read_gallery_campings', 'gallery_campings', '2019-03-28 20:50:31', '2019-03-28 20:50:31'),
(134, 'edit_gallery_campings', 'gallery_campings', '2019-03-28 20:50:31', '2019-03-28 20:50:31'),
(135, 'add_gallery_campings', 'gallery_campings', '2019-03-28 20:50:31', '2019-03-28 20:50:31'),
(136, 'delete_gallery_campings', 'gallery_campings', '2019-03-28 20:50:31', '2019-03-28 20:50:31'),
(137, 'browse_about_us', 'about_us', '2019-03-29 10:24:04', '2019-03-29 10:24:04'),
(138, 'read_about_us', 'about_us', '2019-03-29 10:24:04', '2019-03-29 10:24:04'),
(139, 'edit_about_us', 'about_us', '2019-03-29 10:24:04', '2019-03-29 10:24:04'),
(140, 'add_about_us', 'about_us', '2019-03-29 10:24:04', '2019-03-29 10:24:04'),
(141, 'delete_about_us', 'about_us', '2019-03-29 10:24:04', '2019-03-29 10:24:04'),
(142, 'browse_about_uses', 'about_uses', '2019-03-29 10:27:39', '2019-03-29 10:27:39'),
(143, 'read_about_uses', 'about_uses', '2019-03-29 10:27:39', '2019-03-29 10:27:39'),
(144, 'edit_about_uses', 'about_uses', '2019-03-29 10:27:39', '2019-03-29 10:27:39'),
(145, 'add_about_uses', 'about_uses', '2019-03-29 10:27:39', '2019-03-29 10:27:39'),
(146, 'delete_about_uses', 'about_uses', '2019-03-29 10:27:39', '2019-03-29 10:27:39'),
(147, 'browse_abouts', 'abouts', '2019-03-29 10:32:28', '2019-03-29 10:32:28'),
(148, 'read_abouts', 'abouts', '2019-03-29 10:32:28', '2019-03-29 10:32:28'),
(149, 'edit_abouts', 'abouts', '2019-03-29 10:32:28', '2019-03-29 10:32:28'),
(150, 'add_abouts', 'abouts', '2019-03-29 10:32:28', '2019-03-29 10:32:28'),
(151, 'delete_abouts', 'abouts', '2019-03-29 10:32:28', '2019-03-29 10:32:28'),
(152, 'browse_subscribes', 'subscribes', '2019-03-29 10:49:26', '2019-03-29 10:49:26'),
(153, 'read_subscribes', 'subscribes', '2019-03-29 10:49:26', '2019-03-29 10:49:26'),
(154, 'edit_subscribes', 'subscribes', '2019-03-29 10:49:26', '2019-03-29 10:49:26'),
(155, 'add_subscribes', 'subscribes', '2019-03-29 10:49:26', '2019-03-29 10:49:26'),
(156, 'delete_subscribes', 'subscribes', '2019-03-29 10:49:26', '2019-03-29 10:49:26'),
(162, 'browse_our_agents', 'our_agents', '2019-03-31 20:30:59', '2019-03-31 20:30:59'),
(163, 'read_our_agents', 'our_agents', '2019-03-31 20:30:59', '2019-03-31 20:30:59'),
(164, 'edit_our_agents', 'our_agents', '2019-03-31 20:30:59', '2019-03-31 20:30:59'),
(165, 'add_our_agents', 'our_agents', '2019-03-31 20:30:59', '2019-03-31 20:30:59'),
(166, 'delete_our_agents', 'our_agents', '2019-03-31 20:30:59', '2019-03-31 20:30:59'),
(167, 'browse_about_sinharaja', 'about_sinharaja', '2019-04-06 05:10:38', '2019-04-06 05:10:38'),
(168, 'read_about_sinharaja', 'about_sinharaja', '2019-04-06 05:10:38', '2019-04-06 05:10:38'),
(169, 'edit_about_sinharaja', 'about_sinharaja', '2019-04-06 05:10:38', '2019-04-06 05:10:38'),
(170, 'add_about_sinharaja', 'about_sinharaja', '2019-04-06 05:10:38', '2019-04-06 05:10:38'),
(171, 'delete_about_sinharaja', 'about_sinharaja', '2019-04-06 05:10:38', '2019-04-06 05:10:38'),
(172, 'browse_about_forests', 'about_forests', '2019-04-06 05:22:03', '2019-04-06 05:22:03'),
(173, 'read_about_forests', 'about_forests', '2019-04-06 05:22:03', '2019-04-06 05:22:03'),
(174, 'edit_about_forests', 'about_forests', '2019-04-06 05:22:03', '2019-04-06 05:22:03'),
(175, 'add_about_forests', 'about_forests', '2019-04-06 05:22:03', '2019-04-06 05:22:03'),
(176, 'delete_about_forests', 'about_forests', '2019-04-06 05:22:03', '2019-04-06 05:22:03'),
(177, 'browse_contacts', 'contacts', '2019-04-06 23:32:23', '2019-04-06 23:32:23'),
(178, 'read_contacts', 'contacts', '2019-04-06 23:32:23', '2019-04-06 23:32:23'),
(179, 'edit_contacts', 'contacts', '2019-04-06 23:32:23', '2019-04-06 23:32:23'),
(180, 'add_contacts', 'contacts', '2019-04-06 23:32:23', '2019-04-06 23:32:23'),
(181, 'delete_contacts', 'contacts', '2019-04-06 23:32:23', '2019-04-06 23:32:23');

-- --------------------------------------------------------

--
-- Table structure for table `permission_role`
--

CREATE TABLE `permission_role` (
  `permission_id` int(10) UNSIGNED NOT NULL,
  `role_id` int(10) UNSIGNED NOT NULL
) ENGINE=InnoDB DEFAULT CHARSET=utf8mb4 COLLATE=utf8mb4_unicode_ci;

--
-- Dumping data for table `permission_role`
--

INSERT INTO `permission_role` (`permission_id`, `role_id`) VALUES
(1, 1),
(2, 1),
(3, 1),
(4, 1),
(5, 1),
(6, 1),
(7, 1),
(8, 1),
(9, 1),
(10, 1),
(11, 1),
(12, 1),
(13, 1),
(14, 1),
(15, 1),
(42, 1),
(43, 1),
(44, 1),
(45, 1),
(46, 1),
(47, 1),
(48, 1),
(49, 1),
(50, 1),
(51, 1),
(52, 1),
(53, 1),
(54, 1),
(55, 1),
(56, 1),
(57, 1),
(58, 1),
(59, 1),
(60, 1),
(61, 1),
(62, 1),
(63, 1),
(64, 1),
(65, 1),
(66, 1),
(67, 1),
(68, 1),
(69, 1),
(70, 1),
(71, 1),
(77, 1),
(78, 1),
(79, 1),
(80, 1),
(81, 1),
(87, 1),
(88, 1),
(89, 1),
(90, 1),
(91, 1),
(92, 1),
(93, 1),
(94, 1),
(95, 1),
(96, 1),
(107, 1),
(108, 1),
(109, 1),
(110, 1),
(111, 1),
(112, 1),
(113, 1),
(114, 1),
(115, 1),
(116, 1),
(117, 1),
(118, 1),
(119, 1),
(120, 1),
(121, 1),
(122, 1),
(123, 1),
(124, 1),
(125, 1),
(126, 1),
(127, 1),
(128, 1),
(129, 1),
(130, 1),
(131, 1),
(132, 1),
(133, 1),
(134, 1),
(135, 1),
(136, 1),
(137, 1),
(138, 1),
(139, 1),
(140, 1),
(141, 1),
(142, 1),
(143, 1),
(144, 1),
(145, 1),
(146, 1),
(147, 1),
(148, 1),
(149, 1),
(150, 1),
(151, 1),
(152, 1),
(153, 1),
(154, 1),
(155, 1),
(156, 1),
(162, 1),
(163, 1),
(164, 1),
(165, 1),
(166, 1),
(172, 1),
(173, 1),
(174, 1),
(175, 1),
(176, 1),
(177, 1),
(178, 1),
(179, 1),
(180, 1),
(181, 1);

-- --------------------------------------------------------

--
-- Table structure for table `posts`
--

CREATE TABLE `posts` (
  `id` int(10) UNSIGNED NOT NULL,
  `author_id` int(11) NOT NULL,
  `category_id` int(11) DEFAULT NULL,
  `title` varchar(255) COLLATE utf8mb4_unicode_ci NOT NULL,
  `seo_title` varchar(255) COLLATE utf8mb4_unicode_ci DEFAULT NULL,
  `excerpt` text COLLATE utf8mb4_unicode_ci,
  `body` text COLLATE utf8mb4_unicode_ci NOT NULL,
  `image` varchar(255) COLLATE utf8mb4_unicode_ci DEFAULT NULL,
  `slug` varchar(255) COLLATE utf8mb4_unicode_ci NOT NULL,
  `meta_description` text COLLATE utf8mb4_unicode_ci,
  `meta_keywords` text COLLATE utf8mb4_unicode_ci,
  `status` enum('PUBLISHED','DRAFT','PENDING') COLLATE utf8mb4_unicode_ci NOT NULL DEFAULT 'DRAFT',
  `featured` tinyint(1) NOT NULL DEFAULT '0',
  `created_at` timestamp NULL DEFAULT NULL,
  `updated_at` timestamp NULL DEFAULT NULL
) ENGINE=InnoDB DEFAULT CHARSET=utf8mb4 COLLATE=utf8mb4_unicode_ci;

--
-- Dumping data for table `posts`
--

INSERT INTO `posts` (`id`, `author_id`, `category_id`, `title`, `seo_title`, `excerpt`, `body`, `image`, `slug`, `meta_description`, `meta_keywords`, `status`, `featured`, `created_at`, `updated_at`) VALUES
(1, 0, NULL, 'Lorem Ipsum Post', NULL, 'This is the excerpt for the Lorem Ipsum Post', '<p>This is the body of the lorem ipsum post</p>', 'posts/post1.jpg', 'lorem-ipsum-post', 'This is the meta description', 'keyword1, keyword2, keyword3', 'PUBLISHED', 0, '2019-02-07 11:50:15', '2019-02-07 11:50:15'),
(2, 0, NULL, 'My Sample Post', NULL, 'This is the excerpt for the sample Post', '<p>This is the body for the sample post, which includes the body.</p>\n                <h2>We can use all kinds of format!</h2>\n                <p>And include a bunch of other stuff.</p>', 'posts/post2.jpg', 'my-sample-post', 'Meta Description for sample post', 'keyword1, keyword2, keyword3', 'PUBLISHED', 0, '2019-02-07 11:50:15', '2019-02-07 11:50:15'),
(3, 0, NULL, 'Latest Post', NULL, 'This is the excerpt for the latest post', '<p>This is the body for the latest post</p>', 'posts/post3.jpg', 'latest-post', 'This is the meta description', 'keyword1, keyword2, keyword3', 'PUBLISHED', 0, '2019-02-07 11:50:15', '2019-02-07 11:50:15'),
(4, 0, NULL, 'Yarr Post', NULL, 'Reef sails nipperkin bring a spring upon her cable coffer jury mast spike marooned Pieces of Eight poop deck pillage. Clipper driver coxswain galleon hempen halter come about pressgang gangplank boatswain swing the lead. Nipperkin yard skysail swab lanyard Blimey bilge water ho quarter Buccaneer.', '<p>Swab deadlights Buccaneer fire ship square-rigged dance the hempen jig weigh anchor cackle fruit grog furl. Crack Jennys tea cup chase guns pressgang hearties spirits hogshead Gold Road six pounders fathom measured fer yer chains. Main sheet provost come about trysail barkadeer crimp scuttle mizzenmast brig plunder.</p>\n<p>Mizzen league keelhaul galleon tender cog chase Barbary Coast doubloon crack Jennys tea cup. Blow the man down lugsail fire ship pinnace cackle fruit line warp Admiral of the Black strike colors doubloon. Tackle Jack Ketch come about crimp rum draft scuppers run a shot across the bow haul wind maroon.</p>\n<p>Interloper heave down list driver pressgang holystone scuppers tackle scallywag bilged on her anchor. Jack Tar interloper draught grapple mizzenmast hulk knave cable transom hogshead. Gaff pillage to go on account grog aft chase guns piracy yardarm knave clap of thunder.</p>', 'posts/post4.jpg', 'yarr-post', 'this be a meta descript', 'keyword1, keyword2, keyword3', 'PUBLISHED', 0, '2019-02-07 11:50:15', '2019-02-07 11:50:15');

-- --------------------------------------------------------

--
-- Table structure for table `roles`
--

CREATE TABLE `roles` (
  `id` int(10) UNSIGNED NOT NULL,
  `name` varchar(255) COLLATE utf8mb4_unicode_ci NOT NULL,
  `display_name` varchar(255) COLLATE utf8mb4_unicode_ci NOT NULL,
  `created_at` timestamp NULL DEFAULT NULL,
  `updated_at` timestamp NULL DEFAULT NULL
) ENGINE=InnoDB DEFAULT CHARSET=utf8mb4 COLLATE=utf8mb4_unicode_ci;

--
-- Dumping data for table `roles`
--

INSERT INTO `roles` (`id`, `name`, `display_name`, `created_at`, `updated_at`) VALUES
(1, 'admin', 'Administrator', '2019-02-07 11:49:44', '2019-02-07 11:49:44'),
(2, 'user', 'Normal User', '2019-02-07 11:49:44', '2019-02-07 11:49:44');

-- --------------------------------------------------------

--
-- Table structure for table `settings`
--

CREATE TABLE `settings` (
  `id` int(10) UNSIGNED NOT NULL,
  `key` varchar(255) COLLATE utf8mb4_unicode_ci NOT NULL,
  `display_name` varchar(255) COLLATE utf8mb4_unicode_ci NOT NULL,
  `value` text COLLATE utf8mb4_unicode_ci,
  `details` text COLLATE utf8mb4_unicode_ci,
  `type` varchar(255) COLLATE utf8mb4_unicode_ci NOT NULL,
  `order` int(11) NOT NULL DEFAULT '1',
  `group` varchar(255) COLLATE utf8mb4_unicode_ci DEFAULT NULL
) ENGINE=InnoDB DEFAULT CHARSET=utf8mb4 COLLATE=utf8mb4_unicode_ci;

--
-- Dumping data for table `settings`
--

INSERT INTO `settings` (`id`, `key`, `display_name`, `value`, `details`, `type`, `order`, `group`) VALUES
(1, 'site.title', 'Site Title', 'Sinharaja Eco Lodge', '', 'text', 1, 'Site'),
(2, 'site.description', 'Site Description', 'Site Description', '', 'text', 2, 'Site'),
(3, 'site.logo', 'Site Logo', 'settings/February2019/JRnfgtunyg1X3u5hghOS.jpeg', '', 'image', 3, 'Site'),
(4, 'site.google_analytics_tracking_id', 'Google Analytics Tracking ID', NULL, '', 'text', 4, 'Site'),
(5, 'admin.bg_image', 'Admin Background Image', '', '', 'image', 5, 'Admin'),
(6, 'admin.title', 'Admin Title', 'Eco Lodge', '', 'text', 1, 'Admin'),
(7, 'admin.description', 'Admin Description', 'Welcome to Sinharaja Eco Lodge. The Missing Admin for Site', '', 'text', 2, 'Admin'),
(8, 'admin.loader', 'Admin Loader', '', '', 'image', 3, 'Admin'),
(9, 'admin.icon_image', 'Admin Icon Image', '', '', 'image', 4, 'Admin'),
(10, 'admin.google_analytics_client_id', 'Google Analytics Client ID (used for admin dashboard)', NULL, '', 'text', 1, 'Admin');

-- --------------------------------------------------------

--
-- Table structure for table `sliders`
--

CREATE TABLE `sliders` (
  `id` int(10) UNSIGNED NOT NULL,
  `back_image1` text COLLATE utf8mb4_unicode_ci,
  `logo_image` text COLLATE utf8mb4_unicode_ci,
  `banner_header` text COLLATE utf8mb4_unicode_ci,
  `created_at` timestamp NULL DEFAULT NULL,
  `updated_at` timestamp NULL DEFAULT NULL,
  `banner_info_title` text COLLATE utf8mb4_unicode_ci,
  `back_image2` text COLLATE utf8mb4_unicode_ci,
  `back_image3` text COLLATE utf8mb4_unicode_ci,
  `banner_info1` text COLLATE utf8mb4_unicode_ci,
  `banner_info2` text COLLATE utf8mb4_unicode_ci,
  `banner_info3` text COLLATE utf8mb4_unicode_ci,
  `link_for_facebook` text COLLATE utf8mb4_unicode_ci,
  `link_for_booking` text COLLATE utf8mb4_unicode_ci,
  `link_for_tripadvisor` text COLLATE utf8mb4_unicode_ci,
  `link_for_agoda` text COLLATE utf8mb4_unicode_ci,
  `link_for_book_now` text COLLATE utf8mb4_unicode_ci,
  `contact_number1` text COLLATE utf8mb4_unicode_ci,
  `contact_number2` text COLLATE utf8mb4_unicode_ci,
  `email` text COLLATE utf8mb4_unicode_ci,
  `address` text COLLATE utf8mb4_unicode_ci
) ENGINE=InnoDB DEFAULT CHARSET=utf8mb4 COLLATE=utf8mb4_unicode_ci;

--
-- Dumping data for table `sliders`
--

INSERT INTO `sliders` (`id`, `back_image1`, `logo_image`, `banner_header`, `created_at`, `updated_at`, `banner_info_title`, `back_image2`, `back_image3`, `banner_info1`, `banner_info2`, `banner_info3`, `link_for_facebook`, `link_for_booking`, `link_for_tripadvisor`, `link_for_agoda`, `link_for_book_now`, `contact_number1`, `contact_number2`, `email`, `address`) VALUES
(1, '1556371743pexels-photo-1165982.jpeg', '1556371746pavarone 1111.png', 'sinharaja eco lodge', '2019-03-09 07:13:00', '2019-04-27 08:02:22', 'aaaaaaaaaaaaaaaaaaaa2', '1556352573pexels-photo-1671325.jpeg', '1556371743pexels-photo-540006.jpeg', 'aaaaaaaaaaaaaaaaaaaa3', 'Welcome to Pavaron Sinharaja', 'Welcome to Pavaron Sinharaja', 'http://sinharajaecolodge.test/admin/sliders/create', 'http://sinharajaecolodge.test/admin/sliders/create', 'http://sinharajaecolodge.test/admin/sliders/creategf', 'http://sinharajaecolodge.test/admin/sliders/create', 'http://sinharajaecolodge.test/admin/sliders/create', '0712544784', '0754877425', 'ishanpradeepkumara@gmail.com', 'mathara');

-- --------------------------------------------------------

--
-- Table structure for table `subscribes`
--

CREATE TABLE `subscribes` (
  `id` int(10) UNSIGNED NOT NULL,
  `title` text COLLATE utf8mb4_unicode_ci,
  `description` text COLLATE utf8mb4_unicode_ci,
  `image` text COLLATE utf8mb4_unicode_ci,
  `created_at` timestamp NULL DEFAULT NULL,
  `updated_at` timestamp NULL DEFAULT NULL
) ENGINE=InnoDB DEFAULT CHARSET=utf8mb4 COLLATE=utf8mb4_unicode_ci;

--
-- Dumping data for table `subscribes`
--

INSERT INTO `subscribes` (`id`, `title`, `description`, `image`, `created_at`, `updated_at`) VALUES
(1, 'aaaaaaaaaaa', 'utrgfsdas 4w5ersdf', 'subscribes/May2019/z797fMuWKxGTZBtrErLo.jpeg', '2019-03-29 10:49:00', '2019-05-04 02:08:19');

-- --------------------------------------------------------

--
-- Table structure for table `translations`
--

CREATE TABLE `translations` (
  `id` int(10) UNSIGNED NOT NULL,
  `table_name` varchar(255) COLLATE utf8mb4_unicode_ci NOT NULL,
  `column_name` varchar(255) COLLATE utf8mb4_unicode_ci NOT NULL,
  `foreign_key` int(10) UNSIGNED NOT NULL,
  `locale` varchar(255) COLLATE utf8mb4_unicode_ci NOT NULL,
  `value` text COLLATE utf8mb4_unicode_ci NOT NULL,
  `created_at` timestamp NULL DEFAULT NULL,
  `updated_at` timestamp NULL DEFAULT NULL
) ENGINE=InnoDB DEFAULT CHARSET=utf8mb4 COLLATE=utf8mb4_unicode_ci;

--
-- Dumping data for table `translations`
--

INSERT INTO `translations` (`id`, `table_name`, `column_name`, `foreign_key`, `locale`, `value`, `created_at`, `updated_at`) VALUES
(1, 'data_types', 'display_name_singular', 5, 'pt', 'Post', '2019-02-07 11:50:16', '2019-02-07 11:50:16'),
(2, 'data_types', 'display_name_singular', 6, 'pt', 'Pgina', '2019-02-07 11:50:16', '2019-02-07 11:50:16'),
(3, 'data_types', 'display_name_singular', 1, 'pt', 'Utilizador', '2019-02-07 11:50:17', '2019-02-07 11:50:17'),
(4, 'data_types', 'display_name_singular', 4, 'pt', 'Categoria', '2019-02-07 11:50:17', '2019-02-07 11:50:17'),
(5, 'data_types', 'display_name_singular', 2, 'pt', 'Menu', '2019-02-07 11:50:17', '2019-02-07 11:50:17'),
(6, 'data_types', 'display_name_singular', 3, 'pt', 'Funo', '2019-02-07 11:50:17', '2019-02-07 11:50:17'),
(7, 'data_types', 'display_name_plural', 5, 'pt', 'Posts', '2019-02-07 11:50:17', '2019-02-07 11:50:17'),
(8, 'data_types', 'display_name_plural', 6, 'pt', 'Pginas', '2019-02-07 11:50:17', '2019-02-07 11:50:17'),
(9, 'data_types', 'display_name_plural', 1, 'pt', 'Utilizadores', '2019-02-07 11:50:17', '2019-02-07 11:50:17'),
(10, 'data_types', 'display_name_plural', 4, 'pt', 'Categorias', '2019-02-07 11:50:17', '2019-02-07 11:50:17'),
(11, 'data_types', 'display_name_plural', 2, 'pt', 'Menus', '2019-02-07 11:50:17', '2019-02-07 11:50:17'),
(12, 'data_types', 'display_name_plural', 3, 'pt', 'Funes', '2019-02-07 11:50:17', '2019-02-07 11:50:17'),
(13, 'categories', 'slug', 1, 'pt', 'categoria-1', '2019-02-07 11:50:17', '2019-02-07 11:50:17'),
(14, 'categories', 'name', 1, 'pt', 'Categoria 1', '2019-02-07 11:50:17', '2019-02-07 11:50:17'),
(15, 'categories', 'slug', 2, 'pt', 'categoria-2', '2019-02-07 11:50:17', '2019-02-07 11:50:17'),
(16, 'categories', 'name', 2, 'pt', 'Categoria 2', '2019-02-07 11:50:17', '2019-02-07 11:50:17'),
(17, 'pages', 'title', 1, 'pt', 'Ol Mundo', '2019-02-07 11:50:17', '2019-02-07 11:50:17'),
(18, 'pages', 'slug', 1, 'pt', 'ola-mundo', '2019-02-07 11:50:17', '2019-02-07 11:50:17'),
(19, 'pages', 'body', 1, 'pt', '<p>Ol Mundo. Scallywag grog swab Cat o\'nine tails scuttle rigging hardtack cable nipper Yellow Jack. Handsomely spirits knave lad killick landlubber or just lubber deadlights chantey pinnace crack Jennys tea cup. Provost long clothes black spot Yellow Jack bilged on her anchor league lateen sail case shot lee tackle.</p>\r\n<p>Ballast spirits fluke topmast me quarterdeck schooner landlubber or just lubber gabion belaying pin. Pinnace stern galleon starboard warp carouser to go on account dance the hempen jig jolly boat measured fer yer chains. Man-of-war fire in the hole nipperkin handsomely doubloon barkadeer Brethren of the Coast gibbet driver squiffy.</p>', '2019-02-07 11:50:18', '2019-02-07 11:50:18'),
(20, 'menu_items', 'title', 1, 'pt', 'Painel de Controle', '2019-02-07 11:50:18', '2019-02-07 11:50:18'),
(21, 'menu_items', 'title', 2, 'pt', 'Media', '2019-02-07 11:50:18', '2019-02-07 11:50:18'),
(22, 'menu_items', 'title', 13, 'pt', 'Publicaes', '2019-02-07 11:50:18', '2019-02-07 11:50:18'),
(23, 'menu_items', 'title', 3, 'pt', 'Utilizadores', '2019-02-07 11:50:18', '2019-02-07 11:50:18'),
(24, 'menu_items', 'title', 12, 'pt', 'Categorias', '2019-02-07 11:50:18', '2019-02-07 11:50:18'),
(25, 'menu_items', 'title', 14, 'pt', 'Pginas', '2019-02-07 11:50:18', '2019-02-07 11:50:18'),
(26, 'menu_items', 'title', 4, 'pt', 'Funes', '2019-02-07 11:50:18', '2019-02-07 11:50:18'),
(27, 'menu_items', 'title', 5, 'pt', 'Ferramentas', '2019-02-07 11:50:18', '2019-02-07 11:50:18'),
(28, 'menu_items', 'title', 6, 'pt', 'Menus', '2019-02-07 11:50:18', '2019-02-07 11:50:18'),
(29, 'menu_items', 'title', 7, 'pt', 'Base de dados', '2019-02-07 11:50:18', '2019-02-07 11:50:18'),
(30, 'menu_items', 'title', 10, 'pt', 'Configuraes', '2019-02-07 11:50:18', '2019-02-07 11:50:18');

-- --------------------------------------------------------

--
-- Table structure for table `users`
--

CREATE TABLE `users` (
  `id` int(10) UNSIGNED NOT NULL,
  `role_id` int(10) UNSIGNED DEFAULT NULL,
  `name` varchar(255) COLLATE utf8mb4_unicode_ci NOT NULL,
  `email` varchar(255) COLLATE utf8mb4_unicode_ci NOT NULL,
  `avatar` varchar(255) COLLATE utf8mb4_unicode_ci DEFAULT 'users/default.png',
  `email_verified_at` timestamp NULL DEFAULT NULL,
  `password` varchar(255) COLLATE utf8mb4_unicode_ci NOT NULL,
  `remember_token` varchar(100) COLLATE utf8mb4_unicode_ci DEFAULT NULL,
  `settings` text COLLATE utf8mb4_unicode_ci,
  `created_at` timestamp NULL DEFAULT NULL,
  `updated_at` timestamp NULL DEFAULT NULL
) ENGINE=InnoDB DEFAULT CHARSET=utf8mb4 COLLATE=utf8mb4_unicode_ci;

--
-- Dumping data for table `users`
--

INSERT INTO `users` (`id`, `role_id`, `name`, `email`, `avatar`, `email_verified_at`, `password`, `remember_token`, `settings`, `created_at`, `updated_at`) VALUES
(1, 1, 'Admin', 'admin@admin.com', 'users/default.png', NULL, '$2y$10$QgwFlqk2IAHUP0NNWvkuv.I8uW6WBNExrdkJ/i1sTc/BxcG.XEmxe', 'UjrDMnYzLi3IzXgseChP4TsGIKZWCARUUfePTlINTe2BoI6bkvzMieRiC2Gw', NULL, '2019-02-07 11:50:14', '2019-02-07 11:50:14');

-- --------------------------------------------------------

--
-- Table structure for table `user_roles`
--

CREATE TABLE `user_roles` (
  `user_id` int(10) UNSIGNED NOT NULL,
  `role_id` int(10) UNSIGNED NOT NULL
) ENGINE=InnoDB DEFAULT CHARSET=utf8mb4 COLLATE=utf8mb4_unicode_ci;

--
-- Dumping data for table `user_roles`
--

INSERT INTO `user_roles` (`user_id`, `role_id`) VALUES
(1, 1);

--
-- Indexes for dumped tables
--

--
-- Indexes for table `abouts`
--
ALTER TABLE `abouts`
  ADD PRIMARY KEY (`id`);

--
-- Indexes for table `about_forests`
--
ALTER TABLE `about_forests`
  ADD PRIMARY KEY (`id`);

--
-- Indexes for table `adventures`
--
ALTER TABLE `adventures`
  ADD PRIMARY KEY (`id`);

--
-- Indexes for table `categories`
--
ALTER TABLE `categories`
  ADD PRIMARY KEY (`id`),
  ADD UNIQUE KEY `categories_slug_unique` (`slug`),
  ADD KEY `categories_parent_id_foreign` (`parent_id`);

--
-- Indexes for table `contacts`
--
ALTER TABLE `contacts`
  ADD PRIMARY KEY (`id`);

--
-- Indexes for table `customers`
--
ALTER TABLE `customers`
  ADD PRIMARY KEY (`id`);

--
-- Indexes for table `customer_says`
--
ALTER TABLE `customer_says`
  ADD PRIMARY KEY (`id`);

--
-- Indexes for table `data_rows`
--
ALTER TABLE `data_rows`
  ADD PRIMARY KEY (`id`),
  ADD KEY `data_rows_data_type_id_foreign` (`data_type_id`);

--
-- Indexes for table `data_types`
--
ALTER TABLE `data_types`
  ADD PRIMARY KEY (`id`),
  ADD UNIQUE KEY `data_types_name_unique` (`name`),
  ADD UNIQUE KEY `data_types_slug_unique` (`slug`);

--
-- Indexes for table `gallery_accommodations`
--
ALTER TABLE `gallery_accommodations`
  ADD PRIMARY KEY (`id`);

--
-- Indexes for table `gallery_campings`
--
ALTER TABLE `gallery_campings`
  ADD PRIMARY KEY (`id`);

--
-- Indexes for table `gallery_event_activities`
--
ALTER TABLE `gallery_event_activities`
  ADD PRIMARY KEY (`id`);

--
-- Indexes for table `gallery_foods`
--
ALTER TABLE `gallery_foods`
  ADD PRIMARY KEY (`id`);

--
-- Indexes for table `gallery_infos`
--
ALTER TABLE `gallery_infos`
  ADD PRIMARY KEY (`id`);

--
-- Indexes for table `gallery_trekkings`
--
ALTER TABLE `gallery_trekkings`
  ADD PRIMARY KEY (`id`);

--
-- Indexes for table `gallery_waterfalls`
--
ALTER TABLE `gallery_waterfalls`
  ADD PRIMARY KEY (`id`);

--
-- Indexes for table `home_page_events`
--
ALTER TABLE `home_page_events`
  ADD PRIMARY KEY (`id`);

--
-- Indexes for table `menus`
--
ALTER TABLE `menus`
  ADD PRIMARY KEY (`id`),
  ADD UNIQUE KEY `menus_name_unique` (`name`);

--
-- Indexes for table `menu_items`
--
ALTER TABLE `menu_items`
  ADD PRIMARY KEY (`id`),
  ADD KEY `menu_items_menu_id_foreign` (`menu_id`);

--
-- Indexes for table `migrations`
--
ALTER TABLE `migrations`
  ADD PRIMARY KEY (`id`);

--
-- Indexes for table `newsletters`
--
ALTER TABLE `newsletters`
  ADD PRIMARY KEY (`id`);

--
-- Indexes for table `our_agents`
--
ALTER TABLE `our_agents`
  ADD PRIMARY KEY (`id`);

--
-- Indexes for table `pages`
--
ALTER TABLE `pages`
  ADD PRIMARY KEY (`id`),
  ADD UNIQUE KEY `pages_slug_unique` (`slug`);

--
-- Indexes for table `password_resets`
--
ALTER TABLE `password_resets`
  ADD KEY `password_resets_email_index` (`email`);

--
-- Indexes for table `permissions`
--
ALTER TABLE `permissions`
  ADD PRIMARY KEY (`id`),
  ADD KEY `permissions_key_index` (`key`);

--
-- Indexes for table `permission_role`
--
ALTER TABLE `permission_role`
  ADD PRIMARY KEY (`permission_id`,`role_id`),
  ADD KEY `permission_role_permission_id_index` (`permission_id`),
  ADD KEY `permission_role_role_id_index` (`role_id`);

--
-- Indexes for table `posts`
--
ALTER TABLE `posts`
  ADD PRIMARY KEY (`id`),
  ADD UNIQUE KEY `posts_slug_unique` (`slug`);

--
-- Indexes for table `roles`
--
ALTER TABLE `roles`
  ADD PRIMARY KEY (`id`),
  ADD UNIQUE KEY `roles_name_unique` (`name`);

--
-- Indexes for table `settings`
--
ALTER TABLE `settings`
  ADD PRIMARY KEY (`id`),
  ADD UNIQUE KEY `settings_key_unique` (`key`);

--
-- Indexes for table `sliders`
--
ALTER TABLE `sliders`
  ADD PRIMARY KEY (`id`);

--
-- Indexes for table `subscribes`
--
ALTER TABLE `subscribes`
  ADD PRIMARY KEY (`id`);

--
-- Indexes for table `translations`
--
ALTER TABLE `translations`
  ADD PRIMARY KEY (`id`),
  ADD UNIQUE KEY `translations_table_name_column_name_foreign_key_locale_unique` (`table_name`,`column_name`,`foreign_key`,`locale`);

--
-- Indexes for table `users`
--
ALTER TABLE `users`
  ADD PRIMARY KEY (`id`),
  ADD UNIQUE KEY `users_email_unique` (`email`),
  ADD KEY `users_role_id_foreign` (`role_id`);

--
-- Indexes for table `user_roles`
--
ALTER TABLE `user_roles`
  ADD PRIMARY KEY (`user_id`,`role_id`),
  ADD KEY `user_roles_user_id_index` (`user_id`),
  ADD KEY `user_roles_role_id_index` (`role_id`);

--
-- AUTO_INCREMENT for dumped tables
--

--
-- AUTO_INCREMENT for table `abouts`
--
ALTER TABLE `abouts`
  MODIFY `id` int(10) UNSIGNED NOT NULL AUTO_INCREMENT, AUTO_INCREMENT=2;

--
-- AUTO_INCREMENT for table `about_forests`
--
ALTER TABLE `about_forests`
  MODIFY `id` int(10) UNSIGNED NOT NULL AUTO_INCREMENT, AUTO_INCREMENT=2;

--
-- AUTO_INCREMENT for table `adventures`
--
ALTER TABLE `adventures`
  MODIFY `id` int(10) UNSIGNED NOT NULL AUTO_INCREMENT, AUTO_INCREMENT=4;

--
-- AUTO_INCREMENT for table `categories`
--
ALTER TABLE `categories`
  MODIFY `id` int(10) UNSIGNED NOT NULL AUTO_INCREMENT, AUTO_INCREMENT=3;

--
-- AUTO_INCREMENT for table `contacts`
--
ALTER TABLE `contacts`
  MODIFY `id` int(10) UNSIGNED NOT NULL AUTO_INCREMENT, AUTO_INCREMENT=2;

--
-- AUTO_INCREMENT for table `customers`
--
ALTER TABLE `customers`
  MODIFY `id` int(10) UNSIGNED NOT NULL AUTO_INCREMENT, AUTO_INCREMENT=16;

--
-- AUTO_INCREMENT for table `customer_says`
--
ALTER TABLE `customer_says`
  MODIFY `id` int(10) UNSIGNED NOT NULL AUTO_INCREMENT, AUTO_INCREMENT=3;

--
-- AUTO_INCREMENT for table `data_rows`
--
ALTER TABLE `data_rows`
  MODIFY `id` int(10) UNSIGNED NOT NULL AUTO_INCREMENT, AUTO_INCREMENT=204;

--
-- AUTO_INCREMENT for table `data_types`
--
ALTER TABLE `data_types`
  MODIFY `id` int(10) UNSIGNED NOT NULL AUTO_INCREMENT, AUTO_INCREMENT=44;

--
-- AUTO_INCREMENT for table `gallery_accommodations`
--
ALTER TABLE `gallery_accommodations`
  MODIFY `id` int(10) UNSIGNED NOT NULL AUTO_INCREMENT, AUTO_INCREMENT=5;

--
-- AUTO_INCREMENT for table `gallery_campings`
--
ALTER TABLE `gallery_campings`
  MODIFY `id` int(10) UNSIGNED NOT NULL AUTO_INCREMENT, AUTO_INCREMENT=5;

--
-- AUTO_INCREMENT for table `gallery_event_activities`
--
ALTER TABLE `gallery_event_activities`
  MODIFY `id` int(10) UNSIGNED NOT NULL AUTO_INCREMENT, AUTO_INCREMENT=24;

--
-- AUTO_INCREMENT for table `gallery_foods`
--
ALTER TABLE `gallery_foods`
  MODIFY `id` int(10) UNSIGNED NOT NULL AUTO_INCREMENT, AUTO_INCREMENT=4;

--
-- AUTO_INCREMENT for table `gallery_infos`
--
ALTER TABLE `gallery_infos`
  MODIFY `id` int(10) UNSIGNED NOT NULL AUTO_INCREMENT, AUTO_INCREMENT=2;

--
-- AUTO_INCREMENT for table `gallery_trekkings`
--
ALTER TABLE `gallery_trekkings`
  MODIFY `id` int(10) UNSIGNED NOT NULL AUTO_INCREMENT, AUTO_INCREMENT=6;

--
-- AUTO_INCREMENT for table `gallery_waterfalls`
--
ALTER TABLE `gallery_waterfalls`
  MODIFY `id` int(10) UNSIGNED NOT NULL AUTO_INCREMENT, AUTO_INCREMENT=6;

--
-- AUTO_INCREMENT for table `home_page_events`
--
ALTER TABLE `home_page_events`
  MODIFY `id` int(10) UNSIGNED NOT NULL AUTO_INCREMENT, AUTO_INCREMENT=3;

--
-- AUTO_INCREMENT for table `menus`
--
ALTER TABLE `menus`
  MODIFY `id` int(10) UNSIGNED NOT NULL AUTO_INCREMENT, AUTO_INCREMENT=2;

--
-- AUTO_INCREMENT for table `menu_items`
--
ALTER TABLE `menu_items`
  MODIFY `id` int(10) UNSIGNED NOT NULL AUTO_INCREMENT, AUTO_INCREMENT=44;

--
-- AUTO_INCREMENT for table `migrations`
--
ALTER TABLE `migrations`
  MODIFY `id` int(10) UNSIGNED NOT NULL AUTO_INCREMENT, AUTO_INCREMENT=28;

--
-- AUTO_INCREMENT for table `newsletters`
--
ALTER TABLE `newsletters`
  MODIFY `id` int(11) NOT NULL AUTO_INCREMENT, AUTO_INCREMENT=19;

--
-- AUTO_INCREMENT for table `our_agents`
--
ALTER TABLE `our_agents`
  MODIFY `id` int(10) UNSIGNED NOT NULL AUTO_INCREMENT, AUTO_INCREMENT=11;

--
-- AUTO_INCREMENT for table `pages`
--
ALTER TABLE `pages`
  MODIFY `id` int(10) UNSIGNED NOT NULL AUTO_INCREMENT, AUTO_INCREMENT=2;

--
-- AUTO_INCREMENT for table `permissions`
--
ALTER TABLE `permissions`
  MODIFY `id` int(10) UNSIGNED NOT NULL AUTO_INCREMENT, AUTO_INCREMENT=182;

--
-- AUTO_INCREMENT for table `posts`
--
ALTER TABLE `posts`
  MODIFY `id` int(10) UNSIGNED NOT NULL AUTO_INCREMENT, AUTO_INCREMENT=5;

--
-- AUTO_INCREMENT for table `roles`
--
ALTER TABLE `roles`
  MODIFY `id` int(10) UNSIGNED NOT NULL AUTO_INCREMENT, AUTO_INCREMENT=3;

--
-- AUTO_INCREMENT for table `settings`
--
ALTER TABLE `settings`
  MODIFY `id` int(10) UNSIGNED NOT NULL AUTO_INCREMENT, AUTO_INCREMENT=11;

--
-- AUTO_INCREMENT for table `sliders`
--
ALTER TABLE `sliders`
  MODIFY `id` int(10) UNSIGNED NOT NULL AUTO_INCREMENT, AUTO_INCREMENT=19;

--
-- AUTO_INCREMENT for table `subscribes`
--
ALTER TABLE `subscribes`
  MODIFY `id` int(10) UNSIGNED NOT NULL AUTO_INCREMENT, AUTO_INCREMENT=2;

--
-- AUTO_INCREMENT for table `translations`
--
ALTER TABLE `translations`
  MODIFY `id` int(10) UNSIGNED NOT NULL AUTO_INCREMENT, AUTO_INCREMENT=31;

--
-- AUTO_INCREMENT for table `users`
--
ALTER TABLE `users`
  MODIFY `id` int(10) UNSIGNED NOT NULL AUTO_INCREMENT, AUTO_INCREMENT=2;

--
-- Constraints for dumped tables
--

--
-- Constraints for table `categories`
--
ALTER TABLE `categories`
  ADD CONSTRAINT `categories_parent_id_foreign` FOREIGN KEY (`parent_id`) REFERENCES `categories` (`id`) ON DELETE SET NULL ON UPDATE CASCADE;

--
-- Constraints for table `data_rows`
--
ALTER TABLE `data_rows`
  ADD CONSTRAINT `data_rows_data_type_id_foreign` FOREIGN KEY (`data_type_id`) REFERENCES `data_types` (`id`) ON DELETE CASCADE ON UPDATE CASCADE;

--
-- Constraints for table `menu_items`
--
ALTER TABLE `menu_items`
  ADD CONSTRAINT `menu_items_menu_id_foreign` FOREIGN KEY (`menu_id`) REFERENCES `menus` (`id`) ON DELETE CASCADE;

--
-- Constraints for table `permission_role`
--
ALTER TABLE `permission_role`
  ADD CONSTRAINT `permission_role_permission_id_foreign` FOREIGN KEY (`permission_id`) REFERENCES `permissions` (`id`) ON DELETE CASCADE,
  ADD CONSTRAINT `permission_role_role_id_foreign` FOREIGN KEY (`role_id`) REFERENCES `roles` (`id`) ON DELETE CASCADE;

--
-- Constraints for table `users`
--
ALTER TABLE `users`
  ADD CONSTRAINT `users_role_id_foreign` FOREIGN KEY (`role_id`) REFERENCES `roles` (`id`);

--
-- Constraints for table `user_roles`
--
ALTER TABLE `user_roles`
  ADD CONSTRAINT `user_roles_role_id_foreign` FOREIGN KEY (`role_id`) REFERENCES `roles` (`id`) ON DELETE CASCADE,
  ADD CONSTRAINT `user_roles_user_id_foreign` FOREIGN KEY (`user_id`) REFERENCES `users` (`id`) ON DELETE CASCADE;
COMMIT;

/*!40101 SET CHARACTER_SET_CLIENT=@OLD_CHARACTER_SET_CLIENT */;
/*!40101 SET CHARACTER_SET_RESULTS=@OLD_CHARACTER_SET_RESULTS */;
/*!40101 SET COLLATION_CONNECTION=@OLD_COLLATION_CONNECTION */;
